ISO-10303-21;
HEADER;
/* Generated by software containing ST-Developer
 * from STEP Tools, Inc. (www.steptools.com) 
 */

FILE_DESCRIPTION(
/* description */ (''),
/* implementation_level */ '2;1');

FILE_NAME(
/* name */ 'Spulenschraube.step',
/* time_stamp */ '2026-04-08T18:26:15+02:00',
/* author */ (''),
/* organization */ (''),
/* preprocessor_version */ 'ST-DEVELOPER v20.1',
/* originating_system */ 'Autodesk Translation Framework v14.24.0.0',
/* authorisation */ '');

FILE_SCHEMA (('AUTOMOTIVE_DESIGN { 1 0 10303 214 3 1 1 }'));
ENDSEC;

DATA;
#10=MECHANICAL_DESIGN_GEOMETRIC_PRESENTATION_REPRESENTATION('',(#13),#7248);
#11=SHAPE_REPRESENTATION_RELATIONSHIP('SRR','None',#7255,#12);
#12=ADVANCED_BREP_SHAPE_REPRESENTATION('',(#14),#7247);
#13=STYLED_ITEM('',(#7264),#14);
#14=MANIFOLD_SOLID_BREP('K\X\F6rper1',#1090);
#15=B_SPLINE_SURFACE_WITH_KNOTS('',3,3,((#4362,#4363,#4364,#4365,#4366,
#4367,#4368,#4369,#4370,#4371,#4372,#4373,#4374,#4375,#4376,#4377,#4378,
#4379,#4380,#4381,#4382,#4383,#4384,#4385,#4386,#4387,#4388,#4389,#4390,
#4391,#4392,#4393,#4394,#4395,#4396,#4397,#4398,#4399,#4400,#4401,#4402,
#4403,#4404,#4405,#4406,#4407,#4408,#4409,#4410,#4411,#4412,#4413,#4414,
#4415,#4416,#4417,#4418,#4419,#4420,#4421,#4422,#4423,#4424,#4425,#4426,
#4427,#4428,#4429,#4430,#4431,#4432,#4433,#4434,#4435,#4436,#4437,#4438,
#4439,#4440,#4441,#4442,#4443,#4444,#4445,#4446,#4447,#4448,#4449,#4450,
#4451,#4452,#4453,#4454,#4455,#4456,#4457,#4458,#4459,#4460,#4461,#4462,
#4463,#4464,#4465,#4466,#4467,#4468,#4469,#4470,#4471,#4472,#4473,#4474,
#4475,#4476,#4477,#4478,#4479,#4480,#4481,#4482,#4483,#4484,#4485,#4486,
#4487,#4488,#4489,#4490,#4491,#4492,#4493,#4494,#4495,#4496,#4497,#4498,
#4499,#4500,#4501,#4502,#4503,#4504,#4505,#4506,#4507,#4508,#4509,#4510,
#4511,#4512,#4513,#4514,#4515,#4516,#4517,#4518,#4519,#4520,#4521,#4522,
#4523,#4524,#4525,#4526,#4527,#4528,#4529,#4530,#4531,#4532,#4533,#4534,
#4535,#4536,#4537,#4538,#4539,#4540,#4541,#4542,#4543,#4544,#4545,#4546,
#4547,#4548,#4549,#4550,#4551,#4552,#4553,#4554,#4555,#4556,#4557,#4558,
#4559,#4560,#4561,#4562,#4563,#4564,#4565,#4566,#4567,#4568,#4569,#4570,
#4571,#4572,#4573,#4574,#4575,#4576,#4577,#4578,#4579,#4580,#4581,#4582,
#4583,#4584,#4585,#4586,#4587,#4588,#4589,#4590,#4591,#4592,#4593,#4594,
#4595,#4596,#4597,#4598,#4599,#4600,#4601,#4602,#4603,#4604,#4605,#4606,
#4607,#4608,#4609,#4610,#4611,#4612,#4613,#4614,#4615,#4616,#4617,#4618,
#4619,#4620,#4621,#4622,#4623,#4624,#4625,#4626,#4627,#4628,#4629,#4630,
#4631,#4632,#4633,#4634,#4635,#4636,#4637,#4638,#4639,#4640,#4641,#4642,
#4643,#4644,#4645,#4646,#4647,#4648,#4649,#4650,#4651,#4652,#4653,#4654,
#4655,#4656,#4657,#4658,#4659,#4660,#4661,#4662,#4663,#4664),(#4665,#4666,
#4667,#4668,#4669,#4670,#4671,#4672,#4673,#4674,#4675,#4676,#4677,#4678,
#4679,#4680,#4681,#4682,#4683,#4684,#4685,#4686,#4687,#4688,#4689,#4690,
#4691,#4692,#4693,#4694,#4695,#4696,#4697,#4698,#4699,#4700,#4701,#4702,
#4703,#4704,#4705,#4706,#4707,#4708,#4709,#4710,#4711,#4712,#4713,#4714,
#4715,#4716,#4717,#4718,#4719,#4720,#4721,#4722,#4723,#4724,#4725,#4726,
#4727,#4728,#4729,#4730,#4731,#4732,#4733,#4734,#4735,#4736,#4737,#4738,
#4739,#4740,#4741,#4742,#4743,#4744,#4745,#4746,#4747,#4748,#4749,#4750,
#4751,#4752,#4753,#4754,#4755,#4756,#4757,#4758,#4759,#4760,#4761,#4762,
#4763,#4764,#4765,#4766,#4767,#4768,#4769,#4770,#4771,#4772,#4773,#4774,
#4775,#4776,#4777,#4778,#4779,#4780,#4781,#4782,#4783,#4784,#4785,#4786,
#4787,#4788,#4789,#4790,#4791,#4792,#4793,#4794,#4795,#4796,#4797,#4798,
#4799,#4800,#4801,#4802,#4803,#4804,#4805,#4806,#4807,#4808,#4809,#4810,
#4811,#4812,#4813,#4814,#4815,#4816,#4817,#4818,#4819,#4820,#4821,#4822,
#4823,#4824,#4825,#4826,#4827,#4828,#4829,#4830,#4831,#4832,#4833,#4834,
#4835,#4836,#4837,#4838,#4839,#4840,#4841,#4842,#4843,#4844,#4845,#4846,
#4847,#4848,#4849,#4850,#4851,#4852,#4853,#4854,#4855,#4856,#4857,#4858,
#4859,#4860,#4861,#4862,#4863,#4864,#4865,#4866,#4867,#4868,#4869,#4870,
#4871,#4872,#4873,#4874,#4875,#4876,#4877,#4878,#4879,#4880,#4881,#4882,
#4883,#4884,#4885,#4886,#4887,#4888,#4889,#4890,#4891,#4892,#4893,#4894,
#4895,#4896,#4897,#4898,#4899,#4900,#4901,#4902,#4903,#4904,#4905,#4906,
#4907,#4908,#4909,#4910,#4911,#4912,#4913,#4914,#4915,#4916,#4917,#4918,
#4919,#4920,#4921,#4922,#4923,#4924,#4925,#4926,#4927,#4928,#4929,#4930,
#4931,#4932,#4933,#4934,#4935,#4936,#4937,#4938,#4939,#4940,#4941,#4942,
#4943,#4944,#4945,#4946,#4947,#4948,#4949,#4950,#4951,#4952,#4953,#4954,
#4955,#4956,#4957,#4958,#4959,#4960,#4961,#4962,#4963,#4964,#4965,#4966,
#4967),(#4968,#4969,#4970,#4971,#4972,#4973,#4974,#4975,#4976,#4977,#4978,
#4979,#4980,#4981,#4982,#4983,#4984,#4985,#4986,#4987,#4988,#4989,#4990,
#4991,#4992,#4993,#4994,#4995,#4996,#4997,#4998,#4999,#5000,#5001,#5002,
#5003,#5004,#5005,#5006,#5007,#5008,#5009,#5010,#5011,#5012,#5013,#5014,
#5015,#5016,#5017,#5018,#5019,#5020,#5021,#5022,#5023,#5024,#5025,#5026,
#5027,#5028,#5029,#5030,#5031,#5032,#5033,#5034,#5035,#5036,#5037,#5038,
#5039,#5040,#5041,#5042,#5043,#5044,#5045,#5046,#5047,#5048,#5049,#5050,
#5051,#5052,#5053,#5054,#5055,#5056,#5057,#5058,#5059,#5060,#5061,#5062,
#5063,#5064,#5065,#5066,#5067,#5068,#5069,#5070,#5071,#5072,#5073,#5074,
#5075,#5076,#5077,#5078,#5079,#5080,#5081,#5082,#5083,#5084,#5085,#5086,
#5087,#5088,#5089,#5090,#5091,#5092,#5093,#5094,#5095,#5096,#5097,#5098,
#5099,#5100,#5101,#5102,#5103,#5104,#5105,#5106,#5107,#5108,#5109,#5110,
#5111,#5112,#5113,#5114,#5115,#5116,#5117,#5118,#5119,#5120,#5121,#5122,
#5123,#5124,#5125,#5126,#5127,#5128,#5129,#5130,#5131,#5132,#5133,#5134,
#5135,#5136,#5137,#5138,#5139,#5140,#5141,#5142,#5143,#5144,#5145,#5146,
#5147,#5148,#5149,#5150,#5151,#5152,#5153,#5154,#5155,#5156,#5157,#5158,
#5159,#5160,#5161,#5162,#5163,#5164,#5165,#5166,#5167,#5168,#5169,#5170,
#5171,#5172,#5173,#5174,#5175,#5176,#5177,#5178,#5179,#5180,#5181,#5182,
#5183,#5184,#5185,#5186,#5187,#5188,#5189,#5190,#5191,#5192,#5193,#5194,
#5195,#5196,#5197,#5198,#5199,#5200,#5201,#5202,#5203,#5204,#5205,#5206,
#5207,#5208,#5209,#5210,#5211,#5212,#5213,#5214,#5215,#5216,#5217,#5218,
#5219,#5220,#5221,#5222,#5223,#5224,#5225,#5226,#5227,#5228,#5229,#5230,
#5231,#5232,#5233,#5234,#5235,#5236,#5237,#5238,#5239,#5240,#5241,#5242,
#5243,#5244,#5245,#5246,#5247,#5248,#5249,#5250,#5251,#5252,#5253,#5254,
#5255,#5256,#5257,#5258,#5259,#5260,#5261,#5262,#5263,#5264,#5265,#5266,
#5267,#5268,#5269,#5270),(#5271,#5272,#5273,#5274,#5275,#5276,#5277,#5278,
#5279,#5280,#5281,#5282,#5283,#5284,#5285,#5286,#5287,#5288,#5289,#5290,
#5291,#5292,#5293,#5294,#5295,#5296,#5297,#5298,#5299,#5300,#5301,#5302,
#5303,#5304,#5305,#5306,#5307,#5308,#5309,#5310,#5311,#5312,#5313,#5314,
#5315,#5316,#5317,#5318,#5319,#5320,#5321,#5322,#5323,#5324,#5325,#5326,
#5327,#5328,#5329,#5330,#5331,#5332,#5333,#5334,#5335,#5336,#5337,#5338,
#5339,#5340,#5341,#5342,#5343,#5344,#5345,#5346,#5347,#5348,#5349,#5350,
#5351,#5352,#5353,#5354,#5355,#5356,#5357,#5358,#5359,#5360,#5361,#5362,
#5363,#5364,#5365,#5366,#5367,#5368,#5369,#5370,#5371,#5372,#5373,#5374,
#5375,#5376,#5377,#5378,#5379,#5380,#5381,#5382,#5383,#5384,#5385,#5386,
#5387,#5388,#5389,#5390,#5391,#5392,#5393,#5394,#5395,#5396,#5397,#5398,
#5399,#5400,#5401,#5402,#5403,#5404,#5405,#5406,#5407,#5408,#5409,#5410,
#5411,#5412,#5413,#5414,#5415,#5416,#5417,#5418,#5419,#5420,#5421,#5422,
#5423,#5424,#5425,#5426,#5427,#5428,#5429,#5430,#5431,#5432,#5433,#5434,
#5435,#5436,#5437,#5438,#5439,#5440,#5441,#5442,#5443,#5444,#5445,#5446,
#5447,#5448,#5449,#5450,#5451,#5452,#5453,#5454,#5455,#5456,#5457,#5458,
#5459,#5460,#5461,#5462,#5463,#5464,#5465,#5466,#5467,#5468,#5469,#5470,
#5471,#5472,#5473,#5474,#5475,#5476,#5477,#5478,#5479,#5480,#5481,#5482,
#5483,#5484,#5485,#5486,#5487,#5488,#5489,#5490,#5491,#5492,#5493,#5494,
#5495,#5496,#5497,#5498,#5499,#5500,#5501,#5502,#5503,#5504,#5505,#5506,
#5507,#5508,#5509,#5510,#5511,#5512,#5513,#5514,#5515,#5516,#5517,#5518,
#5519,#5520,#5521,#5522,#5523,#5524,#5525,#5526,#5527,#5528,#5529,#5530,
#5531,#5532,#5533,#5534,#5535,#5536,#5537,#5538,#5539,#5540,#5541,#5542,
#5543,#5544,#5545,#5546,#5547,#5548,#5549,#5550,#5551,#5552,#5553,#5554,
#5555,#5556,#5557,#5558,#5559,#5560,#5561,#5562,#5563,#5564,#5565,#5566,
#5567,#5568,#5569,#5570,#5571,#5572,#5573)),.UNSPECIFIED.,.F.,.F.,.F.,(4,
4),(4,1,1,1,1,1,1,1,1,1,1,1,1,1,1,1,1,1,1,1,1,1,1,1,1,1,1,1,1,1,1,1,1,1,
1,1,1,1,1,1,1,1,1,1,1,1,1,1,1,1,1,1,1,1,1,1,1,1,1,1,1,1,1,1,1,1,1,1,1,1,
1,1,1,1,1,1,1,1,1,1,1,1,1,1,1,1,1,1,1,1,1,1,1,1,1,1,1,1,1,1,1,1,1,1,1,1,
1,1,1,1,1,1,1,1,1,1,1,1,1,1,1,1,1,1,1,1,1,1,1,1,1,1,1,1,1,1,1,1,1,1,1,1,
1,1,1,1,1,1,1,1,1,1,1,1,1,1,1,1,1,1,1,1,1,1,1,1,1,1,1,1,1,1,1,1,1,1,1,1,
1,1,1,1,1,1,1,1,1,1,1,1,1,1,1,1,1,1,1,1,1,1,1,1,1,1,1,1,1,1,1,1,1,1,1,1,
1,1,1,1,1,1,1,1,1,1,1,1,1,1,1,1,1,1,1,1,1,1,1,1,1,1,1,1,1,1,1,1,1,1,1,1,
1,1,1,1,1,1,1,1,1,1,1,1,1,1,1,1,1,1,1,1,1,1,1,1,1,1,1,1,1,1,1,1,1,1,1,1,
1,1,1,1,1,1,1,1,1,1,1,1,1,1,4),(0.,0.23619826056056),(13.6999637066351,
14.1972140812156,14.694464455796,15.1917148303765,15.6889652049569,16.1862155795374,
16.6834659541178,17.1807163286983,17.6779667032788,18.1752170778592,18.6724674524397,
19.1697178270201,19.6669682016006,20.164218576181,20.6614689507615,21.1587193253419,
21.6559696999224,22.1532200745029,22.6504704490833,23.1477208236638,23.6449711982442,
24.1422215728247,24.6394719474051,25.1367223219856,25.633972696566,26.1312230711465,
26.628473445727,27.1257238203074,27.6229741948879,28.1202245694683,28.6174749440488,
29.1147253186292,29.6119756932097,30.1092260677901,30.6064764423706,31.1037268169511,
31.6009771915315,32.098227566112,32.5954779406924,33.0927283152729,33.5899786898533,
34.0872290644338,34.5844794390142,35.0817298135947,35.5789801881752,36.0762305627556,
36.5734809373361,37.0707313119165,37.567981686497,38.0652320610774,38.5624824356579,
39.0597328102383,39.5569831848188,40.0542335593993,40.5514839339797,41.0487343085602,
41.5459846831406,42.0432350577211,42.5404854323015,43.037735806882,43.5349861814624,
44.0322365560429,44.5294869306233,45.0267373052038,45.5239876797843,46.0212380543647,
46.5184884289452,47.0157388035256,47.5129891781061,48.0102395526865,48.507489927267,
49.0047403018474,49.5019906764279,49.9992410510084,50.4964914255888,50.9937418001693,
51.4909921747497,51.9882425493302,52.4854929239106,52.9827432984911,53.4799936730715,
53.977244047652,54.4744944222324,54.9717447968129,55.4689951713934,55.9662455459738,
56.4634959205543,56.9607462951347,57.4579966697152,57.9552470442956,58.4524974188761,
58.9497477934565,59.446998168037,59.9442485426175,60.4414989171979,60.9387492917784,
61.4359996663588,61.9332500409393,62.4305004155197,62.9277507901002,63.4250011646806,
63.9222515392611,64.4195019138416,64.916752288422,65.4140026630025,65.9112530375829,
66.4085034121634,66.9057537867438,67.4030041613243,67.9002545359047,68.3975049104852,
68.8947552850657,69.3920056596461,69.8892560342266,70.386506408807,70.8837567833875,
71.3810071579679,71.8782575325484,72.3755079071288,72.8727582817093,73.3700086562898,
73.8672590308702,74.3645094054507,74.8617597800311,75.3590101546116,75.856260529192,
76.3535109037725,76.8507612783529,77.3480116529334,77.8452620275139,78.3425124020943,
78.8397627766747,79.3370131512552,79.8342635258357,80.3315139004161,80.8287642749966,
81.326014649577,81.8232650241575,82.3205153987379,82.8177657733184,83.3150161478988,
83.8122665224793,84.3095168970598,84.8067672716402,85.3040176462207,85.8012680208011,
86.2985183953816,86.795768769962,87.2930191445425,87.7902695191229,88.2875198937034,
88.7847702682839,89.2820206428643,89.7792710174448,90.2765213920252,90.7737717666057,
91.2710221411861,91.7682725157666,92.265522890347,92.7627732649275,93.2600236395079,
93.7572740140884,94.2545243886689,94.7517747632493,95.2490251378298,95.7462755124102,
96.2435258869907,96.7407762615711,97.2380266361516,97.7352770107321,98.2325273853125,
98.729777759893,99.2270281344734,99.7242785090539,100.221528883634,100.718779258215,
101.216029632795,101.713280007376,102.210530381956,102.707780756537,103.205031131117,
103.702281505698,104.199531880278,104.696782254858,105.194032629439,105.691283004019,
106.1885333786,106.68578375318,107.183034127761,107.680284502341,108.177534876922,
108.674785251502,109.172035626083,109.669286000663,110.166536375243,110.663786749824,
111.161037124404,111.658287498985,112.155537873565,112.652788248146,113.150038622726,
113.647288997307,114.144539371887,114.641789746468,115.139040121048,115.636290495628,
116.133540870209,116.630791244789,117.12804161937,117.62529199395,118.122542368531,
118.619792743111,119.117043117692,119.614293492272,120.111543866853,120.608794241433,
121.106044616013,121.603294990594,122.100545365174,122.597795739755,123.095046114335,
123.592296488916,124.089546863496,124.586797238077,125.084047612657,125.581297987238,
126.078548361818,126.575798736398,127.073049110979,127.570299485559,128.06754986014,
128.56480023472,129.062050609301,129.559300983881,130.056551358462,130.553801733042,
131.051052107623,131.548302482203,132.045552856783,132.542803231364,133.040053605944,
133.537303980525,134.034554355105,134.531804729686,135.029055104266,135.526305478847,
136.023555853427,136.520806228008,137.018056602588,137.515306977168,138.012557351749,
138.509807726329,139.00705810091,139.50430847549,140.001558850071,140.498809224651,
140.996059599232,141.493309973812,141.990560348393,142.487810722973,142.985061097553,
143.482311472134,143.979561846714,144.476812221295,144.974062595875,145.471312970456,
145.968563345036,146.465813719617,146.963064094197,147.460314468778,147.957564843358,
148.454815217938,148.952065592519,149.449315967099,149.94656634168,150.44381671626,
150.941067090841,151.438317465421,151.935567840002,152.432818214582,152.930068589163,
153.427318963743,153.924569338323,154.421819712904,154.919070087484,155.416320462065,
155.913570836645,156.410821211226,156.908071585806,157.405321960387,157.902572334967,
158.399822709548,158.897073084128,159.394323458708,159.891573833289,160.388824207869,
160.88607458245,161.38332495703,161.880575331611,162.377825706191,162.875076080772),
 .UNSPECIFIED.);
#16=B_SPLINE_SURFACE_WITH_KNOTS('',3,3,((#6005,#6006,#6007,#6008,#6009,
#6010,#6011,#6012,#6013,#6014,#6015,#6016,#6017,#6018,#6019,#6020,#6021,
#6022,#6023,#6024,#6025,#6026,#6027,#6028,#6029,#6030,#6031,#6032,#6033,
#6034,#6035,#6036,#6037,#6038,#6039,#6040,#6041,#6042,#6043,#6044,#6045,
#6046,#6047,#6048,#6049,#6050,#6051,#6052,#6053,#6054,#6055,#6056,#6057,
#6058,#6059,#6060,#6061,#6062,#6063,#6064,#6065,#6066,#6067,#6068,#6069,
#6070,#6071,#6072,#6073,#6074,#6075,#6076,#6077,#6078,#6079,#6080,#6081,
#6082,#6083,#6084,#6085,#6086,#6087,#6088,#6089,#6090,#6091,#6092,#6093,
#6094,#6095,#6096,#6097,#6098,#6099,#6100,#6101,#6102,#6103,#6104,#6105,
#6106,#6107,#6108,#6109,#6110,#6111,#6112,#6113,#6114,#6115,#6116,#6117,
#6118,#6119,#6120,#6121,#6122,#6123,#6124,#6125,#6126,#6127,#6128,#6129,
#6130,#6131,#6132,#6133,#6134,#6135,#6136,#6137,#6138,#6139,#6140,#6141,
#6142,#6143,#6144,#6145,#6146,#6147,#6148,#6149,#6150,#6151,#6152,#6153,
#6154,#6155,#6156,#6157,#6158,#6159,#6160,#6161,#6162,#6163,#6164,#6165,
#6166,#6167,#6168,#6169,#6170,#6171,#6172,#6173,#6174,#6175,#6176,#6177,
#6178,#6179,#6180,#6181,#6182,#6183,#6184,#6185,#6186,#6187,#6188,#6189,
#6190,#6191,#6192,#6193,#6194,#6195,#6196,#6197,#6198,#6199,#6200,#6201,
#6202,#6203,#6204,#6205,#6206,#6207,#6208,#6209,#6210,#6211,#6212,#6213,
#6214,#6215,#6216,#6217,#6218,#6219,#6220,#6221,#6222,#6223,#6224,#6225,
#6226,#6227,#6228,#6229,#6230,#6231,#6232,#6233,#6234,#6235,#6236,#6237,
#6238,#6239,#6240,#6241,#6242,#6243,#6244,#6245,#6246,#6247,#6248,#6249,
#6250,#6251,#6252,#6253,#6254,#6255,#6256,#6257,#6258,#6259,#6260,#6261,
#6262,#6263,#6264,#6265,#6266,#6267,#6268,#6269,#6270,#6271,#6272,#6273,
#6274,#6275,#6276,#6277,#6278,#6279,#6280,#6281,#6282,#6283,#6284,#6285,
#6286,#6287,#6288,#6289,#6290,#6291,#6292,#6293,#6294,#6295,#6296,#6297,
#6298,#6299,#6300,#6301,#6302,#6303,#6304,#6305),(#6306,#6307,#6308,#6309,
#6310,#6311,#6312,#6313,#6314,#6315,#6316,#6317,#6318,#6319,#6320,#6321,
#6322,#6323,#6324,#6325,#6326,#6327,#6328,#6329,#6330,#6331,#6332,#6333,
#6334,#6335,#6336,#6337,#6338,#6339,#6340,#6341,#6342,#6343,#6344,#6345,
#6346,#6347,#6348,#6349,#6350,#6351,#6352,#6353,#6354,#6355,#6356,#6357,
#6358,#6359,#6360,#6361,#6362,#6363,#6364,#6365,#6366,#6367,#6368,#6369,
#6370,#6371,#6372,#6373,#6374,#6375,#6376,#6377,#6378,#6379,#6380,#6381,
#6382,#6383,#6384,#6385,#6386,#6387,#6388,#6389,#6390,#6391,#6392,#6393,
#6394,#6395,#6396,#6397,#6398,#6399,#6400,#6401,#6402,#6403,#6404,#6405,
#6406,#6407,#6408,#6409,#6410,#6411,#6412,#6413,#6414,#6415,#6416,#6417,
#6418,#6419,#6420,#6421,#6422,#6423,#6424,#6425,#6426,#6427,#6428,#6429,
#6430,#6431,#6432,#6433,#6434,#6435,#6436,#6437,#6438,#6439,#6440,#6441,
#6442,#6443,#6444,#6445,#6446,#6447,#6448,#6449,#6450,#6451,#6452,#6453,
#6454,#6455,#6456,#6457,#6458,#6459,#6460,#6461,#6462,#6463,#6464,#6465,
#6466,#6467,#6468,#6469,#6470,#6471,#6472,#6473,#6474,#6475,#6476,#6477,
#6478,#6479,#6480,#6481,#6482,#6483,#6484,#6485,#6486,#6487,#6488,#6489,
#6490,#6491,#6492,#6493,#6494,#6495,#6496,#6497,#6498,#6499,#6500,#6501,
#6502,#6503,#6504,#6505,#6506,#6507,#6508,#6509,#6510,#6511,#6512,#6513,
#6514,#6515,#6516,#6517,#6518,#6519,#6520,#6521,#6522,#6523,#6524,#6525,
#6526,#6527,#6528,#6529,#6530,#6531,#6532,#6533,#6534,#6535,#6536,#6537,
#6538,#6539,#6540,#6541,#6542,#6543,#6544,#6545,#6546,#6547,#6548,#6549,
#6550,#6551,#6552,#6553,#6554,#6555,#6556,#6557,#6558,#6559,#6560,#6561,
#6562,#6563,#6564,#6565,#6566,#6567,#6568,#6569,#6570,#6571,#6572,#6573,
#6574,#6575,#6576,#6577,#6578,#6579,#6580,#6581,#6582,#6583,#6584,#6585,
#6586,#6587,#6588,#6589,#6590,#6591,#6592,#6593,#6594,#6595,#6596,#6597,
#6598,#6599,#6600,#6601,#6602,#6603,#6604,#6605,#6606),(#6607,#6608,#6609,
#6610,#6611,#6612,#6613,#6614,#6615,#6616,#6617,#6618,#6619,#6620,#6621,
#6622,#6623,#6624,#6625,#6626,#6627,#6628,#6629,#6630,#6631,#6632,#6633,
#6634,#6635,#6636,#6637,#6638,#6639,#6640,#6641,#6642,#6643,#6644,#6645,
#6646,#6647,#6648,#6649,#6650,#6651,#6652,#6653,#6654,#6655,#6656,#6657,
#6658,#6659,#6660,#6661,#6662,#6663,#6664,#6665,#6666,#6667,#6668,#6669,
#6670,#6671,#6672,#6673,#6674,#6675,#6676,#6677,#6678,#6679,#6680,#6681,
#6682,#6683,#6684,#6685,#6686,#6687,#6688,#6689,#6690,#6691,#6692,#6693,
#6694,#6695,#6696,#6697,#6698,#6699,#6700,#6701,#6702,#6703,#6704,#6705,
#6706,#6707,#6708,#6709,#6710,#6711,#6712,#6713,#6714,#6715,#6716,#6717,
#6718,#6719,#6720,#6721,#6722,#6723,#6724,#6725,#6726,#6727,#6728,#6729,
#6730,#6731,#6732,#6733,#6734,#6735,#6736,#6737,#6738,#6739,#6740,#6741,
#6742,#6743,#6744,#6745,#6746,#6747,#6748,#6749,#6750,#6751,#6752,#6753,
#6754,#6755,#6756,#6757,#6758,#6759,#6760,#6761,#6762,#6763,#6764,#6765,
#6766,#6767,#6768,#6769,#6770,#6771,#6772,#6773,#6774,#6775,#6776,#6777,
#6778,#6779,#6780,#6781,#6782,#6783,#6784,#6785,#6786,#6787,#6788,#6789,
#6790,#6791,#6792,#6793,#6794,#6795,#6796,#6797,#6798,#6799,#6800,#6801,
#6802,#6803,#6804,#6805,#6806,#6807,#6808,#6809,#6810,#6811,#6812,#6813,
#6814,#6815,#6816,#6817,#6818,#6819,#6820,#6821,#6822,#6823,#6824,#6825,
#6826,#6827,#6828,#6829,#6830,#6831,#6832,#6833,#6834,#6835,#6836,#6837,
#6838,#6839,#6840,#6841,#6842,#6843,#6844,#6845,#6846,#6847,#6848,#6849,
#6850,#6851,#6852,#6853,#6854,#6855,#6856,#6857,#6858,#6859,#6860,#6861,
#6862,#6863,#6864,#6865,#6866,#6867,#6868,#6869,#6870,#6871,#6872,#6873,
#6874,#6875,#6876,#6877,#6878,#6879,#6880,#6881,#6882,#6883,#6884,#6885,
#6886,#6887,#6888,#6889,#6890,#6891,#6892,#6893,#6894,#6895,#6896,#6897,
#6898,#6899,#6900,#6901,#6902,#6903,#6904,#6905,#6906,#6907),(#6908,#6909,
#6910,#6911,#6912,#6913,#6914,#6915,#6916,#6917,#6918,#6919,#6920,#6921,
#6922,#6923,#6924,#6925,#6926,#6927,#6928,#6929,#6930,#6931,#6932,#6933,
#6934,#6935,#6936,#6937,#6938,#6939,#6940,#6941,#6942,#6943,#6944,#6945,
#6946,#6947,#6948,#6949,#6950,#6951,#6952,#6953,#6954,#6955,#6956,#6957,
#6958,#6959,#6960,#6961,#6962,#6963,#6964,#6965,#6966,#6967,#6968,#6969,
#6970,#6971,#6972,#6973,#6974,#6975,#6976,#6977,#6978,#6979,#6980,#6981,
#6982,#6983,#6984,#6985,#6986,#6987,#6988,#6989,#6990,#6991,#6992,#6993,
#6994,#6995,#6996,#6997,#6998,#6999,#7000,#7001,#7002,#7003,#7004,#7005,
#7006,#7007,#7008,#7009,#7010,#7011,#7012,#7013,#7014,#7015,#7016,#7017,
#7018,#7019,#7020,#7021,#7022,#7023,#7024,#7025,#7026,#7027,#7028,#7029,
#7030,#7031,#7032,#7033,#7034,#7035,#7036,#7037,#7038,#7039,#7040,#7041,
#7042,#7043,#7044,#7045,#7046,#7047,#7048,#7049,#7050,#7051,#7052,#7053,
#7054,#7055,#7056,#7057,#7058,#7059,#7060,#7061,#7062,#7063,#7064,#7065,
#7066,#7067,#7068,#7069,#7070,#7071,#7072,#7073,#7074,#7075,#7076,#7077,
#7078,#7079,#7080,#7081,#7082,#7083,#7084,#7085,#7086,#7087,#7088,#7089,
#7090,#7091,#7092,#7093,#7094,#7095,#7096,#7097,#7098,#7099,#7100,#7101,
#7102,#7103,#7104,#7105,#7106,#7107,#7108,#7109,#7110,#7111,#7112,#7113,
#7114,#7115,#7116,#7117,#7118,#7119,#7120,#7121,#7122,#7123,#7124,#7125,
#7126,#7127,#7128,#7129,#7130,#7131,#7132,#7133,#7134,#7135,#7136,#7137,
#7138,#7139,#7140,#7141,#7142,#7143,#7144,#7145,#7146,#7147,#7148,#7149,
#7150,#7151,#7152,#7153,#7154,#7155,#7156,#7157,#7158,#7159,#7160,#7161,
#7162,#7163,#7164,#7165,#7166,#7167,#7168,#7169,#7170,#7171,#7172,#7173,
#7174,#7175,#7176,#7177,#7178,#7179,#7180,#7181,#7182,#7183,#7184,#7185,
#7186,#7187,#7188,#7189,#7190,#7191,#7192,#7193,#7194,#7195,#7196,#7197,
#7198,#7199,#7200,#7201,#7202,#7203,#7204,#7205,#7206,#7207,#7208)),
 .UNSPECIFIED.,.F.,.F.,.F.,(4,4),(4,1,1,1,1,1,1,1,1,1,1,1,1,1,1,1,1,1,1,
1,1,1,1,1,1,1,1,1,1,1,1,1,1,1,1,1,1,1,1,1,1,1,1,1,1,1,1,1,1,1,1,1,1,1,1,
1,1,1,1,1,1,1,1,1,1,1,1,1,1,1,1,1,1,1,1,1,1,1,1,1,1,1,1,1,1,1,1,1,1,1,1,
1,1,1,1,1,1,1,1,1,1,1,1,1,1,1,1,1,1,1,1,1,1,1,1,1,1,1,1,1,1,1,1,1,1,1,1,
1,1,1,1,1,1,1,1,1,1,1,1,1,1,1,1,1,1,1,1,1,1,1,1,1,1,1,1,1,1,1,1,1,1,1,1,
1,1,1,1,1,1,1,1,1,1,1,1,1,1,1,1,1,1,1,1,1,1,1,1,1,1,1,1,1,1,1,1,1,1,1,1,
1,1,1,1,1,1,1,1,1,1,1,1,1,1,1,1,1,1,1,1,1,1,1,1,1,1,1,1,1,1,1,1,1,1,1,1,
1,1,1,1,1,1,1,1,1,1,1,1,1,1,1,1,1,1,1,1,1,1,1,1,1,1,1,1,1,1,1,1,1,1,1,1,
1,1,1,1,1,1,1,1,1,1,1,1,1,1,1,1,1,1,1,1,1,1,1,1,1,1,1,4),(0.,0.23619826056056),
(16.7556940643483,17.2530593113591,17.7504245583699,18.2477898053807,18.7451550523915,
19.2425202994023,19.7398855464132,20.237250793424,20.7346160404348,21.2319812874456,
21.7293465344564,22.2267117814672,22.724077028478,23.2214422754888,23.7188075224997,
24.2161727695105,24.7135380165213,25.2109032635321,25.7082685105429,26.2056337575537,
26.7029990045645,27.2003642515753,27.6977294985862,28.195094745597,28.6924599926078,
29.1898252396186,29.6871904866294,30.1845557336402,30.681920980651,31.1792862276618,
31.6766514746727,32.1740167216835,32.6713819686943,33.1687472157051,33.6661124627159,
34.1634777097267,34.6608429567375,35.1582082037483,35.6555734507591,36.15293869777,
36.6503039447808,37.1476691917916,37.6450344388024,38.1423996858132,38.639764932824,
39.1371301798348,39.6344954268457,40.1318606738565,40.6292259208673,41.1265911678781,
41.6239564148889,42.1213216618997,42.6186869089105,43.1160521559213,43.6134174029322,
44.110782649943,44.6081478969538,45.1055131439646,45.6028783909754,46.1002436379862,
46.597608884997,47.0949741320078,47.5923393790187,48.0897046260295,48.5870698730403,
49.0844351200511,49.5818003670619,50.0791656140727,50.5765308610835,51.0738961080943,
51.5712613551052,52.068626602116,52.5659918491268,53.0633570961376,53.5607223431484,
54.0580875901592,54.55545283717,55.0528180841808,55.5501833311917,56.0475485782025,
56.5449138252133,57.0422790722241,57.5396443192349,58.0370095662457,58.5343748132565,
59.0317400602673,59.5291053072782,60.026470554289,60.5238358012998,61.0212010483106,
61.5185662953214,62.0159315423322,62.513296789343,63.0106620363538,63.5080272833647,
64.0053925303755,64.5027577773863,65.0001230243971,65.4974882714079,65.9948535184187,
66.4922187654295,66.9895840124403,67.4869492594512,67.984314506462,68.4816797534728,
68.9790450004836,69.4764102474944,69.9737754945052,70.471140741516,70.9685059885269,
71.4658712355377,71.9632364825485,72.4606017295593,72.9579669765701,73.4553322235809,
73.9526974705917,74.4500627176025,74.9474279646134,75.4447932116242,75.942158458635,
76.4395237056458,76.9368889526566,77.4342541996674,77.9316194466782,78.428984693689,
78.9263499406999,79.4237151877107,79.9210804347215,80.4184456817323,80.9158109287431,
81.4131761757539,81.9105414227647,82.4079066697755,82.9052719167863,83.4026371637972,
83.900002410808,84.3973676578188,84.8947329048296,85.3920981518404,85.8894633988512,
86.386828645862,86.8841938928728,87.3815591398837,87.8789243868945,88.3762896339053,
88.8736548809161,89.3710201279269,89.8683853749377,90.3657506219485,90.8631158689593,
91.3604811159702,91.857846362981,92.3552116099918,92.8525768570026,93.3499421040134,
93.8473073510242,94.344672598035,94.8420378450459,95.3394030920567,95.8367683390675,
96.3341335860783,96.8314988330891,97.3288640800999,97.8262293271107,98.3235945741215,
98.8209598211324,99.3183250681432,99.815690315154,100.313055562165,100.810420809176,
101.307786056186,101.805151303197,102.302516550208,102.799881797219,103.29724704423,
103.79461229124,104.291977538251,104.789342785262,105.286708032273,105.784073279284,
106.281438526295,106.778803773305,107.276169020316,107.773534267327,108.270899514338,
108.768264761349,109.265630008359,109.76299525537,110.260360502381,110.757725749392,
111.255090996403,111.752456243413,112.249821490424,112.747186737435,113.244551984446,
113.741917231457,114.239282478468,114.736647725478,115.234012972489,115.7313782195,
116.228743466511,116.726108713522,117.223473960532,117.720839207543,118.218204454554,
118.715569701565,119.212934948576,119.710300195586,120.207665442597,120.705030689608,
121.202395936619,121.69976118363,122.197126430641,122.694491677651,123.191856924662,
123.689222171673,124.186587418684,124.683952665695,125.181317912705,125.678683159716,
126.176048406727,126.673413653738,127.170778900749,127.668144147759,128.16550939477,
128.662874641781,129.160239888792,129.657605135803,130.154970382814,130.652335629824,
131.149700876835,131.647066123846,132.144431370857,132.641796617868,133.139161864878,
133.636527111889,134.1338923589,134.631257605911,135.128622852922,135.625988099932,
136.123353346943,136.620718593954,137.118083840965,137.615449087976,138.112814334987,
138.610179581997,139.107544829008,139.604910076019,140.10227532303,140.599640570041,
141.097005817051,141.594371064062,142.091736311073,142.589101558084,143.086466805095,
143.583832052105,144.081197299116,144.578562546127,145.075927793138,145.573293040149,
146.07065828716,146.56802353417,147.065388781181,147.562754028192,148.060119275203,
148.557484522214,149.054849769224,149.552215016235,150.049580263246,150.546945510257,
151.044310757268,151.541676004278,152.039041251289,152.5364064983,153.033771745311,
153.531136992322,154.028502239333,154.525867486343,155.023232733354,155.520597980365,
156.017963227376,156.515328474387,157.012693721397,157.510058968408,158.007424215419,
158.50478946243,159.002154709441,159.499519956451,159.996885203462,160.494250450473,
160.991615697484,161.488980944495,161.986346191506,162.483711438516,162.981076685527,
163.478441932538,163.975807179549,164.47317242656,164.97053767357),
 .UNSPECIFIED.);
#17=FACE_BOUND('',#135,.T.);
#18=FACE_BOUND('',#145,.T.);
#19=PLANE('',#1157);
#20=PLANE('',#1164);
#21=PLANE('',#1171);
#22=PLANE('',#1174);
#23=CONICAL_SURFACE('',#1154,14.5,0.785398163397448);
#24=CONICAL_SURFACE('',#1160,5.5,0.785398163397365);
#25=CONICAL_SURFACE('',#1165,15.5,0.785398163397448);
#26=FACE_OUTER_BOUND('',#86,.T.);
#27=FACE_OUTER_BOUND('',#87,.T.);
#28=FACE_OUTER_BOUND('',#88,.T.);
#29=FACE_OUTER_BOUND('',#89,.T.);
#30=FACE_OUTER_BOUND('',#90,.T.);
#31=FACE_OUTER_BOUND('',#91,.T.);
#32=FACE_OUTER_BOUND('',#92,.T.);
#33=FACE_OUTER_BOUND('',#93,.T.);
#34=FACE_OUTER_BOUND('',#94,.T.);
#35=FACE_OUTER_BOUND('',#95,.T.);
#36=FACE_OUTER_BOUND('',#96,.T.);
#37=FACE_OUTER_BOUND('',#97,.T.);
#38=FACE_OUTER_BOUND('',#98,.T.);
#39=FACE_OUTER_BOUND('',#99,.T.);
#40=FACE_OUTER_BOUND('',#100,.T.);
#41=FACE_OUTER_BOUND('',#101,.T.);
#42=FACE_OUTER_BOUND('',#102,.T.);
#43=FACE_OUTER_BOUND('',#103,.T.);
#44=FACE_OUTER_BOUND('',#104,.T.);
#45=FACE_OUTER_BOUND('',#105,.T.);
#46=FACE_OUTER_BOUND('',#106,.T.);
#47=FACE_OUTER_BOUND('',#107,.T.);
#48=FACE_OUTER_BOUND('',#108,.T.);
#49=FACE_OUTER_BOUND('',#109,.T.);
#50=FACE_OUTER_BOUND('',#110,.T.);
#51=FACE_OUTER_BOUND('',#111,.T.);
#52=FACE_OUTER_BOUND('',#112,.T.);
#53=FACE_OUTER_BOUND('',#113,.T.);
#54=FACE_OUTER_BOUND('',#114,.T.);
#55=FACE_OUTER_BOUND('',#115,.T.);
#56=FACE_OUTER_BOUND('',#116,.T.);
#57=FACE_OUTER_BOUND('',#117,.T.);
#58=FACE_OUTER_BOUND('',#118,.T.);
#59=FACE_OUTER_BOUND('',#119,.T.);
#60=FACE_OUTER_BOUND('',#120,.T.);
#61=FACE_OUTER_BOUND('',#121,.T.);
#62=FACE_OUTER_BOUND('',#122,.T.);
#63=FACE_OUTER_BOUND('',#123,.T.);
#64=FACE_OUTER_BOUND('',#124,.T.);
#65=FACE_OUTER_BOUND('',#125,.T.);
#66=FACE_OUTER_BOUND('',#126,.T.);
#67=FACE_OUTER_BOUND('',#127,.T.);
#68=FACE_OUTER_BOUND('',#128,.T.);
#69=FACE_OUTER_BOUND('',#129,.T.);
#70=FACE_OUTER_BOUND('',#130,.T.);
#71=FACE_OUTER_BOUND('',#131,.T.);
#72=FACE_OUTER_BOUND('',#132,.T.);
#73=FACE_OUTER_BOUND('',#133,.T.);
#74=FACE_OUTER_BOUND('',#134,.T.);
#75=FACE_OUTER_BOUND('',#136,.T.);
#76=FACE_OUTER_BOUND('',#137,.T.);
#77=FACE_OUTER_BOUND('',#138,.T.);
#78=FACE_OUTER_BOUND('',#139,.T.);
#79=FACE_OUTER_BOUND('',#140,.T.);
#80=FACE_OUTER_BOUND('',#141,.T.);
#81=FACE_OUTER_BOUND('',#142,.T.);
#82=FACE_OUTER_BOUND('',#143,.T.);
#83=FACE_OUTER_BOUND('',#144,.T.);
#84=FACE_OUTER_BOUND('',#146,.T.);
#85=FACE_OUTER_BOUND('',#147,.T.);
#86=EDGE_LOOP('',(#645,#646,#647,#648));
#87=EDGE_LOOP('',(#649,#650,#651,#652));
#88=EDGE_LOOP('',(#653,#654,#655,#656));
#89=EDGE_LOOP('',(#657,#658,#659,#660));
#90=EDGE_LOOP('',(#661,#662,#663,#664));
#91=EDGE_LOOP('',(#665,#666,#667,#668));
#92=EDGE_LOOP('',(#669,#670,#671,#672));
#93=EDGE_LOOP('',(#673,#674,#675,#676));
#94=EDGE_LOOP('',(#677,#678,#679,#680));
#95=EDGE_LOOP('',(#681,#682,#683,#684));
#96=EDGE_LOOP('',(#685,#686,#687,#688));
#97=EDGE_LOOP('',(#689,#690,#691,#692));
#98=EDGE_LOOP('',(#693,#694,#695,#696));
#99=EDGE_LOOP('',(#697,#698,#699,#700));
#100=EDGE_LOOP('',(#701,#702,#703,#704));
#101=EDGE_LOOP('',(#705,#706,#707,#708));
#102=EDGE_LOOP('',(#709,#710,#711,#712));
#103=EDGE_LOOP('',(#713,#714,#715,#716));
#104=EDGE_LOOP('',(#717,#718,#719,#720));
#105=EDGE_LOOP('',(#721,#722,#723,#724));
#106=EDGE_LOOP('',(#725,#726,#727,#728));
#107=EDGE_LOOP('',(#729,#730,#731,#732));
#108=EDGE_LOOP('',(#733,#734,#735,#736));
#109=EDGE_LOOP('',(#737,#738,#739,#740));
#110=EDGE_LOOP('',(#741,#742,#743,#744));
#111=EDGE_LOOP('',(#745,#746,#747,#748));
#112=EDGE_LOOP('',(#749,#750,#751,#752));
#113=EDGE_LOOP('',(#753,#754,#755,#756));
#114=EDGE_LOOP('',(#757,#758,#759,#760));
#115=EDGE_LOOP('',(#761,#762,#763,#764));
#116=EDGE_LOOP('',(#765,#766,#767,#768));
#117=EDGE_LOOP('',(#769,#770,#771,#772));
#118=EDGE_LOOP('',(#773,#774,#775,#776));
#119=EDGE_LOOP('',(#777,#778,#779,#780));
#120=EDGE_LOOP('',(#781,#782,#783,#784));
#121=EDGE_LOOP('',(#785,#786,#787,#788));
#122=EDGE_LOOP('',(#789,#790,#791,#792));
#123=EDGE_LOOP('',(#793,#794,#795,#796));
#124=EDGE_LOOP('',(#797,#798,#799,#800));
#125=EDGE_LOOP('',(#801,#802,#803,#804));
#126=EDGE_LOOP('',(#805,#806,#807,#808));
#127=EDGE_LOOP('',(#809,#810,#811,#812));
#128=EDGE_LOOP('',(#813,#814,#815,#816));
#129=EDGE_LOOP('',(#817,#818,#819,#820));
#130=EDGE_LOOP('',(#821,#822,#823,#824));
#131=EDGE_LOOP('',(#825,#826,#827,#828));
#132=EDGE_LOOP('',(#829,#830,#831,#832,#833));
#133=EDGE_LOOP('',(#834,#835,#836,#837));
#134=EDGE_LOOP('',(#838));
#135=EDGE_LOOP('',(#839,#840,#841,#842,#843));
#136=EDGE_LOOP('',(#844,#845,#846,#847,#848,#849,#850,#851,#852,#853,#854,
#855,#856,#857,#858,#859,#860,#861,#862,#863,#864,#865,#866,#867,#868,#869,
#870,#871,#872,#873,#874,#875,#876,#877,#878,#879,#880,#881,#882,#883,#884,
#885,#886,#887,#888,#889,#890,#891,#892,#893,#894,#895));
#137=EDGE_LOOP('',(#896,#897,#898));
#138=EDGE_LOOP('',(#899,#900,#901,#902,#903,#904,#905,#906));
#139=EDGE_LOOP('',(#907,#908,#909,#910,#911,#912,#913,#914,#915,#916,#917,
#918,#919,#920,#921,#922,#923,#924,#925,#926,#927,#928,#929,#930,#931,#932,
#933,#934,#935,#936,#937,#938,#939,#940,#941,#942,#943,#944,#945,#946,#947,
#948,#949,#950,#951,#952,#953,#954,#955,#956));
#140=EDGE_LOOP('',(#957,#958,#959,#960));
#141=EDGE_LOOP('',(#961));
#142=EDGE_LOOP('',(#962,#963,#964,#965,#966));
#143=EDGE_LOOP('',(#967,#968,#969,#970));
#144=EDGE_LOOP('',(#971));
#145=EDGE_LOOP('',(#972));
#146=EDGE_LOOP('',(#973,#974,#975,#976,#977));
#147=EDGE_LOOP('',(#978));
#148=CIRCLE('',#1105,7.925);
#149=CIRCLE('',#1129,5.6435);
#150=CIRCLE('',#1153,5.6435);
#151=CIRCLE('',#1155,13.);
#152=CIRCLE('',#1156,16.);
#153=CIRCLE('',#1158,5.6435);
#154=CIRCLE('',#1161,7.925);
#155=CIRCLE('',#1162,3.00000000000003);
#156=CIRCLE('',#1166,20.);
#157=CIRCLE('',#1167,11.);
#158=CIRCLE('',#1168,11.);
#159=CIRCLE('',#1170,20.);
#160=CIRCLE('',#1173,11.);
#161=B_SPLINE_CURVE_WITH_KNOTS('',3,(#1377,#1378,#1379,#1380,#1381,#1382,
#1383,#1384,#1385,#1386,#1387,#1388,#1389,#1390,#1391,#1392,#1393,#1394,
#1395,#1396,#1397,#1398,#1399,#1400,#1401,#1402,#1403,#1404,#1405,#1406,
#1407),.UNSPECIFIED.,.F.,.F.,(4,3,3,3,3,3,3,3,3,3,4),(-9.94784349116498,
-9.68604145049282,-9.188676203482,-8.69131095647119,-8.19394570946037,-7.69658046244956,
-7.19921521543875,-6.70184996842794,-6.20448472141712,-5.70711947440631,
-5.67265774529925),.UNSPECIFIED.);
#162=B_SPLINE_CURVE_WITH_KNOTS('',3,(#1410,#1411,#1412,#1413,#1414,#1415,
#1416,#1417,#1418,#1419,#1420,#1421,#1422,#1423,#1424,#1425),
 .UNSPECIFIED.,.F.,.F.,(4,3,3,3,3,4),(4.7123889803847,5.20963935496513,
5.70688972954559,6.20414010412604,6.7013904787065,6.72038854169854),
 .UNSPECIFIED.);
#163=B_SPLINE_CURVE_WITH_KNOTS('',3,(#1430,#1431,#1432,#1433,#1434,#1435,
#1436,#1437,#1438,#1439,#1440,#1441,#1442,#1443,#1444,#1445,#1446,#1447,
#1448,#1449,#1450,#1451,#1452,#1453,#1454,#1455,#1456,#1457,#1458,#1459,
#1460,#1461,#1462,#1463,#1464,#1465,#1466,#1467,#1468,#1469,#1470,#1471,
#1472),.UNSPECIFIED.,.F.,.F.,(4,3,3,3,3,3,3,3,3,3,3,3,3,3,4),(-16.2310287983446,
-16.1517896616334,-15.6544244146226,-15.1570591676118,-14.6596939206009,
-14.1623286735901,-13.6649634265793,-13.1675981795685,-12.6702329325577,
-12.1728676855469,-11.6755024385361,-11.1781371915253,-10.6807719445144,
-10.1834066975036,-9.94784349116498),.UNSPECIFIED.);
#164=B_SPLINE_CURVE_WITH_KNOTS('',3,(#1473,#1474,#1475,#1476,#1477,#1478,
#1479,#1480,#1481,#1482,#1483,#1484,#1485,#1486,#1487,#1488,#1489,#1490,
#1491,#1492,#1493,#1494,#1495,#1496,#1497,#1498,#1499,#1500,#1501,#1502,
#1503,#1504,#1505,#1506,#1507,#1508,#1509,#1510,#1511,#1512),
 .UNSPECIFIED.,.F.,.F.,(4,3,3,3,3,3,3,3,3,3,3,3,3,4),(6.72038854169854,
7.19864085328696,7.69589122786741,8.19314160244787,8.69039197702833,9.18764235160879,
9.68489272618924,10.1821431007697,10.6793934753502,11.1766438499306,11.6738942245111,
12.1711445990915,12.668394973672,13.0035738488781),.UNSPECIFIED.);
#165=B_SPLINE_CURVE_WITH_KNOTS('',3,(#1517,#1518,#1519,#1520,#1521,#1522,
#1523,#1524,#1525,#1526,#1527,#1528,#1529,#1530,#1531,#1532,#1533,#1534,
#1535,#1536,#1537,#1538,#1539,#1540,#1541,#1542,#1543,#1544,#1545,#1546,
#1547,#1548,#1549,#1550,#1551,#1552,#1553,#1554,#1555,#1556),
 .UNSPECIFIED.,.F.,.F.,(4,3,3,3,3,3,3,3,3,3,3,3,3,4),(-22.5142141055242,
-22.1201726257631,-21.6228073787523,-21.1254421317415,-20.6280768847307,
-20.1307116377199,-19.6333463907091,-19.1359811436983,-18.6386158966874,
-18.1412506496766,-17.6438854026658,-17.146520155655,-16.6491549086442,
-16.2310287983446),.UNSPECIFIED.);
#166=B_SPLINE_CURVE_WITH_KNOTS('',3,(#1557,#1558,#1559,#1560,#1561,#1562,
#1563,#1564,#1565,#1566,#1567,#1568,#1569,#1570,#1571,#1572,#1573,#1574,
#1575,#1576,#1577,#1578,#1579,#1580,#1581,#1582,#1583,#1584,#1585,#1586,
#1587,#1588,#1589,#1590,#1591,#1592,#1593,#1594,#1595,#1596,#1597,#1598,
#1599),.UNSPECIFIED.,.F.,.F.,(4,3,3,3,3,3,3,3,3,3,3,3,3,3,4),(13.0035738488781,
13.1656453482524,13.6628957228329,14.1601460974134,14.6573964719938,15.1546468465743,
15.6518972211547,16.1491475957352,16.6463979703156,17.1436483448961,17.6408987194765,
18.138149094057,18.6353994686374,19.1326498432179,19.2867591560577),
 .UNSPECIFIED.);
#167=B_SPLINE_CURVE_WITH_KNOTS('',3,(#1604,#1605,#1606,#1607,#1608,#1609,
#1610,#1611,#1612,#1613,#1614,#1615,#1616,#1617,#1618,#1619,#1620,#1621,
#1622,#1623,#1624,#1625,#1626,#1627,#1628,#1629,#1630,#1631,#1632,#1633,
#1634,#1635,#1636,#1637,#1638,#1639,#1640,#1641,#1642,#1643,#1644,#1645,
#1646),.UNSPECIFIED.,.F.,.F.,(4,3,3,3,3,3,3,3,3,3,3,3,3,3,4),(-28.7973994127037,
-28.5859208369037,-28.0885555898929,-27.5911903428821,-27.0938250958712,
-26.5964598488604,-26.0990946018496,-25.6017293548388,-25.104364107828,
-24.6069988608172,-24.1096336138064,-23.6122683667956,-23.1149031197847,
-22.6175378727739,-22.5142141055242),.UNSPECIFIED.);
#168=B_SPLINE_CURVE_WITH_KNOTS('',3,(#1647,#1648,#1649,#1650,#1651,#1652,
#1653,#1654,#1655,#1656,#1657,#1658,#1659,#1660,#1661,#1662,#1663,#1664,
#1665,#1666,#1667,#1668,#1669,#1670,#1671,#1672,#1673,#1674,#1675,#1676,
#1677,#1678,#1679,#1680,#1681,#1682,#1683,#1684,#1685,#1686),
 .UNSPECIFIED.,.F.,.F.,(4,3,3,3,3,3,3,3,3,3,3,3,3,4),(19.2867591560577,
19.6299002177983,20.1271505923788,20.6244009669592,21.1216513415397,21.6189017161202,
22.1161520907006,22.6134024652811,23.1106528398615,23.607903214442,24.1051535890224,
24.6024039636029,25.0996543381834,25.5699444632373),.UNSPECIFIED.);
#169=B_SPLINE_CURVE_WITH_KNOTS('',3,(#1691,#1692,#1693,#1694,#1695,#1696,
#1697,#1698,#1699,#1700,#1701,#1702,#1703,#1704,#1705,#1706,#1707,#1708,
#1709,#1710,#1711,#1712,#1713,#1714,#1715,#1716,#1717,#1718,#1719,#1720,
#1721,#1722,#1723,#1724,#1725,#1726,#1727,#1728,#1729,#1730,#1731,#1732,
#1733),.UNSPECIFIED.,.F.,.F.,(4,3,3,3,3,3,3,3,3,3,3,3,3,3,4),(-35.0805847198833,
-35.0516690480443,-34.5543038010334,-34.0569385540226,-33.5595733070118,
-33.062208060001,-32.5648428129902,-32.0674775659794,-31.5701123189686,
-31.0727470719578,-30.5753818249469,-30.0780165779361,-29.5806513309253,
-29.0832860839145,-28.7973994127037),.UNSPECIFIED.);
#170=B_SPLINE_CURVE_WITH_KNOTS('',3,(#1734,#1735,#1736,#1737,#1738,#1739,
#1740,#1741,#1742,#1743,#1744,#1745,#1746,#1747,#1748,#1749,#1750,#1751,
#1752,#1753,#1754,#1755,#1756,#1757,#1758,#1759,#1760,#1761,#1762,#1763,
#1764,#1765,#1766,#1767,#1768,#1769,#1770,#1771,#1772,#1773,#1774,#1775,
#1776),.UNSPECIFIED.,.F.,.F.,(4,3,3,3,3,3,3,3,3,3,3,3,3,3,4),(25.5699444632373,
25.5969047127638,26.0941550873443,26.5914054619247,27.0886558365052,27.5859062110856,
28.0831565856661,28.5804069602465,29.077657334827,29.5749077094074,30.0721580839879,
30.5694084585684,31.0666588331488,31.5639092077293,31.8531297704169),
 .UNSPECIFIED.);
#171=B_SPLINE_CURVE_WITH_KNOTS('',3,(#1781,#1782,#1783,#1784,#1785,#1786,
#1787,#1788,#1789,#1790,#1791,#1792,#1793,#1794,#1795,#1796,#1797,#1798,
#1799,#1800,#1801,#1802,#1803,#1804,#1805,#1806,#1807,#1808,#1809,#1810,
#1811,#1812,#1813,#1814,#1815,#1816,#1817,#1818,#1819,#1820),
 .UNSPECIFIED.,.F.,.F.,(4,3,3,3,3,3,3,3,3,3,3,3,3,4),(-41.3637700270629,
-41.020052012174,-40.5226867651632,-40.0253215181524,-39.5279562711416,
-39.0305910241308,-38.5332257771199,-38.0358605301091,-37.5384952830983,
-37.0411300360875,-36.5437647890767,-36.0463995420659,-35.5490342950551,
-35.0805847198833),.UNSPECIFIED.);
#172=B_SPLINE_CURVE_WITH_KNOTS('',3,(#1821,#1822,#1823,#1824,#1825,#1826,
#1827,#1828,#1829,#1830,#1831,#1832,#1833,#1834,#1835,#1836,#1837,#1838,
#1839,#1840,#1841,#1842,#1843,#1844,#1845,#1846,#1847,#1848,#1849,#1850,
#1851,#1852,#1853,#1854,#1855,#1856,#1857,#1858,#1859,#1860,#1861,#1862,
#1863),.UNSPECIFIED.,.F.,.F.,(4,3,3,3,3,3,3,3,3,3,3,3,3,3,4),(31.8531297704169,
32.0611595823097,32.5584099568902,33.0556603314706,33.5529107060511,34.0501610806316,
34.547411455212,35.0446618297925,35.5419122043729,36.0391625789534,36.5364129535338,
37.0336633281143,37.5309137026947,38.0281640772752,38.1363150775965),
 .UNSPECIFIED.);
#173=B_SPLINE_CURVE_WITH_KNOTS('',3,(#1868,#1869,#1870,#1871,#1872,#1873,
#1874,#1875,#1876,#1877,#1878,#1879,#1880,#1881,#1882,#1883,#1884,#1885,
#1886,#1887,#1888,#1889,#1890,#1891,#1892,#1893,#1894,#1895,#1896,#1897,
#1898,#1899,#1900,#1901,#1902,#1903,#1904,#1905,#1906,#1907,#1908,#1909,
#1910),.UNSPECIFIED.,.F.,.F.,(4,3,3,3,3,3,3,3,3,3,3,3,3,3,4),(-47.6469553342425,
-47.4858002233146,-46.9884349763038,-46.4910697292929,-45.9937044822821,
-45.4963392352713,-44.9989739882605,-44.5016087412497,-44.0042434942389,
-43.5068782472281,-43.0095130002173,-42.5121477532064,-42.0147825061956,
-41.5174172591848,-41.3637700270629),.UNSPECIFIED.);
#174=B_SPLINE_CURVE_WITH_KNOTS('',3,(#1911,#1912,#1913,#1914,#1915,#1916,
#1917,#1918,#1919,#1920,#1921,#1922,#1923,#1924,#1925,#1926,#1927,#1928,
#1929,#1930,#1931,#1932,#1933,#1934,#1935,#1936,#1937,#1938,#1939,#1940,
#1941,#1942,#1943,#1944,#1945,#1946,#1947,#1948,#1949,#1950),
 .UNSPECIFIED.,.F.,.F.,(4,3,3,3,3,3,3,3,3,3,3,3,3,4),(38.1363150775965,
38.5254144518556,39.0226648264361,39.5199152010166,40.017165575597,40.5144159501775,
41.0116663247579,41.5089166993384,42.0061670739188,42.5034174484993,43.0006678230797,
43.4979181976602,43.9951685722407,44.4195003847761),.UNSPECIFIED.);
#175=B_SPLINE_CURVE_WITH_KNOTS('',3,(#1955,#1956,#1957,#1958,#1959,#1960,
#1961,#1962,#1963,#1964,#1965,#1966,#1967,#1968,#1969,#1970,#1971,#1972,
#1973,#1974,#1975,#1976,#1977,#1978,#1979,#1980,#1981,#1982,#1983,#1984,
#1985,#1986,#1987,#1988,#1989,#1990,#1991,#1992,#1993,#1994),
 .UNSPECIFIED.,.F.,.F.,(4,3,3,3,3,3,3,3,3,3,3,3,3,4),(-53.9301406414221,
-53.4541831874443,-52.9568179404335,-52.4594526934227,-51.9620874464119,
-51.4647221994011,-50.9673569523903,-50.4699917053794,-49.9726264583686,
-49.4752612113578,-48.977895964347,-48.4805307173362,-47.9831654703254,
-47.6469553342425),.UNSPECIFIED.);
#176=B_SPLINE_CURVE_WITH_KNOTS('',3,(#1995,#1996,#1997,#1998,#1999,#2000,
#2001,#2002,#2003,#2004,#2005,#2006,#2007,#2008,#2009,#2010,#2011,#2012,
#2013,#2014,#2015,#2016,#2017,#2018,#2019,#2020,#2021,#2022,#2023,#2024,
#2025,#2026,#2027,#2028,#2029,#2030,#2031,#2032,#2033,#2034,#2035,#2036,
#2037),.UNSPECIFIED.,.F.,.F.,(4,3,3,3,3,3,3,3,3,3,3,3,3,3,4),(44.4195003847761,
44.4924189468211,44.9896693214016,45.486919695982,45.9841700705625,46.4814204451429,
46.9786708197234,47.4759211943038,47.9731715688843,48.4704219434647,48.9676723180452,
49.4649226926257,49.9621730672061,50.4594234417866,50.7026856919557),
 .UNSPECIFIED.);
#177=B_SPLINE_CURVE_WITH_KNOTS('',3,(#2042,#2043,#2044,#2045,#2046,#2047,
#2048,#2049,#2050,#2051,#2052,#2053,#2054,#2055,#2056,#2057,#2058,#2059,
#2060,#2061,#2062,#2063,#2064,#2065,#2066,#2067,#2068,#2069,#2070,#2071,
#2072,#2073,#2074,#2075,#2076,#2077,#2078,#2079,#2080,#2081,#2082,#2083,
#2084),.UNSPECIFIED.,.F.,.F.,(4,3,3,3,3,3,3,3,3,3,3,3,3,3,4),(-60.2133259486017,
-59.9199313985849,-59.4225661515741,-58.9252009045633,-58.4278356575524,
-57.9304704105416,-57.4331051635308,-56.93573991652,-56.4383746695092,-55.9410094224984,
-55.4436441754876,-54.9462789284768,-54.4489136814659,-53.9515484344551,
-53.9301406414221),.UNSPECIFIED.);
#178=B_SPLINE_CURVE_WITH_KNOTS('',3,(#2085,#2086,#2087,#2088,#2089,#2090,
#2091,#2092,#2093,#2094,#2095,#2096,#2097,#2098,#2099,#2100,#2101,#2102,
#2103,#2104,#2105,#2106,#2107,#2108,#2109,#2110,#2111,#2112,#2113,#2114,
#2115,#2116,#2117,#2118,#2119,#2120,#2121,#2122,#2123,#2124,#2125,#2126,
#2127),.UNSPECIFIED.,.F.,.F.,(4,3,3,3,3,3,3,3,3,3,3,3,3,3,4),(50.7026856919557,
50.956673816367,51.4539241909475,51.9511745655279,52.4484249401084,52.9456753146888,
53.4429256892693,53.9401760638497,54.4374264384302,54.9346768130107,55.4319271875911,
55.9291775621716,56.426427936752,56.9236783113325,56.9858709991353),
 .UNSPECIFIED.);
#179=B_SPLINE_CURVE_WITH_KNOTS('',3,(#2132,#2133,#2134,#2135,#2136,#2137,
#2138,#2139,#2140,#2141,#2142,#2143,#2144,#2145,#2146,#2147,#2148,#2149,
#2150,#2151,#2152,#2153,#2154,#2155,#2156,#2157,#2158,#2159,#2160,#2161,
#2162,#2163,#2164,#2165,#2166,#2167,#2168,#2169,#2170,#2171,#2172,#2173,
#2174),.UNSPECIFIED.,.F.,.F.,(4,3,3,3,3,3,3,3,3,3,3,3,3,3,4),(-66.4965112557813,
-66.3856796097255,-65.8883143627146,-65.3909491157038,-64.893583868693,
-64.3962186216822,-63.8988533746714,-63.4014881276606,-62.9041228806498,
-62.4067576336389,-61.9093923866281,-61.4120271396173,-60.9146618926065,
-60.4172966455957,-60.2133259486017),.UNSPECIFIED.);
#180=B_SPLINE_CURVE_WITH_KNOTS('',3,(#2175,#2176,#2177,#2178,#2179,#2180,
#2181,#2182,#2183,#2184,#2185,#2186,#2187,#2188,#2189,#2190,#2191,#2192,
#2193,#2194,#2195,#2196,#2197,#2198,#2199,#2200,#2201,#2202,#2203,#2204,
#2205,#2206,#2207,#2208,#2209,#2210,#2211,#2212,#2213,#2214),
 .UNSPECIFIED.,.F.,.F.,(4,3,3,3,3,3,3,3,3,3,3,3,3,4),(56.9858709991353,
57.4209286859129,57.9181790604934,58.4154294350739,58.9126798096543,59.4099301842348,
59.9071805588152,60.4044309333957,60.9016813079761,61.3989316825566,61.896182057137,
62.3934324317175,62.890682806298,63.2690563063148),.UNSPECIFIED.);
#181=B_SPLINE_CURVE_WITH_KNOTS('',3,(#2219,#2220,#2221,#2222,#2223,#2224,
#2225,#2226,#2227,#2228,#2229,#2230,#2231,#2232,#2233,#2234,#2235,#2236,
#2237,#2238,#2239,#2240,#2241,#2242,#2243,#2244,#2245,#2246,#2247,#2248,
#2249,#2250,#2251,#2252,#2253,#2254,#2255,#2256,#2257,#2258),
 .UNSPECIFIED.,.F.,.F.,(4,3,3,3,3,3,3,3,3,3,3,3,3,4),(-72.7796965629609,
-72.3540625738552,-71.8566973268444,-71.3593320798336,-70.8619668328228,
-70.364601585812,-69.8672363388011,-69.3698710917903,-68.8725058447795,
-68.3751405977687,-67.8777753507579,-67.3804101037471,-66.8830448567363,
-66.4965112557813),.UNSPECIFIED.);
#182=B_SPLINE_CURVE_WITH_KNOTS('',3,(#2259,#2260,#2261,#2262,#2263,#2264,
#2265,#2266,#2267,#2268,#2269,#2270,#2271,#2272,#2273,#2274,#2275,#2276,
#2277,#2278,#2279,#2280,#2281,#2282,#2283,#2284,#2285,#2286,#2287,#2288,
#2289,#2290,#2291,#2292,#2293,#2294,#2295,#2296,#2297,#2298,#2299,#2300,
#2301),.UNSPECIFIED.,.F.,.F.,(4,3,3,3,3,3,3,3,3,3,3,3,3,3,4),(63.2690563063148,
63.3879331808784,63.8851835554589,64.3824339300393,64.8796843046198,65.3769346792002,
65.8741850537807,66.3714354283611,66.8686858029416,67.365936177522,67.8631865521025,
68.360436926683,68.8576873012634,69.3549376758439,69.5522416134944),
 .UNSPECIFIED.);
#183=B_SPLINE_CURVE_WITH_KNOTS('',3,(#2306,#2307,#2308,#2309,#2310,#2311,
#2312,#2313,#2314,#2315,#2316,#2317,#2318,#2319,#2320,#2321,#2322,#2323,
#2324,#2325,#2326,#2327,#2328,#2329,#2330,#2331,#2332,#2333,#2334,#2335,
#2336,#2337,#2338,#2339,#2340,#2341,#2342,#2343,#2344,#2345,#2346,#2347,
#2348),.UNSPECIFIED.,.F.,.F.,(4,3,3,3,3,3,3,3,3,3,3,3,3,3,4),(-79.0628818701405,
-78.8198107849958,-78.322445537985,-77.8250802909742,-77.3277150439633,
-76.8303497969525,-76.3329845499417,-75.8356193029309,-75.3382540559201,
-74.8408888089093,-74.3435235618985,-73.8461583148876,-73.3487930678768,
-72.851427820866,-72.7796965629609),.UNSPECIFIED.);
#184=B_SPLINE_CURVE_WITH_KNOTS('',3,(#2349,#2350,#2351,#2352,#2353,#2354,
#2355,#2356,#2357,#2358,#2359,#2360,#2361,#2362,#2363,#2364,#2365,#2366,
#2367,#2368,#2369,#2370,#2371,#2372,#2373,#2374,#2375,#2376,#2377,#2378,
#2379,#2380,#2381,#2382,#2383,#2384,#2385,#2386,#2387,#2388,#2389,#2390,
#2391),.UNSPECIFIED.,.F.,.F.,(4,3,3,3,3,3,3,3,3,3,3,3,3,3,4),(69.5522416134944,
69.8521880504243,70.3494384250048,70.8466887995852,71.3439391741657,71.8411895487461,
72.3384399233266,72.835690297907,73.3329406724875,73.830191047068,74.3274414216484,
74.8246917962289,75.3219421708093,75.8191925453898,75.835426920674),
 .UNSPECIFIED.);
#185=B_SPLINE_CURVE_WITH_KNOTS('',3,(#2396,#2397,#2398,#2399,#2400,#2401,
#2402,#2403,#2404,#2405,#2406,#2407,#2408,#2409,#2410,#2411,#2412,#2413,
#2414,#2415,#2416,#2417,#2418,#2419,#2420,#2421,#2422,#2423,#2424,#2425,
#2426,#2427,#2428,#2429,#2430,#2431,#2432,#2433,#2434,#2435,#2436,#2437,
#2438),.UNSPECIFIED.,.F.,.F.,(4,3,3,3,3,3,3,3,3,3,3,3,3,3,4),(-85.3460671773201,
-85.2855589961363,-84.7881937491255,-84.2908285021147,-83.7934632551039,
-83.2960980080931,-82.7987327610823,-82.3013675140714,-81.8040022670607,
-81.3066370200498,-80.809271773039,-80.3119065260282,-79.8145412790174,
-79.3171760320066,-79.0628818701405),.UNSPECIFIED.);
#186=B_SPLINE_CURVE_WITH_KNOTS('',3,(#2439,#2440,#2441,#2442,#2443,#2444,
#2445,#2446,#2447,#2448,#2449,#2450,#2451,#2452,#2453,#2454,#2455,#2456,
#2457,#2458,#2459,#2460,#2461,#2462,#2463,#2464,#2465,#2466,#2467,#2468,
#2469,#2470,#2471,#2472,#2473,#2474,#2475,#2476,#2477,#2478),
 .UNSPECIFIED.,.F.,.F.,(4,3,3,3,3,3,3,3,3,3,3,3,3,4),(75.835426920674,76.3164429199702,
76.8136932945507,77.3109436691311,77.8081940437116,78.3054444182921,78.8026947928725,
79.299945167453,79.7971955420334,80.2944459166139,80.7916962911943,81.2889466657748,
81.7861970403552,82.1186122278536),.UNSPECIFIED.);
#187=B_SPLINE_CURVE_WITH_KNOTS('',3,(#2483,#2484,#2485,#2486,#2487,#2488,
#2489,#2490,#2491,#2492,#2493,#2494,#2495,#2496,#2497,#2498,#2499,#2500,
#2501,#2502,#2503,#2504,#2505,#2506,#2507,#2508,#2509,#2510,#2511,#2512,
#2513,#2514,#2515,#2516,#2517,#2518,#2519,#2520,#2521,#2522),
 .UNSPECIFIED.,.F.,.F.,(4,3,3,3,3,3,3,3,3,3,3,3,3,4),(-91.6292524844997,
-91.2539419602661,-90.7565767132553,-90.2592114662445,-89.7618462192336,
-89.2644809722228,-88.767115725212,-88.2697504782012,-87.7723852311904,
-87.2750199841796,-86.7776547371688,-86.280289490158,-85.7829242431471,
-85.3460671773201),.UNSPECIFIED.);
#188=B_SPLINE_CURVE_WITH_KNOTS('',3,(#2523,#2524,#2525,#2526,#2527,#2528,
#2529,#2530,#2531,#2532,#2533,#2534,#2535,#2536,#2537,#2538,#2539,#2540,
#2541,#2542,#2543,#2544,#2545,#2546,#2547,#2548,#2549,#2550,#2551,#2552,
#2553,#2554,#2555,#2556,#2557,#2558,#2559,#2560,#2561,#2562,#2563,#2564,
#2565),.UNSPECIFIED.,.F.,.F.,(4,3,3,3,3,3,3,3,3,3,3,3,3,3,4),(82.1186122278536,
82.2834474149357,82.7806977895162,83.2779481640966,83.7751985386771,84.2724489132575,
84.769699287838,85.2669496624184,85.7642000369989,86.2614504115793,86.7587007861598,
87.2559511607403,87.7532015353207,88.2504519099012,88.4017975350332),
 .UNSPECIFIED.);
#189=B_SPLINE_CURVE_WITH_KNOTS('',3,(#2570,#2571,#2572,#2573,#2574,#2575,
#2576,#2577,#2578,#2579,#2580,#2581,#2582,#2583,#2584,#2585,#2586,#2587,
#2588,#2589,#2590,#2591,#2592,#2593,#2594,#2595,#2596,#2597,#2598,#2599,
#2600,#2601,#2602,#2603,#2604,#2605,#2606,#2607,#2608,#2609,#2610,#2611,
#2612),.UNSPECIFIED.,.F.,.F.,(4,3,3,3,3,3,3,3,3,3,3,3,3,3,4),(-97.9124377916793,
-97.7196901714067,-97.2223249243958,-96.724959677385,-96.2275944303742,
-95.7302291833634,-95.2328639363526,-94.7354986893418,-94.2381334423309,
-93.7407681953201,-93.2434029483093,-92.7460377012985,-92.2486724542877,
-91.7513072072769,-91.6292524844997),.UNSPECIFIED.);
#190=B_SPLINE_CURVE_WITH_KNOTS('',3,(#2613,#2614,#2615,#2616,#2617,#2618,
#2619,#2620,#2621,#2622,#2623,#2624,#2625,#2626,#2627,#2628,#2629,#2630,
#2631,#2632,#2633,#2634,#2635,#2636,#2637,#2638,#2639,#2640,#2641,#2642,
#2643,#2644,#2645,#2646,#2647,#2648,#2649,#2650,#2651,#2652),
 .UNSPECIFIED.,.F.,.F.,(4,3,3,3,3,3,3,3,3,3,3,3,3,4),(88.4017975350332,
88.7477022844816,89.2449526590621,89.7422030336425,90.239453408223,90.7367037828034,
91.2339541573839,91.7312045319644,92.2284549065448,92.7257052811253,93.2229556557057,
93.7202060302862,94.2174564048666,94.6849828422128),.UNSPECIFIED.);
#191=B_SPLINE_CURVE_WITH_KNOTS('',3,(#2657,#2658,#2659,#2660,#2661,#2662,
#2663,#2664,#2665,#2666,#2667,#2668,#2669,#2670,#2671,#2672,#2673,#2674,
#2675,#2676,#2677,#2678,#2679,#2680,#2681,#2682,#2683,#2684,#2685,#2686,
#2687,#2688,#2689,#2690,#2691,#2692,#2693,#2694,#2695,#2696,#2697,#2698,
#2699),.UNSPECIFIED.,.F.,.F.,(4,3,3,3,3,3,3,3,3,3,3,3,3,3,4),(-104.195623098859,
-104.185438382547,-103.688073135536,-103.190707888526,-102.693342641515,
-102.195977394504,-101.698612147493,-101.201246900482,-100.703881653472,
-100.206516406461,-99.7091511594499,-99.2117859124391,-98.7144206654283,
-98.2170554184175,-97.9124377916793),.UNSPECIFIED.);
#192=B_SPLINE_CURVE_WITH_KNOTS('',3,(#2700,#2701,#2702,#2703,#2704,#2705,
#2706,#2707,#2708,#2709,#2710,#2711,#2712,#2713,#2714,#2715,#2716,#2717,
#2718,#2719,#2720,#2721,#2722,#2723,#2724,#2725,#2726,#2727,#2728,#2729,
#2730,#2731,#2732,#2733,#2734,#2735,#2736,#2737,#2738,#2739,#2740,#2741,
#2742),.UNSPECIFIED.,.F.,.F.,(4,3,3,3,3,3,3,3,3,3,3,3,3,3,4),(94.6849828422128,
94.7147067794471,95.2119571540275,95.709207528608,96.2064579031885,96.7037082777689,
97.2009586523494,97.6982090269298,98.1954594015103,98.6927097760907,99.1899601506712,
99.6872105252516,100.184460899832,100.681711274413,100.968168149392),
 .UNSPECIFIED.);
#193=B_SPLINE_CURVE_WITH_KNOTS('',3,(#2747,#2748,#2749,#2750,#2751,#2752,
#2753,#2754,#2755,#2756,#2757,#2758,#2759,#2760,#2761,#2762,#2763,#2764,
#2765,#2766,#2767,#2768,#2769,#2770,#2771,#2772,#2773,#2774,#2775,#2776,
#2777,#2778,#2779,#2780,#2781,#2782,#2783,#2784,#2785,#2786),
 .UNSPECIFIED.,.F.,.F.,(4,3,3,3,3,3,3,3,3,3,3,3,3,4),(-110.478808406038,
-110.153821346677,-109.656456099666,-109.159090852655,-108.661725605645,
-108.164360358634,-107.666995111623,-107.169629864612,-106.672264617601,
-106.17489937059,-105.67753412358,-105.180168876569,-104.682803629558,-104.195623098859),
 .UNSPECIFIED.);
#194=B_SPLINE_CURVE_WITH_KNOTS('',3,(#2787,#2788,#2789,#2790,#2791,#2792,
#2793,#2794,#2795,#2796,#2797,#2798,#2799,#2800,#2801,#2802,#2803,#2804,
#2805,#2806,#2807,#2808,#2809,#2810,#2811,#2812,#2813,#2814,#2815,#2816,
#2817,#2818,#2819,#2820,#2821,#2822,#2823,#2824,#2825,#2826,#2827,#2828,
#2829),.UNSPECIFIED.,.F.,.F.,(4,3,3,3,3,3,3,3,3,3,3,3,3,3,4),(100.968168149392,
101.178961648993,101.676212023573,102.173462398154,102.670712772734,103.167963147315,
103.665213521895,104.162463896476,104.659714271056,105.156964645637,105.654215020217,
106.151465394798,106.648715769378,107.145966143958,107.251353456572),
 .UNSPECIFIED.);
#195=B_SPLINE_CURVE_WITH_KNOTS('',3,(#2834,#2835,#2836,#2837,#2838,#2839,
#2840,#2841,#2842,#2843,#2844,#2845,#2846,#2847,#2848,#2849,#2850,#2851,
#2852,#2853,#2854,#2855,#2856,#2857,#2858,#2859,#2860,#2861,#2862,#2863,
#2864,#2865,#2866,#2867,#2868,#2869,#2870,#2871,#2872,#2873,#2874,#2875,
#2876),.UNSPECIFIED.,.F.,.F.,(4,3,3,3,3,3,3,3,3,3,3,3,3,3,4),(-116.761993713218,
-116.619569557818,-116.122204310807,-115.624839063796,-115.127473816785,
-114.630108569774,-114.132743322763,-113.635378075753,-113.138012828742,
-112.640647581731,-112.14328233472,-111.645917087709,-111.148551840699,
-110.651186593688,-110.478808406038),.UNSPECIFIED.);
#196=B_SPLINE_CURVE_WITH_KNOTS('',3,(#2877,#2878,#2879,#2880,#2881,#2882,
#2883,#2884,#2885,#2886,#2887,#2888,#2889,#2890,#2891,#2892,#2893,#2894,
#2895,#2896,#2897,#2898,#2899,#2900,#2901,#2902,#2903,#2904,#2905,#2906,
#2907,#2908,#2909,#2910,#2911,#2912,#2913,#2914,#2915,#2916),
 .UNSPECIFIED.,.F.,.F.,(4,3,3,3,3,3,3,3,3,3,3,3,3,4),(107.251353456572,
107.643216518539,108.140466893119,108.6377172677,109.13496764228,109.632218016861,
110.129468391441,110.626718766022,111.123969140602,111.621219515183,112.118469889763,
112.615720264343,113.112970638924,113.534538763752),.UNSPECIFIED.);
#197=B_SPLINE_CURVE_WITH_KNOTS('',3,(#2921,#2922,#2923,#2924,#2925,#2926,
#2927,#2928,#2929,#2930,#2931,#2932,#2933,#2934,#2935,#2936,#2937,#2938,
#2939,#2940,#2941,#2942,#2943,#2944,#2945,#2946,#2947,#2948,#2949,#2950,
#2951,#2952,#2953,#2954,#2955,#2956,#2957,#2958,#2959,#2960),
 .UNSPECIFIED.,.F.,.F.,(4,3,3,3,3,3,3,3,3,3,3,3,3,4),(-123.045179020398,
-122.587952521947,-122.090587274936,-121.593222027926,-121.095856780915,
-120.598491533904,-120.101126286893,-119.603761039882,-119.106395792872,
-118.609030545861,-118.11166529885,-117.614300051839,-117.116934804828,
-116.761993713218),.UNSPECIFIED.);
#198=B_SPLINE_CURVE_WITH_KNOTS('',3,(#2961,#2962,#2963,#2964,#2965,#2966,
#2967,#2968,#2969,#2970,#2971,#2972,#2973,#2974,#2975,#2976,#2977,#2978,
#2979,#2980,#2981,#2982,#2983,#2984,#2985,#2986,#2987,#2988,#2989,#2990,
#2991,#2992,#2993,#2994,#2995,#2996,#2997,#2998,#2999,#3000,#3001,#3002,
#3003),.UNSPECIFIED.,.F.,.F.,(4,3,3,3,3,3,3,3,3,3,3,3,3,3,4),(113.534538763752,
113.610221013504,114.107471388085,114.604721762665,115.101972137246,115.599222511826,
116.096472886407,116.593723260987,117.090973635568,117.588224010148,118.085474384728,
118.582724759309,119.079975133889,119.57722550847,119.817724070931),
 .UNSPECIFIED.);
#199=B_SPLINE_CURVE_WITH_KNOTS('',3,(#3008,#3009,#3010,#3011,#3012,#3013,
#3014,#3015,#3016,#3017,#3018,#3019,#3020,#3021,#3022,#3023,#3024,#3025,
#3026,#3027,#3028,#3029,#3030,#3031,#3032,#3033,#3034,#3035,#3036,#3037,
#3038,#3039,#3040,#3041,#3042,#3043,#3044,#3045,#3046,#3047,#3048,#3049,
#3050),.UNSPECIFIED.,.F.,.F.,(4,3,3,3,3,3,3,3,3,3,3,3,3,3,4),(-129.328364327577,
-129.053700733088,-128.556335486077,-128.058970239066,-127.561604992055,
-127.064239745045,-126.566874498034,-126.069509251023,-125.572144004012,
-125.074778757001,-124.577413509991,-124.08004826298,-123.582683015969,
-123.085317768958,-123.045179020398),.UNSPECIFIED.);
#200=B_SPLINE_CURVE_WITH_KNOTS('',3,(#3051,#3052,#3053,#3054,#3055,#3056,
#3057,#3058,#3059,#3060,#3061,#3062,#3063,#3064,#3065,#3066,#3067,#3068,
#3069,#3070,#3071,#3072,#3073,#3074,#3075,#3076,#3077,#3078,#3079,#3080,
#3081,#3082,#3083,#3084,#3085,#3086,#3087,#3088,#3089,#3090,#3091,#3092,
#3093),.UNSPECIFIED.,.F.,.F.,(4,3,3,3,3,3,3,3,3,3,3,3,3,3,4),(119.817724070931,
120.07447588305,120.571726257631,121.068976632211,121.566227006792,122.063477381372,
122.560727755953,123.057978130533,123.555228505114,124.052478879694,124.549729254274,
125.046979628855,125.544230003435,126.041480378016,126.100909378111),
 .UNSPECIFIED.);
#201=B_SPLINE_CURVE_WITH_KNOTS('',3,(#3098,#3099,#3100,#3101,#3102,#3103,
#3104,#3105,#3106,#3107,#3108,#3109,#3110,#3111,#3112,#3113,#3114,#3115,
#3116,#3117,#3118,#3119,#3120,#3121,#3122,#3123,#3124,#3125,#3126,#3127,
#3128,#3129,#3130,#3131,#3132,#3133,#3134,#3135,#3136,#3137,#3138,#3139,
#3140),.UNSPECIFIED.,.F.,.F.,(4,3,3,3,3,3,3,3,3,3,3,3,3,3,4),(-135.611549634757,
-135.519448944228,-135.022083697218,-134.524718450207,-134.027353203196,
-133.529987956185,-133.032622709174,-132.535257462164,-132.037892215153,
-131.540526968142,-131.043161721131,-130.54579647412,-130.048431227109,
-129.551065980099,-129.328364327577),.UNSPECIFIED.);
#202=B_SPLINE_CURVE_WITH_KNOTS('',3,(#3141,#3142,#3143,#3144,#3145,#3146,
#3147,#3148,#3149,#3150,#3151,#3152,#3153,#3154,#3155,#3156,#3157,#3158,
#3159,#3160,#3161,#3162,#3163,#3164,#3165,#3166,#3167,#3168,#3169,#3170,
#3171,#3172,#3173,#3174,#3175,#3176,#3177,#3178,#3179,#3180),
 .UNSPECIFIED.,.F.,.F.,(4,3,3,3,3,3,3,3,3,3,3,3,3,4),(126.100909378111,
126.538730752596,127.035981127177,127.533231501757,128.030481876338,128.527732250918,
129.024982625499,129.522233000079,130.019483374659,130.51673374924,131.01398412382,
131.511234498401,132.008484872981,132.38409468529),.UNSPECIFIED.);
#203=B_SPLINE_CURVE_WITH_KNOTS('',3,(#3185,#3186,#3187,#3188,#3189,#3190,
#3191,#3192,#3193,#3194,#3195,#3196,#3197,#3198,#3199,#3200,#3201,#3202,
#3203,#3204,#3205,#3206,#3207,#3208,#3209,#3210,#3211,#3212,#3213,#3214,
#3215,#3216,#3217,#3218,#3219,#3220,#3221,#3222,#3223,#3224),
 .UNSPECIFIED.,.F.,.F.,(4,3,3,3,3,3,3,3,3,3,3,3,3,4),(-141.894734941936,
-141.487831908358,-140.990466661347,-140.493101414337,-139.995736167326,
-139.498370920315,-139.001005673304,-138.503640426293,-138.006275179282,
-137.508909932272,-137.011544685261,-136.51417943825,-136.016814191239,
-135.611549634757),.UNSPECIFIED.);
#204=B_SPLINE_CURVE_WITH_KNOTS('',3,(#3225,#3226,#3227,#3228,#3229,#3230,
#3231,#3232,#3233,#3234,#3235,#3236,#3237,#3238,#3239,#3240,#3241,#3242,
#3243,#3244,#3245,#3246,#3247,#3248,#3249,#3250,#3251,#3252,#3253,#3254,
#3255,#3256,#3257,#3258,#3259,#3260,#3261,#3262,#3263,#3264,#3265,#3266,
#3267),.UNSPECIFIED.,.F.,.F.,(4,3,3,3,3,3,3,3,3,3,3,3,3,3,4),(132.38409468529,
132.505735247562,133.002985622142,133.500235996723,133.997486371303,134.494736745884,
134.991987120464,135.489237495044,135.986487869625,136.483738244205,136.980988618786,
137.478238993366,137.975489367947,138.472739742527,138.66727999247),
 .UNSPECIFIED.);
#205=B_SPLINE_CURVE_WITH_KNOTS('',3,(#3272,#3273,#3274,#3275,#3276,#3277,
#3278,#3279,#3280,#3281,#3282,#3283,#3284,#3285,#3286,#3287,#3288,#3289,
#3290,#3291,#3292,#3293,#3294,#3295,#3296,#3297,#3298,#3299,#3300,#3301,
#3302,#3303,#3304,#3305,#3306,#3307,#3308,#3309,#3310,#3311,#3312,#3313,
#3314),.UNSPECIFIED.,.F.,.F.,(4,3,3,3,3,3,3,3,3,3,3,3,3,3,4),(-148.177920249116,
-147.953580119499,-147.456214872488,-146.958849625477,-146.461484378466,
-145.964119131455,-145.466753884445,-144.969388637434,-144.472023390423,
-143.974658143412,-143.477292896401,-142.979927649391,-142.48256240238,
-141.985197155369,-141.894734941936),.UNSPECIFIED.);
#206=B_SPLINE_CURVE_WITH_KNOTS('',3,(#3315,#3316,#3317,#3318,#3319,#3320,
#3321,#3322,#3323,#3324,#3325,#3326,#3327,#3328,#3329,#3330,#3331,#3332,
#3333,#3334,#3335,#3336,#3337,#3338,#3339,#3340,#3341,#3342,#3343,#3344,
#3345,#3346,#3347,#3348,#3349,#3350,#3351,#3352,#3353,#3354,#3355,#3356,
#3357),.UNSPECIFIED.,.F.,.F.,(4,3,3,3,3,3,3,3,3,3,3,3,3,3,4),(138.66727999247,
138.969990117108,139.467240491688,139.964490866269,140.461741240849,140.958991615429,
141.45624199001,141.95349236459,142.450742739171,142.947993113751,143.445243488332,
143.942493862912,144.439744237493,144.936994612073,144.950465299649),
 .UNSPECIFIED.);
#207=B_SPLINE_CURVE_WITH_KNOTS('',3,(#3363,#3364,#3365,#3366,#3367,#3368,
#3369,#3370,#3371,#3372,#3373,#3374,#3375),.UNSPECIFIED.,.F.,.F.,(4,1,1,
1,1,1,1,1,1,1,4),(160.221225333079,160.494250450473,160.991615697484,161.488980944495,
161.986346191506,162.483711438516,162.981076685527,163.478441932538,163.975807179549,
164.47317242656,164.97053767357),.UNSPECIFIED.);
#208=B_SPLINE_CURVE_WITH_KNOTS('',3,(#3378,#3379,#3380,#3381,#3382,#3383,
#3384,#3385,#3386),.UNSPECIFIED.,.F.,.F.,(4,1,1,1,1,1,4),(160.221225333079,
160.388824207869,160.88607458245,161.38332495703,161.880575331611,162.377825706191,
162.875076080772),.UNSPECIFIED.);
#209=B_SPLINE_CURVE_WITH_KNOTS('',3,(#3391,#3392,#3393,#3394,#3395,#3396,
#3397,#3398,#3399,#3400,#3401,#3402,#3403,#3404,#3405,#3406,#3407),
 .UNSPECIFIED.,.F.,.F.,(4,1,1,1,1,1,1,1,1,1,1,1,1,1,4),(153.9380400259,
154.028502239333,154.525867486343,155.023232733354,155.520597980365,156.017963227376,
156.515328474387,157.012693721397,157.510058968408,158.007424215419,158.50478946243,
159.002154709441,159.499519956451,159.996885203462,160.221225333079),
 .UNSPECIFIED.);
#210=B_SPLINE_CURVE_WITH_KNOTS('',3,(#3408,#3409,#3410,#3411,#3412,#3413,
#3414,#3415,#3416,#3417,#3418,#3419,#3420,#3421,#3422,#3423),
 .UNSPECIFIED.,.F.,.F.,(4,1,1,1,1,1,1,1,1,1,1,1,1,4),(153.9380400259,154.421819712904,
154.919070087484,155.416320462065,155.913570836645,156.410821211226,156.908071585806,
157.405321960387,157.902572334967,158.399822709548,158.897073084128,159.394323458708,
159.891573833289,160.221225333079),.UNSPECIFIED.);
#211=B_SPLINE_CURVE_WITH_KNOTS('',3,(#3428,#3429,#3430,#3431,#3432,#3433,
#3434,#3435,#3436,#3437,#3438,#3439,#3440,#3441,#3442,#3443),
 .UNSPECIFIED.,.F.,.F.,(4,1,1,1,1,1,1,1,1,1,1,1,1,4),(147.65485471872,148.060119275203,
148.557484522214,149.054849769224,149.552215016235,150.049580263246,150.546945510257,
151.044310757268,151.541676004278,152.039041251289,152.5364064983,153.033771745311,
153.531136992322,153.9380400259),.UNSPECIFIED.);
#212=B_SPLINE_CURVE_WITH_KNOTS('',3,(#3444,#3445,#3446,#3447,#3448,#3449,
#3450,#3451,#3452,#3453,#3454,#3455,#3456,#3457,#3458,#3459,#3460),
 .UNSPECIFIED.,.F.,.F.,(4,1,1,1,1,1,1,1,1,1,1,1,1,1,4),(147.65485471872,
147.957564843358,148.454815217938,148.952065592519,149.449315967099,149.94656634168,
150.44381671626,150.941067090841,151.438317465421,151.935567840002,152.432818214582,
152.930068589163,153.427318963743,153.924569338323,153.9380400259),
 .UNSPECIFIED.);
#213=B_SPLINE_CURVE_WITH_KNOTS('',3,(#3465,#3466,#3467,#3468,#3469,#3470,
#3471,#3472,#3473,#3474,#3475,#3476,#3477,#3478,#3479,#3480,#3481),
 .UNSPECIFIED.,.F.,.F.,(4,1,1,1,1,1,1,1,1,1,1,1,1,1,4),(141.371669411541,
141.594371064062,142.091736311073,142.589101558084,143.086466805095,143.583832052105,
144.081197299116,144.578562546127,145.075927793138,145.573293040149,146.07065828716,
146.56802353417,147.065388781181,147.562754028192,147.65485471872),
 .UNSPECIFIED.);
#214=B_SPLINE_CURVE_WITH_KNOTS('',3,(#3482,#3483,#3484,#3485,#3486,#3487,
#3488,#3489,#3490,#3491,#3492,#3493,#3494,#3495,#3496,#3497,#3498),
 .UNSPECIFIED.,.F.,.F.,(4,1,1,1,1,1,1,1,1,1,1,1,1,1,4),(141.371669411541,
141.493309973812,141.990560348393,142.487810722973,142.985061097553,143.482311472134,
143.979561846714,144.476812221295,144.974062595875,145.471312970456,145.968563345036,
146.465813719617,146.963064094197,147.460314468778,147.65485471872),
 .UNSPECIFIED.);
#215=B_SPLINE_CURVE_WITH_KNOTS('',3,(#3503,#3504,#3505,#3506,#3507,#3508,
#3509,#3510,#3511,#3512,#3513,#3514,#3515,#3516,#3517,#3518,#3519),
 .UNSPECIFIED.,.F.,.F.,(4,1,1,1,1,1,1,1,1,1,1,1,1,1,4),(135.088484104361,
135.128622852922,135.625988099932,136.123353346943,136.620718593954,137.118083840965,
137.615449087976,138.112814334987,138.610179581997,139.107544829008,139.604910076019,
140.10227532303,140.599640570041,141.097005817051,141.371669411541),
 .UNSPECIFIED.);
#216=B_SPLINE_CURVE_WITH_KNOTS('',3,(#3520,#3521,#3522,#3523,#3524,#3525,
#3526,#3527,#3528,#3529,#3530,#3531,#3532,#3533,#3534,#3535),
 .UNSPECIFIED.,.F.,.F.,(4,1,1,1,1,1,1,1,1,1,1,1,1,4),(135.088484104361,
135.526305478847,136.023555853427,136.520806228008,137.018056602588,137.515306977168,
138.012557351749,138.509807726329,139.00705810091,139.50430847549,140.001558850071,
140.498809224651,140.996059599232,141.371669411541),.UNSPECIFIED.);
#217=B_SPLINE_CURVE_WITH_KNOTS('',3,(#3540,#3541,#3542,#3543,#3544,#3545,
#3546,#3547,#3548,#3549,#3550,#3551,#3552,#3553,#3554,#3555),
 .UNSPECIFIED.,.F.,.F.,(4,1,1,1,1,1,1,1,1,1,1,1,1,4),(128.805298797182,
129.160239888792,129.657605135803,130.154970382814,130.652335629824,131.149700876835,
131.647066123846,132.144431370857,132.641796617868,133.139161864878,133.636527111889,
134.1338923589,134.631257605911,135.088484104361),.UNSPECIFIED.);
#218=B_SPLINE_CURVE_WITH_KNOTS('',3,(#3556,#3557,#3558,#3559,#3560,#3561,
#3562,#3563,#3564,#3565,#3566,#3567,#3568,#3569,#3570,#3571,#3572),
 .UNSPECIFIED.,.F.,.F.,(4,1,1,1,1,1,1,1,1,1,1,1,1,1,4),(128.805298797182,
129.062050609301,129.559300983881,130.056551358462,130.553801733042,131.051052107623,
131.548302482203,132.045552856783,132.542803231364,133.040053605944,133.537303980525,
134.034554355105,134.531804729686,135.029055104266,135.088484104361),
 .UNSPECIFIED.);
#219=B_SPLINE_CURVE_WITH_KNOTS('',3,(#3577,#3578,#3579,#3580,#3581,#3582,
#3583,#3584,#3585,#3586,#3587,#3588,#3589,#3590,#3591,#3592,#3593),
 .UNSPECIFIED.,.F.,.F.,(4,1,1,1,1,1,1,1,1,1,1,1,1,1,4),(122.522113490002,
122.694491677651,123.191856924662,123.689222171673,124.186587418684,124.683952665695,
125.181317912705,125.678683159716,126.176048406727,126.673413653738,127.170778900749,
127.668144147759,128.16550939477,128.662874641781,128.805298797182),
 .UNSPECIFIED.);
#220=B_SPLINE_CURVE_WITH_KNOTS('',3,(#3594,#3595,#3596,#3597,#3598,#3599,
#3600,#3601,#3602,#3603,#3604,#3605,#3606,#3607,#3608,#3609,#3610),
 .UNSPECIFIED.,.F.,.F.,(4,1,1,1,1,1,1,1,1,1,1,1,1,1,4),(122.522113490002,
122.597795739755,123.095046114335,123.592296488916,124.089546863496,124.586797238077,
125.084047612657,125.581297987238,126.078548361818,126.575798736398,127.073049110979,
127.570299485559,128.06754986014,128.56480023472,128.805298797182),
 .UNSPECIFIED.);
#221=B_SPLINE_CURVE_WITH_KNOTS('',3,(#3615,#3616,#3617,#3618,#3619,#3620,
#3621,#3622,#3623,#3624,#3625,#3626,#3627,#3628,#3629,#3630),
 .UNSPECIFIED.,.F.,.F.,(4,1,1,1,1,1,1,1,1,1,1,1,1,4),(116.238928182822,
116.726108713522,117.223473960532,117.720839207543,118.218204454554,118.715569701565,
119.212934948576,119.710300195586,120.207665442597,120.705030689608,121.202395936619,
121.69976118363,122.197126430641,122.522113490002),.UNSPECIFIED.);
#222=B_SPLINE_CURVE_WITH_KNOTS('',3,(#3631,#3632,#3633,#3634,#3635,#3636,
#3637,#3638,#3639,#3640,#3641,#3642,#3643,#3644,#3645,#3646),
 .UNSPECIFIED.,.F.,.F.,(4,1,1,1,1,1,1,1,1,1,1,1,1,4),(116.238928182822,
116.630791244789,117.12804161937,117.62529199395,118.122542368531,118.619792743111,
119.117043117692,119.614293492272,120.111543866853,120.608794241433,121.106044616013,
121.603294990594,122.100545365174,122.522113490002),.UNSPECIFIED.);
#223=B_SPLINE_CURVE_WITH_KNOTS('',3,(#3651,#3652,#3653,#3654,#3655,#3656,
#3657,#3658,#3659,#3660,#3661,#3662,#3663,#3664,#3665,#3666,#3667),
 .UNSPECIFIED.,.F.,.F.,(4,1,1,1,1,1,1,1,1,1,1,1,1,1,4),(109.955742875643,
110.260360502381,110.757725749392,111.255090996403,111.752456243413,112.249821490424,
112.747186737435,113.244551984446,113.741917231457,114.239282478468,114.736647725478,
115.234012972489,115.7313782195,116.228743466511,116.238928182822),
 .UNSPECIFIED.);
#224=B_SPLINE_CURVE_WITH_KNOTS('',3,(#3668,#3669,#3670,#3671,#3672,#3673,
#3674,#3675,#3676,#3677,#3678,#3679,#3680,#3681,#3682,#3683,#3684),
 .UNSPECIFIED.,.F.,.F.,(4,1,1,1,1,1,1,1,1,1,1,1,1,1,4),(109.955742875643,
110.166536375243,110.663786749824,111.161037124404,111.658287498985,112.155537873565,
112.652788248146,113.150038622726,113.647288997307,114.144539371887,114.641789746468,
115.139040121048,115.636290495628,116.133540870209,116.238928182822),
 .UNSPECIFIED.);
#225=B_SPLINE_CURVE_WITH_KNOTS('',3,(#3689,#3690,#3691,#3692,#3693,#3694,
#3695,#3696,#3697,#3698,#3699,#3700,#3701,#3702,#3703,#3704,#3705),
 .UNSPECIFIED.,.F.,.F.,(4,1,1,1,1,1,1,1,1,1,1,1,1,1,4),(103.672557568463,
103.79461229124,104.291977538251,104.789342785262,105.286708032273,105.784073279284,
106.281438526295,106.778803773305,107.276169020316,107.773534267327,108.270899514338,
108.768264761349,109.265630008359,109.76299525537,109.955742875643),
 .UNSPECIFIED.);
#226=B_SPLINE_CURVE_WITH_KNOTS('',3,(#3706,#3707,#3708,#3709,#3710,#3711,
#3712,#3713,#3714,#3715,#3716,#3717,#3718,#3719,#3720,#3721,#3722),
 .UNSPECIFIED.,.F.,.F.,(4,1,1,1,1,1,1,1,1,1,1,1,1,1,4),(103.672557568463,
103.702281505698,104.199531880278,104.696782254858,105.194032629439,105.691283004019,
106.1885333786,106.68578375318,107.183034127761,107.680284502341,108.177534876922,
108.674785251502,109.172035626083,109.669286000663,109.955742875643),
 .UNSPECIFIED.);
#227=B_SPLINE_CURVE_WITH_KNOTS('',3,(#3727,#3728,#3729,#3730,#3731,#3732,
#3733,#3734,#3735,#3736,#3737,#3738,#3739,#3740,#3741,#3742),
 .UNSPECIFIED.,.F.,.F.,(4,1,1,1,1,1,1,1,1,1,1,1,1,4),(97.3893722612837,
97.8262293271107,98.3235945741215,98.8209598211324,99.3183250681432,99.815690315154,
100.313055562165,100.810420809176,101.307786056186,101.805151303197,102.302516550208,
102.799881797219,103.29724704423,103.672557568463),.UNSPECIFIED.);
#228=B_SPLINE_CURVE_WITH_KNOTS('',3,(#3743,#3744,#3745,#3746,#3747,#3748,
#3749,#3750,#3751,#3752,#3753,#3754,#3755,#3756,#3757,#3758),
 .UNSPECIFIED.,.F.,.F.,(4,1,1,1,1,1,1,1,1,1,1,1,1,4),(97.3893722612836,
97.7352770107321,98.2325273853125,98.729777759893,99.2270281344734,99.7242785090539,
100.221528883634,100.718779258215,101.216029632795,101.713280007376,102.210530381956,
102.707780756537,103.205031131117,103.672557568463),.UNSPECIFIED.);
#229=B_SPLINE_CURVE_WITH_KNOTS('',3,(#3763,#3764,#3765,#3766,#3767,#3768,
#3769,#3770,#3771,#3772,#3773,#3774,#3775,#3776,#3777,#3778,#3779),
 .UNSPECIFIED.,.F.,.F.,(4,1,1,1,1,1,1,1,1,1,1,1,1,1,4),(91.1061869541041,
91.3604811159702,91.857846362981,92.3552116099918,92.8525768570026,93.3499421040134,
93.8473073510242,94.344672598035,94.8420378450459,95.3394030920567,95.8367683390675,
96.3341335860783,96.8314988330891,97.3288640800999,97.3893722612837),
 .UNSPECIFIED.);
#230=B_SPLINE_CURVE_WITH_KNOTS('',3,(#3780,#3781,#3782,#3783,#3784,#3785,
#3786,#3787,#3788,#3789,#3790,#3791,#3792,#3793,#3794,#3795,#3796),
 .UNSPECIFIED.,.F.,.F.,(4,1,1,1,1,1,1,1,1,1,1,1,1,1,4),(91.106186954104,
91.2710221411861,91.7682725157666,92.265522890347,92.7627732649275,93.2600236395079,
93.7572740140884,94.2545243886689,94.7517747632493,95.2490251378298,95.7462755124102,
96.2435258869907,96.7407762615711,97.2380266361516,97.3893722612836),
 .UNSPECIFIED.);
#231=B_SPLINE_CURVE_WITH_KNOTS('',3,(#3801,#3802,#3803,#3804,#3805,#3806,
#3807,#3808,#3809,#3810,#3811,#3812,#3813,#3814,#3815,#3816,#3817),
 .UNSPECIFIED.,.F.,.F.,(4,1,1,1,1,1,1,1,1,1,1,1,1,1,4),(84.8230016469245,
84.8947329048296,85.3920981518404,85.8894633988512,86.386828645862,86.8841938928728,
87.3815591398837,87.8789243868945,88.3762896339053,88.8736548809161,89.3710201279269,
89.8683853749377,90.3657506219485,90.8631158689593,91.1061869541041),
 .UNSPECIFIED.);
#232=B_SPLINE_CURVE_WITH_KNOTS('',3,(#3818,#3819,#3820,#3821,#3822,#3823,
#3824,#3825,#3826,#3827,#3828,#3829,#3830,#3831,#3832,#3833),
 .UNSPECIFIED.,.F.,.F.,(4,1,1,1,1,1,1,1,1,1,1,1,1,4),(84.8230016469245,
85.3040176462207,85.8012680208011,86.2985183953816,86.795768769962,87.2930191445425,
87.7902695191229,88.2875198937034,88.7847702682839,89.2820206428643,89.7792710174448,
90.2765213920252,90.7737717666057,91.106186954104),.UNSPECIFIED.);
#233=B_SPLINE_CURVE_WITH_KNOTS('',3,(#3838,#3839,#3840,#3841,#3842,#3843,
#3844,#3845,#3846,#3847,#3848,#3849,#3850,#3851,#3852,#3853),
 .UNSPECIFIED.,.F.,.F.,(4,1,1,1,1,1,1,1,1,1,1,1,1,4),(78.5398163397449,
78.9263499406999,79.4237151877107,79.9210804347215,80.4184456817323,80.9158109287431,
81.4131761757539,81.9105414227647,82.4079066697755,82.9052719167863,83.4026371637972,
83.900002410808,84.3973676578188,84.8230016469245),.UNSPECIFIED.);
#234=B_SPLINE_CURVE_WITH_KNOTS('',3,(#3854,#3855,#3856,#3857,#3858,#3859,
#3860,#3861,#3862,#3863,#3864,#3865,#3866,#3867,#3868,#3869,#3870),
 .UNSPECIFIED.,.F.,.F.,(4,1,1,1,1,1,1,1,1,1,1,1,1,1,4),(78.5398163397449,
78.8397627766747,79.3370131512552,79.8342635258357,80.3315139004161,80.8287642749966,
81.326014649577,81.8232650241575,82.3205153987379,82.8177657733184,83.3150161478988,
83.8122665224793,84.3095168970598,84.8067672716402,84.8230016469245),
 .UNSPECIFIED.);
#235=B_SPLINE_CURVE_WITH_KNOTS('',3,(#3875,#3876,#3877,#3878,#3879,#3880,
#3881,#3882,#3883,#3884,#3885,#3886,#3887,#3888,#3889,#3890,#3891),
 .UNSPECIFIED.,.F.,.F.,(4,1,1,1,1,1,1,1,1,1,1,1,1,1,4),(72.2566310325653,
72.4606017295593,72.9579669765701,73.4553322235809,73.9526974705917,74.4500627176025,
74.9474279646134,75.4447932116242,75.942158458635,76.4395237056458,76.9368889526566,
77.4342541996674,77.9316194466782,78.428984693689,78.5398163397449),
 .UNSPECIFIED.);
#236=B_SPLINE_CURVE_WITH_KNOTS('',3,(#3892,#3893,#3894,#3895,#3896,#3897,
#3898,#3899,#3900,#3901,#3902,#3903,#3904,#3905,#3906,#3907,#3908),
 .UNSPECIFIED.,.F.,.F.,(4,1,1,1,1,1,1,1,1,1,1,1,1,1,4),(72.2566310325653,
72.3755079071288,72.8727582817093,73.3700086562898,73.8672590308702,74.3645094054507,
74.8617597800311,75.3590101546116,75.856260529192,76.3535109037725,76.8507612783529,
77.3480116529334,77.8452620275139,78.3425124020943,78.5398163397449),
 .UNSPECIFIED.);
#237=B_SPLINE_CURVE_WITH_KNOTS('',3,(#3913,#3914,#3915,#3916,#3917,#3918,
#3919,#3920,#3921,#3922,#3923,#3924,#3925,#3926,#3927,#3928,#3929),
 .UNSPECIFIED.,.F.,.F.,(4,1,1,1,1,1,1,1,1,1,1,1,1,1,4),(65.9734457253857,
65.9948535184187,66.4922187654295,66.9895840124403,67.4869492594512,67.984314506462,
68.4816797534728,68.9790450004836,69.4764102474944,69.9737754945052,70.471140741516,
70.9685059885269,71.4658712355377,71.9632364825485,72.2566310325653),
 .UNSPECIFIED.);
#238=B_SPLINE_CURVE_WITH_KNOTS('',3,(#3930,#3931,#3932,#3933,#3934,#3935,
#3936,#3937,#3938,#3939,#3940,#3941,#3942,#3943,#3944,#3945),
 .UNSPECIFIED.,.F.,.F.,(4,1,1,1,1,1,1,1,1,1,1,1,1,4),(65.9734457253857,
66.4085034121634,66.9057537867438,67.4030041613243,67.9002545359047,68.3975049104852,
68.8947552850657,69.3920056596461,69.8892560342266,70.386506408807,70.8837567833875,
71.3810071579679,71.8782575325484,72.2566310325653),.UNSPECIFIED.);
#239=B_SPLINE_CURVE_WITH_KNOTS('',3,(#3950,#3951,#3952,#3953,#3954,#3955,
#3956,#3957,#3958,#3959,#3960,#3961,#3962,#3963,#3964,#3965),
 .UNSPECIFIED.,.F.,.F.,(4,1,1,1,1,1,1,1,1,1,1,1,1,4),(59.6902604182061,
60.026470554289,60.5238358012998,61.0212010483106,61.5185662953214,62.0159315423322,
62.513296789343,63.0106620363538,63.5080272833647,64.0053925303755,64.5027577773863,
65.0001230243971,65.4974882714079,65.9734457253857),.UNSPECIFIED.);
#240=B_SPLINE_CURVE_WITH_KNOTS('',3,(#3966,#3967,#3968,#3969,#3970,#3971,
#3972,#3973,#3974,#3975,#3976,#3977,#3978,#3979,#3980,#3981,#3982),
 .UNSPECIFIED.,.F.,.F.,(4,1,1,1,1,1,1,1,1,1,1,1,1,1,4),(59.6902604182061,
59.9442485426175,60.4414989171979,60.9387492917784,61.4359996663588,61.9332500409393,
62.4305004155197,62.9277507901002,63.4250011646806,63.9222515392611,64.4195019138416,
64.916752288422,65.4140026630025,65.9112530375829,65.9734457253857),
 .UNSPECIFIED.);
#241=B_SPLINE_CURVE_WITH_KNOTS('',3,(#3987,#3988,#3989,#3990,#3991,#3992,
#3993,#3994,#3995,#3996,#3997,#3998,#3999,#4000,#4001,#4002,#4003),
 .UNSPECIFIED.,.F.,.F.,(4,1,1,1,1,1,1,1,1,1,1,1,1,1,4),(53.4070751110265,
53.5607223431484,54.0580875901592,54.55545283717,55.0528180841808,55.5501833311917,
56.0475485782025,56.5449138252133,57.0422790722241,57.5396443192349,58.0370095662457,
58.5343748132565,59.0317400602673,59.5291053072782,59.6902604182061),
 .UNSPECIFIED.);
#242=B_SPLINE_CURVE_WITH_KNOTS('',3,(#4004,#4005,#4006,#4007,#4008,#4009,
#4010,#4011,#4012,#4013,#4014,#4015,#4016,#4017,#4018,#4019,#4020),
 .UNSPECIFIED.,.F.,.F.,(4,1,1,1,1,1,1,1,1,1,1,1,1,1,4),(53.4070751110265,
53.4799936730715,53.977244047652,54.4744944222324,54.9717447968129,55.4689951713934,
55.9662455459738,56.4634959205543,56.9607462951347,57.4579966697152,57.9552470442956,
58.4524974188761,58.9497477934565,59.446998168037,59.6902604182061),
 .UNSPECIFIED.);
#243=B_SPLINE_CURVE_WITH_KNOTS('',3,(#4025,#4026,#4027,#4028,#4029,#4030,
#4031,#4032,#4033,#4034,#4035,#4036,#4037,#4038,#4039,#4040),
 .UNSPECIFIED.,.F.,.F.,(4,1,1,1,1,1,1,1,1,1,1,1,1,4),(47.1238898038469,
47.5923393790187,48.0897046260295,48.5870698730403,49.0844351200511,49.5818003670619,
50.0791656140727,50.5765308610835,51.0738961080943,51.5712613551052,52.068626602116,
52.5659918491268,53.0633570961376,53.4070751110265),.UNSPECIFIED.);
#244=B_SPLINE_CURVE_WITH_KNOTS('',3,(#4041,#4042,#4043,#4044,#4045,#4046,
#4047,#4048,#4049,#4050,#4051,#4052,#4053,#4054,#4055,#4056),
 .UNSPECIFIED.,.F.,.F.,(4,1,1,1,1,1,1,1,1,1,1,1,1,4),(47.1238898038469,
47.5129891781061,48.0102395526865,48.507489927267,49.0047403018474,49.5019906764279,
49.9992410510084,50.4964914255888,50.9937418001693,51.4909921747497,51.9882425493302,
52.4854929239106,52.9827432984911,53.4070751110265),.UNSPECIFIED.);
#245=B_SPLINE_CURVE_WITH_KNOTS('',3,(#4061,#4062,#4063,#4064,#4065,#4066,
#4067,#4068,#4069,#4070,#4071,#4072,#4073,#4074,#4075,#4076,#4077),
 .UNSPECIFIED.,.F.,.F.,(4,1,1,1,1,1,1,1,1,1,1,1,1,1,4),(40.8407044966673,
41.1265911678781,41.6239564148889,42.1213216618997,42.6186869089105,43.1160521559213,
43.6134174029322,44.110782649943,44.6081478969538,45.1055131439646,45.6028783909754,
46.1002436379862,46.597608884997,47.0949741320078,47.1238898038469),
 .UNSPECIFIED.);
#246=B_SPLINE_CURVE_WITH_KNOTS('',3,(#4078,#4079,#4080,#4081,#4082,#4083,
#4084,#4085,#4086,#4087,#4088,#4089,#4090,#4091,#4092,#4093,#4094),
 .UNSPECIFIED.,.F.,.F.,(4,1,1,1,1,1,1,1,1,1,1,1,1,1,4),(40.8407044966673,
41.0487343085602,41.5459846831406,42.0432350577211,42.5404854323015,43.037735806882,
43.5349861814624,44.0322365560429,44.5294869306233,45.0267373052038,45.5239876797843,
46.0212380543647,46.5184884289452,47.0157388035256,47.1238898038469),
 .UNSPECIFIED.);
#247=B_SPLINE_CURVE_WITH_KNOTS('',3,(#4099,#4100,#4101,#4102,#4103,#4104,
#4105,#4106,#4107,#4108,#4109,#4110,#4111,#4112,#4113,#4114,#4115),
 .UNSPECIFIED.,.F.,.F.,(4,1,1,1,1,1,1,1,1,1,1,1,1,1,4),(34.5575191894878,
34.6608429567375,35.1582082037483,35.6555734507591,36.15293869777,36.6503039447808,
37.1476691917916,37.6450344388024,38.1423996858132,38.639764932824,39.1371301798348,
39.6344954268457,40.1318606738565,40.6292259208673,40.8407044966673),
 .UNSPECIFIED.);
#248=B_SPLINE_CURVE_WITH_KNOTS('',3,(#4116,#4117,#4118,#4119,#4120,#4121,
#4122,#4123,#4124,#4125,#4126,#4127,#4128,#4129,#4130,#4131,#4132),
 .UNSPECIFIED.,.F.,.F.,(4,1,1,1,1,1,1,1,1,1,1,1,1,1,4),(34.5575191894877,
34.5844794390142,35.0817298135947,35.5789801881752,36.0762305627556,36.5734809373361,
37.0707313119165,37.567981686497,38.0652320610774,38.5624824356579,39.0597328102383,
39.5569831848188,40.0542335593993,40.5514839339797,40.8407044966673),
 .UNSPECIFIED.);
#249=B_SPLINE_CURVE_WITH_KNOTS('',3,(#4137,#4138,#4139,#4140,#4141,#4142,
#4143,#4144,#4145,#4146,#4147,#4148,#4149,#4150,#4151,#4152),
 .UNSPECIFIED.,.F.,.F.,(4,1,1,1,1,1,1,1,1,1,1,1,1,4),(28.2743338823082,
28.6924599926078,29.1898252396186,29.6871904866294,30.1845557336402,30.681920980651,
31.1792862276618,31.6766514746727,32.1740167216835,32.6713819686943,33.1687472157051,
33.6661124627159,34.1634777097267,34.5575191894878),.UNSPECIFIED.);
#250=B_SPLINE_CURVE_WITH_KNOTS('',3,(#4153,#4154,#4155,#4156,#4157,#4158,
#4159,#4160,#4161,#4162,#4163,#4164,#4165,#4166,#4167,#4168),
 .UNSPECIFIED.,.F.,.F.,(4,1,1,1,1,1,1,1,1,1,1,1,1,4),(28.2743338823081,
28.6174749440488,29.1147253186292,29.6119756932097,30.1092260677901,30.6064764423706,
31.1037268169511,31.6009771915315,32.098227566112,32.5954779406924,33.0927283152729,
33.5899786898533,34.0872290644338,34.5575191894877),.UNSPECIFIED.);
#251=B_SPLINE_CURVE_WITH_KNOTS('',3,(#4173,#4174,#4175,#4176,#4177,#4178,
#4179,#4180,#4181,#4182,#4183,#4184,#4185,#4186,#4187,#4188,#4189),
 .UNSPECIFIED.,.F.,.F.,(4,1,1,1,1,1,1,1,1,1,1,1,1,1,4),(21.9911485751286,
22.2267117814672,22.724077028478,23.2214422754888,23.7188075224997,24.2161727695105,
24.7135380165213,25.2109032635321,25.7082685105429,26.2056337575537,26.7029990045645,
27.2003642515753,27.6977294985862,28.195094745597,28.2743338823082),
 .UNSPECIFIED.);
#252=B_SPLINE_CURVE_WITH_KNOTS('',3,(#4190,#4191,#4192,#4193,#4194,#4195,
#4196,#4197,#4198,#4199,#4200,#4201,#4202,#4203,#4204,#4205,#4206),
 .UNSPECIFIED.,.F.,.F.,(4,1,1,1,1,1,1,1,1,1,1,1,1,1,4),(21.9911485751285,
22.1532200745029,22.6504704490833,23.1477208236638,23.6449711982442,24.1422215728247,
24.6394719474051,25.1367223219856,25.633972696566,26.1312230711465,26.628473445727,
27.1257238203074,27.6229741948879,28.1202245694683,28.2743338823081),
 .UNSPECIFIED.);
#253=B_SPLINE_CURVE_WITH_KNOTS('',3,(#4213,#4214,#4215,#4216,#4217,#4218,
#4219,#4220,#4221,#4222,#4223,#4224,#4225,#4226),.UNSPECIFIED.,.F.,.F.,
(4,1,1,1,1,1,1,1,1,1,1,4),(16.7556940643483,17.2530593113591,17.7504245583699,
18.2477898053807,18.7451550523915,19.2425202994023,19.7398855464132,20.237250793424,
20.7346160404348,21.2319812874456,21.7293465344564,21.9911485751286),
 .UNSPECIFIED.);
#254=B_SPLINE_CURVE_WITH_KNOTS('',3,(#4227,#4228,#4229,#4230,#4231,#4232,
#4233,#4234,#4235,#4236,#4237,#4238,#4239,#4240,#4241,#4242),
 .UNSPECIFIED.,.F.,.F.,(4,1,1,1,1,1,1,1,1,1,1,1,1,4),(15.707963267949,16.1862155795374,
16.6834659541178,17.1807163286983,17.6779667032788,18.1752170778592,18.6724674524397,
19.1697178270201,19.6669682016006,20.164218576181,20.6614689507615,21.1587193253419,
21.6559696999224,21.9911485751285),.UNSPECIFIED.);
#255=B_SPLINE_CURVE_WITH_KNOTS('',3,(#4250,#4251,#4252,#4253,#4254,#4255,
#4256,#4257,#4258,#4259,#4260,#4261,#4262,#4263,#4264,#4265,#4266,#4267,
#4268,#4269,#4270,#4271,#4272,#4273,#4274,#4275,#4276,#4277,#4278,#4279,
#4280,#4281,#4282,#4283,#4284,#4285,#4286,#4287,#4288,#4289,#4290,#4291,
#4292,#4293,#4294,#4295,#4296,#4297,#4298,#4299,#4300,#4301,#4302,#4303,
#4304,#4305,#4306,#4307),.UNSPECIFIED.,.F.,.F.,(4,3,3,3,3,3,3,3,3,3,3,3,
3,3,3,3,3,3,3,4),(-0.694415684852412,-0.651776467485022,-0.608408798350891,
-0.564327064506418,-0.519580995175883,-0.500532784771875,-0.493008998478983,
-0.445700191785507,-0.397185373244554,-0.360239305300448,-0.315209392137892,
-0.295508805129274,-0.28624922318478,-0.278738151801755,-0.226795056466805,
-0.174010658500922,-0.120003013824586,-0.0653906178180209,-0.0102097639408999,
0.),.UNSPECIFIED.);
#256=B_SPLINE_CURVE_WITH_KNOTS('',3,(#4310,#4311,#4312,#4313,#4314,#4315,
#4316,#4317,#4318,#4319,#4320,#4321,#4322,#4323,#4324,#4325,#4326,#4327,
#4328,#4329,#4330,#4331,#4332,#4333,#4334,#4335,#4336,#4337,#4338,#4339,
#4340,#4341,#4342,#4343,#4344,#4345,#4346,#4347,#4348,#4349,#4350,#4351,
#4352,#4353,#4354,#4355,#4356,#4357,#4358,#4359,#4360,#4361),
 .UNSPECIFIED.,.F.,.F.,(4,3,3,3,3,3,3,3,3,3,3,3,3,3,3,3,3,4),(-0.689375724005689,
-0.63438808658026,-0.580025289917285,-0.526475062373123,-0.471665480851639,
-0.449188196937652,-0.438803154202816,-0.388876528607264,-0.339792137239787,
-0.307236736287185,-0.259451491077846,-0.227020054693115,-0.219516435908709,
-0.174445765025234,-0.130349708436712,-0.0868954382925627,-0.0434477191462814,
0.),.UNSPECIFIED.);
#257=B_SPLINE_CURVE_WITH_KNOTS('',3,(#5574,#5575,#5576,#5577,#5578,#5579,
#5580),.UNSPECIFIED.,.F.,.F.,(4,1,1,1,4),(14.6602324715497,14.694464455796,
15.1917148303765,15.6889652049569,15.707963267949),.UNSPECIFIED.);
#258=B_SPLINE_CURVE_WITH_KNOTS('',3,(#5582,#5583,#5584,#5585,#5586,#5587,
#5588,#5589,#5590,#5591,#5592,#5593,#5594,#5595,#5596,#5597,#5598,#5599,
#5600,#5601,#5602,#5603,#5604,#5605,#5606,#5607,#5608,#5609,#5610,#5611,
#5612,#5613,#5614,#5615,#5616,#5617,#5618,#5619,#5620,#5621,#5622,#5623,
#5624,#5625,#5626,#5627,#5628,#5629,#5630,#5631,#5632,#5633,#5634,#5635,
#5636,#5637,#5638,#5639),.UNSPECIFIED.,.F.,.F.,(4,3,3,3,3,3,3,3,3,3,3,3,
3,3,3,3,3,3,3,4),(-3.1193899357663,-3.07113457017426,-3.02210959225087,
-2.9735353539812,-2.93710467527895,-2.92879672427283,-2.92282212091082,
-2.87228626884391,-2.82781263917221,-2.77754517445544,-2.74582249190098,
-2.73337789941118,-2.72514288695771,-2.67401999022534,-2.62240627698621,
-2.57072136220509,-2.52376371401976,-2.4961085493883,-2.48997306839756,
-2.46845338475685),.UNSPECIFIED.);
#259=B_SPLINE_CURVE_WITH_KNOTS('',3,(#5641,#5642,#5643,#5644,#5645,#5646,
#5647,#5648,#5649,#5650,#5651,#5652,#5653,#5654,#5655,#5656,#5657,#5658,
#5659,#5660,#5661,#5662,#5663,#5664,#5665,#5666,#5667,#5668,#5669,#5670,
#5671,#5672,#5673,#5674,#5675,#5676,#5677,#5678,#5679,#5680,#5681,#5682,
#5683,#5684,#5685,#5686,#5687,#5688,#5689,#5690,#5691,#5692,#5693,#5694,
#5695,#5696,#5697,#5698,#5699,#5700,#5701,#5702,#5703,#5704,#5705,#5706,
#5707,#5708,#5709,#5710,#5711,#5712,#5713,#5714,#5715,#5716,#5717,#5718,
#5719,#5720,#5721,#5722,#5723,#5724,#5725,#5726,#5727,#5728,#5729,#5730,
#5731,#5732,#5733,#5734,#5735,#5736,#5737,#5738,#5739,#5740,#5741,#5742,
#5743,#5744,#5745,#5746,#5747,#5748,#5749,#5750,#5751,#5752,#5753,#5754,
#5755,#5756,#5757,#5758,#5759,#5760,#5761,#5762,#5763,#5764,#5765,#5766,
#5767,#5768,#5769,#5770,#5771,#5772,#5773,#5774,#5775,#5776,#5777,#5778,
#5779,#5780,#5781,#5782,#5783,#5784,#5785,#5786,#5787,#5788,#5789,#5790,
#5791,#5792,#5793,#5794,#5795,#5796,#5797,#5798,#5799,#5800,#5801,#5802,
#5803,#5804,#5805,#5806,#5807,#5808,#5809,#5810,#5811,#5812,#5813,#5814,
#5815,#5816,#5817,#5818,#5819,#5820,#5821,#5822,#5823,#5824,#5825,#5826,
#5827),.UNSPECIFIED.,.F.,.F.,(4,3,3,3,3,3,3,3,3,3,3,3,3,3,3,3,3,3,3,3,3,
3,3,3,3,3,3,3,3,3,3,3,3,3,3,3,3,3,3,3,3,3,3,3,3,3,3,3,3,3,3,3,3,3,3,3,3,
3,3,3,3,3,4),(-2.46845338475685,-2.41656569540973,-2.36369559215293,-2.31072242856996,
-2.25919008833963,-2.24822500051108,-2.23902256150234,-2.20765774810931,
-2.15466467559408,-2.10092177430951,-2.04549425482733,-2.0039236152157,
-1.99248394431174,-1.98452698534275,-1.92933729808387,-1.8792116963808,
-1.82431842503251,-1.7690393463927,-1.7402260748051,-1.72737819112507,-1.72082235105318,
-1.66481836326995,-1.60835601822281,-1.55186126747083,-1.53853317369192,
-1.49444920350509,-1.47401211707996,-1.4632461771066,-1.45333877667967,
-1.39687105319094,-1.33930563215379,-1.2815554273685,-1.22427900301286,
-1.18586141219732,-1.17662758130302,-1.11935943183458,-1.06118303445933,
-1.00115779581119,-0.942395288704879,-0.912066986495349,-0.90169430235356,
-0.892397487971315,-0.832583188760482,-0.821082079866761,-0.761889279494232,
-0.702064950148923,-0.642046089882195,-0.61728384836732,-0.608428819020457,
-0.600942129052378,-0.540250082143255,-0.479034637473978,-0.443948157763193,
-0.38301716679241,-0.341977549159955,-0.319792714576167,-0.307475882071197,
-0.300383607136161,-0.238638029502718,-0.176400841052896,-0.114168166931894,
-0.0547002257327701,0.),.UNSPECIFIED.);
#260=B_SPLINE_CURVE_WITH_KNOTS('',3,(#5828,#5829,#5830,#5831,#5832,#5833,
#5834,#5835,#5836,#5837,#5838,#5839,#5840,#5841,#5842,#5843,#5844,#5845,
#5846,#5847,#5848,#5849,#5850,#5851,#5852,#5853,#5854,#5855),
 .UNSPECIFIED.,.F.,.F.,(4,3,3,3,3,3,3,3,3,4),(144.950465299649,145.434244986654,
145.931495361234,146.428745735814,146.925996110395,147.423246484975,147.920496859556,
148.417747234136,148.914997608717,149.343460770023),.UNSPECIFIED.);
#261=B_SPLINE_CURVE_WITH_KNOTS('',3,(#5859,#5860,#5861,#5862,#5863,#5864,
#5865,#5866,#5867,#5868,#5869,#5870,#5871,#5872,#5873,#5874,#5875,#5876,
#5877,#5878,#5879,#5880,#5881,#5882,#5883,#5884,#5885,#5886,#5887,#5888,
#5889,#5890,#5891,#5892,#5893,#5894,#5895,#5896,#5897,#5898,#5899,#5900,
#5901,#5902,#5903,#5904,#5905,#5906,#5907,#5908,#5909,#5910,#5911,#5912,
#5913,#5914,#5915,#5916,#5917,#5918,#5919,#5920,#5921,#5922,#5923,#5924,
#5925,#5926,#5927,#5928,#5929,#5930,#5931,#5932,#5933,#5934,#5935,#5936,
#5937,#5938,#5939,#5940,#5941,#5942,#5943,#5944,#5945,#5946,#5947,#5948,
#5949,#5950,#5951,#5952,#5953,#5954,#5955,#5956,#5957,#5958,#5959,#5960,
#5961,#5962,#5963,#5964,#5965,#5966,#5967,#5968,#5969,#5970,#5971,#5972,
#5973,#5974,#5975,#5976,#5977,#5978,#5979,#5980,#5981,#5982,#5983,#5984,
#5985,#5986,#5987,#5988,#5989,#5990,#5991,#5992,#5993,#5994,#5995,#5996,
#5997,#5998,#5999,#6000),.UNSPECIFIED.,.F.,.F.,(4,3,3,3,3,3,3,3,3,3,3,3,
3,3,3,3,3,3,3,3,3,3,3,3,3,3,3,3,3,3,3,3,3,3,3,3,3,3,3,3,3,3,3,3,3,3,3,4),
(-1.80741249868109,-1.74631989830548,-1.69909322341701,-1.63767725626786,
-1.57670853861622,-1.54436476975704,-1.53573788427283,-1.52792097685067,
-1.46833759134868,-1.40907342605918,-1.35078972980126,-1.3179583877428,
-1.29459735323832,-1.27288068484022,-1.26605710409608,-1.2084607378879,
-1.15071863042159,-1.09363757643511,-1.03728279181768,-0.99744015860871,
-0.988240800157822,-0.957597525399744,-0.901923362047133,-0.846224509987994,
-0.789096554079205,-0.746250587147614,-0.72726206246914,-0.721442629426111,
-0.6680529015581,-0.617712686352839,-0.56410215111952,-0.511016049868497,
-0.484445072764509,-0.4715384654927,-0.464924706986641,-0.413381207842166,
-0.362121566178762,-0.311662051843982,-0.298448233036593,-0.261142203907019,
-0.242747786886023,-0.232187487194389,-0.224788802420112,-0.175324280948955,
-0.126045828244859,-0.0772648473144234,-0.0295373912714833,0.),
 .UNSPECIFIED.);
#262=B_SPLINE_CURVE_WITH_KNOTS('',3,(#7209,#7210,#7211,#7212,#7213,#7214,
#7215,#7216,#7217,#7218,#7219,#7220,#7221,#7222,#7223,#7224),
 .UNSPECIFIED.,.F.,.F.,(4,3,3,3,3,4),(-150.303729534938,-149.943041107542,
-149.445675860531,-148.94831061352,-148.45094536651,-148.177920249116),
 .UNSPECIFIED.);
#263=LINE('',#1375,#315);
#264=LINE('',#1429,#316);
#265=LINE('',#1516,#317);
#266=LINE('',#1603,#318);
#267=LINE('',#1690,#319);
#268=LINE('',#1780,#320);
#269=LINE('',#1867,#321);
#270=LINE('',#1954,#322);
#271=LINE('',#2041,#323);
#272=LINE('',#2131,#324);
#273=LINE('',#2218,#325);
#274=LINE('',#2305,#326);
#275=LINE('',#2395,#327);
#276=LINE('',#2482,#328);
#277=LINE('',#2569,#329);
#278=LINE('',#2656,#330);
#279=LINE('',#2746,#331);
#280=LINE('',#2833,#332);
#281=LINE('',#2920,#333);
#282=LINE('',#3007,#334);
#283=LINE('',#3097,#335);
#284=LINE('',#3184,#336);
#285=LINE('',#3271,#337);
#286=LINE('',#3361,#338);
#287=LINE('',#3390,#339);
#288=LINE('',#3427,#340);
#289=LINE('',#3464,#341);
#290=LINE('',#3502,#342);
#291=LINE('',#3539,#343);
#292=LINE('',#3576,#344);
#293=LINE('',#3614,#345);
#294=LINE('',#3650,#346);
#295=LINE('',#3688,#347);
#296=LINE('',#3726,#348);
#297=LINE('',#3762,#349);
#298=LINE('',#3800,#350);
#299=LINE('',#3837,#351);
#300=LINE('',#3874,#352);
#301=LINE('',#3912,#353);
#302=LINE('',#3949,#354);
#303=LINE('',#3986,#355);
#304=LINE('',#4024,#356);
#305=LINE('',#4060,#357);
#306=LINE('',#4098,#358);
#307=LINE('',#4136,#359);
#308=LINE('',#4172,#360);
#309=LINE('',#4210,#361);
#310=LINE('',#4247,#362);
#311=LINE('',#6003,#363);
#312=LINE('',#7231,#364);
#313=LINE('',#7238,#365);
#314=LINE('',#7242,#366);
#315=VECTOR('',#1179,7.5);
#316=VECTOR('',#1184,7.5);
#317=VECTOR('',#1187,7.5);
#318=VECTOR('',#1190,7.5);
#319=VECTOR('',#1193,7.5);
#320=VECTOR('',#1196,7.5);
#321=VECTOR('',#1199,7.5);
#322=VECTOR('',#1202,7.5);
#323=VECTOR('',#1205,7.5);
#324=VECTOR('',#1208,7.5);
#325=VECTOR('',#1211,7.5);
#326=VECTOR('',#1214,7.5);
#327=VECTOR('',#1217,7.5);
#328=VECTOR('',#1220,7.5);
#329=VECTOR('',#1223,7.5);
#330=VECTOR('',#1226,7.5);
#331=VECTOR('',#1229,7.5);
#332=VECTOR('',#1232,7.5);
#333=VECTOR('',#1235,7.5);
#334=VECTOR('',#1238,7.5);
#335=VECTOR('',#1241,7.5);
#336=VECTOR('',#1244,7.5);
#337=VECTOR('',#1247,7.5);
#338=VECTOR('',#1250,5.6435);
#339=VECTOR('',#1255,5.6435);
#340=VECTOR('',#1258,5.6435);
#341=VECTOR('',#1261,5.6435);
#342=VECTOR('',#1264,5.6435);
#343=VECTOR('',#1267,5.6435);
#344=VECTOR('',#1270,5.6435);
#345=VECTOR('',#1273,5.6435);
#346=VECTOR('',#1276,5.6435);
#347=VECTOR('',#1279,5.6435);
#348=VECTOR('',#1282,5.6435);
#349=VECTOR('',#1285,5.6435);
#350=VECTOR('',#1288,5.6435);
#351=VECTOR('',#1291,5.6435);
#352=VECTOR('',#1294,5.6435);
#353=VECTOR('',#1297,5.6435);
#354=VECTOR('',#1300,5.6435);
#355=VECTOR('',#1303,5.6435);
#356=VECTOR('',#1306,5.6435);
#357=VECTOR('',#1309,5.6435);
#358=VECTOR('',#1312,5.6435);
#359=VECTOR('',#1315,5.6435);
#360=VECTOR('',#1318,5.6435);
#361=VECTOR('',#1321,5.6435);
#362=VECTOR('',#1328,14.5);
#363=VECTOR('',#1341,5.5);
#364=VECTOR('',#1352,15.5);
#365=VECTOR('',#1361,20.);
#366=VECTOR('',#1366,11.);
#367=VERTEX_POINT('',#1373);
#368=VERTEX_POINT('',#1374);
#369=VERTEX_POINT('',#1376);
#370=VERTEX_POINT('',#1408);
#371=VERTEX_POINT('',#1427);
#372=VERTEX_POINT('',#1428);
#373=VERTEX_POINT('',#1514);
#374=VERTEX_POINT('',#1515);
#375=VERTEX_POINT('',#1601);
#376=VERTEX_POINT('',#1602);
#377=VERTEX_POINT('',#1688);
#378=VERTEX_POINT('',#1689);
#379=VERTEX_POINT('',#1778);
#380=VERTEX_POINT('',#1779);
#381=VERTEX_POINT('',#1865);
#382=VERTEX_POINT('',#1866);
#383=VERTEX_POINT('',#1952);
#384=VERTEX_POINT('',#1953);
#385=VERTEX_POINT('',#2039);
#386=VERTEX_POINT('',#2040);
#387=VERTEX_POINT('',#2129);
#388=VERTEX_POINT('',#2130);
#389=VERTEX_POINT('',#2216);
#390=VERTEX_POINT('',#2217);
#391=VERTEX_POINT('',#2303);
#392=VERTEX_POINT('',#2304);
#393=VERTEX_POINT('',#2393);
#394=VERTEX_POINT('',#2394);
#395=VERTEX_POINT('',#2480);
#396=VERTEX_POINT('',#2481);
#397=VERTEX_POINT('',#2567);
#398=VERTEX_POINT('',#2568);
#399=VERTEX_POINT('',#2654);
#400=VERTEX_POINT('',#2655);
#401=VERTEX_POINT('',#2744);
#402=VERTEX_POINT('',#2745);
#403=VERTEX_POINT('',#2831);
#404=VERTEX_POINT('',#2832);
#405=VERTEX_POINT('',#2918);
#406=VERTEX_POINT('',#2919);
#407=VERTEX_POINT('',#3005);
#408=VERTEX_POINT('',#3006);
#409=VERTEX_POINT('',#3095);
#410=VERTEX_POINT('',#3096);
#411=VERTEX_POINT('',#3182);
#412=VERTEX_POINT('',#3183);
#413=VERTEX_POINT('',#3269);
#414=VERTEX_POINT('',#3270);
#415=VERTEX_POINT('',#3359);
#416=VERTEX_POINT('',#3360);
#417=VERTEX_POINT('',#3362);
#418=VERTEX_POINT('',#3376);
#419=VERTEX_POINT('',#3388);
#420=VERTEX_POINT('',#3389);
#421=VERTEX_POINT('',#3425);
#422=VERTEX_POINT('',#3426);
#423=VERTEX_POINT('',#3462);
#424=VERTEX_POINT('',#3463);
#425=VERTEX_POINT('',#3500);
#426=VERTEX_POINT('',#3501);
#427=VERTEX_POINT('',#3537);
#428=VERTEX_POINT('',#3538);
#429=VERTEX_POINT('',#3574);
#430=VERTEX_POINT('',#3575);
#431=VERTEX_POINT('',#3612);
#432=VERTEX_POINT('',#3613);
#433=VERTEX_POINT('',#3648);
#434=VERTEX_POINT('',#3649);
#435=VERTEX_POINT('',#3686);
#436=VERTEX_POINT('',#3687);
#437=VERTEX_POINT('',#3724);
#438=VERTEX_POINT('',#3725);
#439=VERTEX_POINT('',#3760);
#440=VERTEX_POINT('',#3761);
#441=VERTEX_POINT('',#3798);
#442=VERTEX_POINT('',#3799);
#443=VERTEX_POINT('',#3835);
#444=VERTEX_POINT('',#3836);
#445=VERTEX_POINT('',#3872);
#446=VERTEX_POINT('',#3873);
#447=VERTEX_POINT('',#3910);
#448=VERTEX_POINT('',#3911);
#449=VERTEX_POINT('',#3947);
#450=VERTEX_POINT('',#3948);
#451=VERTEX_POINT('',#3984);
#452=VERTEX_POINT('',#3985);
#453=VERTEX_POINT('',#4022);
#454=VERTEX_POINT('',#4023);
#455=VERTEX_POINT('',#4058);
#456=VERTEX_POINT('',#4059);
#457=VERTEX_POINT('',#4096);
#458=VERTEX_POINT('',#4097);
#459=VERTEX_POINT('',#4134);
#460=VERTEX_POINT('',#4135);
#461=VERTEX_POINT('',#4170);
#462=VERTEX_POINT('',#4171);
#463=VERTEX_POINT('',#4208);
#464=VERTEX_POINT('',#4209);
#465=VERTEX_POINT('',#4211);
#466=VERTEX_POINT('',#4244);
#467=VERTEX_POINT('',#4246);
#468=VERTEX_POINT('',#4308);
#469=VERTEX_POINT('',#5581);
#470=VERTEX_POINT('',#5640);
#471=VERTEX_POINT('',#5858);
#472=VERTEX_POINT('',#6002);
#473=VERTEX_POINT('',#7228);
#474=VERTEX_POINT('',#7230);
#475=VERTEX_POINT('',#7232);
#476=VERTEX_POINT('',#7236);
#477=VERTEX_POINT('',#7241);
#478=EDGE_CURVE('',#367,#368,#263,.T.);
#479=EDGE_CURVE('',#367,#369,#161,.T.);
#480=EDGE_CURVE('',#369,#370,#148,.T.);
#481=EDGE_CURVE('',#370,#368,#162,.T.);
#482=EDGE_CURVE('',#371,#372,#264,.T.);
#483=EDGE_CURVE('',#371,#367,#163,.T.);
#484=EDGE_CURVE('',#368,#372,#164,.T.);
#485=EDGE_CURVE('',#373,#374,#265,.T.);
#486=EDGE_CURVE('',#373,#371,#165,.T.);
#487=EDGE_CURVE('',#372,#374,#166,.T.);
#488=EDGE_CURVE('',#375,#376,#266,.T.);
#489=EDGE_CURVE('',#375,#373,#167,.T.);
#490=EDGE_CURVE('',#374,#376,#168,.T.);
#491=EDGE_CURVE('',#377,#378,#267,.T.);
#492=EDGE_CURVE('',#377,#375,#169,.T.);
#493=EDGE_CURVE('',#376,#378,#170,.T.);
#494=EDGE_CURVE('',#379,#380,#268,.T.);
#495=EDGE_CURVE('',#379,#377,#171,.T.);
#496=EDGE_CURVE('',#378,#380,#172,.T.);
#497=EDGE_CURVE('',#381,#382,#269,.T.);
#498=EDGE_CURVE('',#381,#379,#173,.T.);
#499=EDGE_CURVE('',#380,#382,#174,.T.);
#500=EDGE_CURVE('',#383,#384,#270,.T.);
#501=EDGE_CURVE('',#383,#381,#175,.T.);
#502=EDGE_CURVE('',#382,#384,#176,.T.);
#503=EDGE_CURVE('',#385,#386,#271,.T.);
#504=EDGE_CURVE('',#385,#383,#177,.T.);
#505=EDGE_CURVE('',#384,#386,#178,.T.);
#506=EDGE_CURVE('',#387,#388,#272,.T.);
#507=EDGE_CURVE('',#387,#385,#179,.T.);
#508=EDGE_CURVE('',#386,#388,#180,.T.);
#509=EDGE_CURVE('',#389,#390,#273,.T.);
#510=EDGE_CURVE('',#389,#387,#181,.T.);
#511=EDGE_CURVE('',#388,#390,#182,.T.);
#512=EDGE_CURVE('',#391,#392,#274,.T.);
#513=EDGE_CURVE('',#391,#389,#183,.T.);
#514=EDGE_CURVE('',#390,#392,#184,.T.);
#515=EDGE_CURVE('',#393,#394,#275,.T.);
#516=EDGE_CURVE('',#393,#391,#185,.T.);
#517=EDGE_CURVE('',#392,#394,#186,.T.);
#518=EDGE_CURVE('',#395,#396,#276,.T.);
#519=EDGE_CURVE('',#395,#393,#187,.T.);
#520=EDGE_CURVE('',#394,#396,#188,.T.);
#521=EDGE_CURVE('',#397,#398,#277,.T.);
#522=EDGE_CURVE('',#397,#395,#189,.T.);
#523=EDGE_CURVE('',#396,#398,#190,.T.);
#524=EDGE_CURVE('',#399,#400,#278,.T.);
#525=EDGE_CURVE('',#399,#397,#191,.T.);
#526=EDGE_CURVE('',#398,#400,#192,.T.);
#527=EDGE_CURVE('',#401,#402,#279,.T.);
#528=EDGE_CURVE('',#401,#399,#193,.T.);
#529=EDGE_CURVE('',#400,#402,#194,.T.);
#530=EDGE_CURVE('',#403,#404,#280,.T.);
#531=EDGE_CURVE('',#403,#401,#195,.T.);
#532=EDGE_CURVE('',#402,#404,#196,.T.);
#533=EDGE_CURVE('',#405,#406,#281,.T.);
#534=EDGE_CURVE('',#405,#403,#197,.T.);
#535=EDGE_CURVE('',#404,#406,#198,.T.);
#536=EDGE_CURVE('',#407,#408,#282,.T.);
#537=EDGE_CURVE('',#407,#405,#199,.T.);
#538=EDGE_CURVE('',#406,#408,#200,.T.);
#539=EDGE_CURVE('',#409,#410,#283,.T.);
#540=EDGE_CURVE('',#409,#407,#201,.T.);
#541=EDGE_CURVE('',#408,#410,#202,.T.);
#542=EDGE_CURVE('',#411,#412,#284,.T.);
#543=EDGE_CURVE('',#411,#409,#203,.T.);
#544=EDGE_CURVE('',#410,#412,#204,.T.);
#545=EDGE_CURVE('',#413,#414,#285,.T.);
#546=EDGE_CURVE('',#413,#411,#205,.T.);
#547=EDGE_CURVE('',#412,#414,#206,.T.);
#548=EDGE_CURVE('',#415,#416,#286,.T.);
#549=EDGE_CURVE('',#415,#417,#207,.T.);
#550=EDGE_CURVE('',#417,#418,#149,.T.);
#551=EDGE_CURVE('',#416,#418,#208,.T.);
#552=EDGE_CURVE('',#419,#420,#287,.T.);
#553=EDGE_CURVE('',#419,#415,#209,.T.);
#554=EDGE_CURVE('',#420,#416,#210,.T.);
#555=EDGE_CURVE('',#421,#422,#288,.T.);
#556=EDGE_CURVE('',#421,#419,#211,.T.);
#557=EDGE_CURVE('',#422,#420,#212,.T.);
#558=EDGE_CURVE('',#423,#424,#289,.T.);
#559=EDGE_CURVE('',#423,#421,#213,.T.);
#560=EDGE_CURVE('',#424,#422,#214,.T.);
#561=EDGE_CURVE('',#425,#426,#290,.T.);
#562=EDGE_CURVE('',#425,#423,#215,.T.);
#563=EDGE_CURVE('',#426,#424,#216,.T.);
#564=EDGE_CURVE('',#427,#428,#291,.T.);
#565=EDGE_CURVE('',#427,#425,#217,.T.);
#566=EDGE_CURVE('',#428,#426,#218,.T.);
#567=EDGE_CURVE('',#429,#430,#292,.T.);
#568=EDGE_CURVE('',#429,#427,#219,.T.);
#569=EDGE_CURVE('',#430,#428,#220,.T.);
#570=EDGE_CURVE('',#431,#432,#293,.T.);
#571=EDGE_CURVE('',#431,#429,#221,.T.);
#572=EDGE_CURVE('',#432,#430,#222,.T.);
#573=EDGE_CURVE('',#433,#434,#294,.T.);
#574=EDGE_CURVE('',#433,#431,#223,.T.);
#575=EDGE_CURVE('',#434,#432,#224,.T.);
#576=EDGE_CURVE('',#435,#436,#295,.T.);
#577=EDGE_CURVE('',#435,#433,#225,.T.);
#578=EDGE_CURVE('',#436,#434,#226,.T.);
#579=EDGE_CURVE('',#437,#438,#296,.T.);
#580=EDGE_CURVE('',#437,#435,#227,.T.);
#581=EDGE_CURVE('',#438,#436,#228,.T.);
#582=EDGE_CURVE('',#439,#440,#297,.T.);
#583=EDGE_CURVE('',#439,#437,#229,.T.);
#584=EDGE_CURVE('',#440,#438,#230,.T.);
#585=EDGE_CURVE('',#441,#442,#298,.T.);
#586=EDGE_CURVE('',#441,#439,#231,.T.);
#587=EDGE_CURVE('',#442,#440,#232,.T.);
#588=EDGE_CURVE('',#443,#444,#299,.T.);
#589=EDGE_CURVE('',#443,#441,#233,.T.);
#590=EDGE_CURVE('',#444,#442,#234,.T.);
#591=EDGE_CURVE('',#445,#446,#300,.T.);
#592=EDGE_CURVE('',#445,#443,#235,.T.);
#593=EDGE_CURVE('',#446,#444,#236,.T.);
#594=EDGE_CURVE('',#447,#448,#301,.T.);
#595=EDGE_CURVE('',#447,#445,#237,.T.);
#596=EDGE_CURVE('',#448,#446,#238,.T.);
#597=EDGE_CURVE('',#449,#450,#302,.T.);
#598=EDGE_CURVE('',#449,#447,#239,.T.);
#599=EDGE_CURVE('',#450,#448,#240,.T.);
#600=EDGE_CURVE('',#451,#452,#303,.T.);
#601=EDGE_CURVE('',#451,#449,#241,.T.);
#602=EDGE_CURVE('',#452,#450,#242,.T.);
#603=EDGE_CURVE('',#453,#454,#304,.T.);
#604=EDGE_CURVE('',#453,#451,#243,.T.);
#605=EDGE_CURVE('',#454,#452,#244,.T.);
#606=EDGE_CURVE('',#455,#456,#305,.T.);
#607=EDGE_CURVE('',#455,#453,#245,.T.);
#608=EDGE_CURVE('',#456,#454,#246,.T.);
#609=EDGE_CURVE('',#457,#458,#306,.T.);
#610=EDGE_CURVE('',#457,#455,#247,.T.);
#611=EDGE_CURVE('',#458,#456,#248,.T.);
#612=EDGE_CURVE('',#459,#460,#307,.T.);
#613=EDGE_CURVE('',#459,#457,#249,.T.);
#614=EDGE_CURVE('',#460,#458,#250,.T.);
#615=EDGE_CURVE('',#461,#462,#308,.T.);
#616=EDGE_CURVE('',#461,#459,#251,.T.);
#617=EDGE_CURVE('',#462,#460,#252,.T.);
#618=EDGE_CURVE('',#463,#464,#309,.T.);
#619=EDGE_CURVE('',#463,#465,#150,.T.);
#620=EDGE_CURVE('',#465,#461,#253,.T.);
#621=EDGE_CURVE('',#464,#462,#254,.T.);
#622=EDGE_CURVE('',#466,#466,#151,.T.);
#623=EDGE_CURVE('',#466,#467,#310,.T.);
#624=EDGE_CURVE('',#467,#467,#152,.T.);
#625=EDGE_CURVE('',#465,#369,#255,.T.);
#626=EDGE_CURVE('',#468,#463,#153,.T.);
#627=EDGE_CURVE('',#370,#468,#256,.T.);
#628=EDGE_CURVE('',#468,#464,#257,.T.);
#629=EDGE_CURVE('',#418,#469,#258,.T.);
#630=EDGE_CURVE('',#469,#470,#259,.T.);
#631=EDGE_CURVE('',#414,#470,#260,.T.);
#632=EDGE_CURVE('',#471,#417,#261,.T.);
#633=EDGE_CURVE('',#470,#471,#154,.T.);
#634=EDGE_CURVE('',#469,#472,#311,.T.);
#635=EDGE_CURVE('',#472,#472,#155,.T.);
#636=EDGE_CURVE('',#471,#413,#262,.T.);
#637=EDGE_CURVE('',#473,#473,#156,.T.);
#638=EDGE_CURVE('',#473,#474,#312,.T.);
#639=EDGE_CURVE('',#474,#475,#157,.T.);
#640=EDGE_CURVE('',#475,#474,#158,.T.);
#641=EDGE_CURVE('',#476,#476,#159,.T.);
#642=EDGE_CURVE('',#476,#473,#313,.T.);
#643=EDGE_CURVE('',#475,#477,#314,.T.);
#644=EDGE_CURVE('',#477,#477,#160,.T.);
#645=ORIENTED_EDGE('',*,*,#478,.F.);
#646=ORIENTED_EDGE('',*,*,#479,.T.);
#647=ORIENTED_EDGE('',*,*,#480,.T.);
#648=ORIENTED_EDGE('',*,*,#481,.T.);
#649=ORIENTED_EDGE('',*,*,#482,.F.);
#650=ORIENTED_EDGE('',*,*,#483,.T.);
#651=ORIENTED_EDGE('',*,*,#478,.T.);
#652=ORIENTED_EDGE('',*,*,#484,.T.);
#653=ORIENTED_EDGE('',*,*,#485,.F.);
#654=ORIENTED_EDGE('',*,*,#486,.T.);
#655=ORIENTED_EDGE('',*,*,#482,.T.);
#656=ORIENTED_EDGE('',*,*,#487,.T.);
#657=ORIENTED_EDGE('',*,*,#488,.F.);
#658=ORIENTED_EDGE('',*,*,#489,.T.);
#659=ORIENTED_EDGE('',*,*,#485,.T.);
#660=ORIENTED_EDGE('',*,*,#490,.T.);
#661=ORIENTED_EDGE('',*,*,#491,.F.);
#662=ORIENTED_EDGE('',*,*,#492,.T.);
#663=ORIENTED_EDGE('',*,*,#488,.T.);
#664=ORIENTED_EDGE('',*,*,#493,.T.);
#665=ORIENTED_EDGE('',*,*,#494,.F.);
#666=ORIENTED_EDGE('',*,*,#495,.T.);
#667=ORIENTED_EDGE('',*,*,#491,.T.);
#668=ORIENTED_EDGE('',*,*,#496,.T.);
#669=ORIENTED_EDGE('',*,*,#497,.F.);
#670=ORIENTED_EDGE('',*,*,#498,.T.);
#671=ORIENTED_EDGE('',*,*,#494,.T.);
#672=ORIENTED_EDGE('',*,*,#499,.T.);
#673=ORIENTED_EDGE('',*,*,#500,.F.);
#674=ORIENTED_EDGE('',*,*,#501,.T.);
#675=ORIENTED_EDGE('',*,*,#497,.T.);
#676=ORIENTED_EDGE('',*,*,#502,.T.);
#677=ORIENTED_EDGE('',*,*,#503,.F.);
#678=ORIENTED_EDGE('',*,*,#504,.T.);
#679=ORIENTED_EDGE('',*,*,#500,.T.);
#680=ORIENTED_EDGE('',*,*,#505,.T.);
#681=ORIENTED_EDGE('',*,*,#506,.F.);
#682=ORIENTED_EDGE('',*,*,#507,.T.);
#683=ORIENTED_EDGE('',*,*,#503,.T.);
#684=ORIENTED_EDGE('',*,*,#508,.T.);
#685=ORIENTED_EDGE('',*,*,#509,.F.);
#686=ORIENTED_EDGE('',*,*,#510,.T.);
#687=ORIENTED_EDGE('',*,*,#506,.T.);
#688=ORIENTED_EDGE('',*,*,#511,.T.);
#689=ORIENTED_EDGE('',*,*,#512,.F.);
#690=ORIENTED_EDGE('',*,*,#513,.T.);
#691=ORIENTED_EDGE('',*,*,#509,.T.);
#692=ORIENTED_EDGE('',*,*,#514,.T.);
#693=ORIENTED_EDGE('',*,*,#515,.F.);
#694=ORIENTED_EDGE('',*,*,#516,.T.);
#695=ORIENTED_EDGE('',*,*,#512,.T.);
#696=ORIENTED_EDGE('',*,*,#517,.T.);
#697=ORIENTED_EDGE('',*,*,#518,.F.);
#698=ORIENTED_EDGE('',*,*,#519,.T.);
#699=ORIENTED_EDGE('',*,*,#515,.T.);
#700=ORIENTED_EDGE('',*,*,#520,.T.);
#701=ORIENTED_EDGE('',*,*,#521,.F.);
#702=ORIENTED_EDGE('',*,*,#522,.T.);
#703=ORIENTED_EDGE('',*,*,#518,.T.);
#704=ORIENTED_EDGE('',*,*,#523,.T.);
#705=ORIENTED_EDGE('',*,*,#524,.F.);
#706=ORIENTED_EDGE('',*,*,#525,.T.);
#707=ORIENTED_EDGE('',*,*,#521,.T.);
#708=ORIENTED_EDGE('',*,*,#526,.T.);
#709=ORIENTED_EDGE('',*,*,#527,.F.);
#710=ORIENTED_EDGE('',*,*,#528,.T.);
#711=ORIENTED_EDGE('',*,*,#524,.T.);
#712=ORIENTED_EDGE('',*,*,#529,.T.);
#713=ORIENTED_EDGE('',*,*,#530,.F.);
#714=ORIENTED_EDGE('',*,*,#531,.T.);
#715=ORIENTED_EDGE('',*,*,#527,.T.);
#716=ORIENTED_EDGE('',*,*,#532,.T.);
#717=ORIENTED_EDGE('',*,*,#533,.F.);
#718=ORIENTED_EDGE('',*,*,#534,.T.);
#719=ORIENTED_EDGE('',*,*,#530,.T.);
#720=ORIENTED_EDGE('',*,*,#535,.T.);
#721=ORIENTED_EDGE('',*,*,#536,.F.);
#722=ORIENTED_EDGE('',*,*,#537,.T.);
#723=ORIENTED_EDGE('',*,*,#533,.T.);
#724=ORIENTED_EDGE('',*,*,#538,.T.);
#725=ORIENTED_EDGE('',*,*,#539,.F.);
#726=ORIENTED_EDGE('',*,*,#540,.T.);
#727=ORIENTED_EDGE('',*,*,#536,.T.);
#728=ORIENTED_EDGE('',*,*,#541,.T.);
#729=ORIENTED_EDGE('',*,*,#542,.F.);
#730=ORIENTED_EDGE('',*,*,#543,.T.);
#731=ORIENTED_EDGE('',*,*,#539,.T.);
#732=ORIENTED_EDGE('',*,*,#544,.T.);
#733=ORIENTED_EDGE('',*,*,#545,.F.);
#734=ORIENTED_EDGE('',*,*,#546,.T.);
#735=ORIENTED_EDGE('',*,*,#542,.T.);
#736=ORIENTED_EDGE('',*,*,#547,.T.);
#737=ORIENTED_EDGE('',*,*,#548,.F.);
#738=ORIENTED_EDGE('',*,*,#549,.T.);
#739=ORIENTED_EDGE('',*,*,#550,.T.);
#740=ORIENTED_EDGE('',*,*,#551,.F.);
#741=ORIENTED_EDGE('',*,*,#552,.F.);
#742=ORIENTED_EDGE('',*,*,#553,.T.);
#743=ORIENTED_EDGE('',*,*,#548,.T.);
#744=ORIENTED_EDGE('',*,*,#554,.F.);
#745=ORIENTED_EDGE('',*,*,#555,.F.);
#746=ORIENTED_EDGE('',*,*,#556,.T.);
#747=ORIENTED_EDGE('',*,*,#552,.T.);
#748=ORIENTED_EDGE('',*,*,#557,.F.);
#749=ORIENTED_EDGE('',*,*,#558,.F.);
#750=ORIENTED_EDGE('',*,*,#559,.T.);
#751=ORIENTED_EDGE('',*,*,#555,.T.);
#752=ORIENTED_EDGE('',*,*,#560,.F.);
#753=ORIENTED_EDGE('',*,*,#561,.F.);
#754=ORIENTED_EDGE('',*,*,#562,.T.);
#755=ORIENTED_EDGE('',*,*,#558,.T.);
#756=ORIENTED_EDGE('',*,*,#563,.F.);
#757=ORIENTED_EDGE('',*,*,#564,.F.);
#758=ORIENTED_EDGE('',*,*,#565,.T.);
#759=ORIENTED_EDGE('',*,*,#561,.T.);
#760=ORIENTED_EDGE('',*,*,#566,.F.);
#761=ORIENTED_EDGE('',*,*,#567,.F.);
#762=ORIENTED_EDGE('',*,*,#568,.T.);
#763=ORIENTED_EDGE('',*,*,#564,.T.);
#764=ORIENTED_EDGE('',*,*,#569,.F.);
#765=ORIENTED_EDGE('',*,*,#570,.F.);
#766=ORIENTED_EDGE('',*,*,#571,.T.);
#767=ORIENTED_EDGE('',*,*,#567,.T.);
#768=ORIENTED_EDGE('',*,*,#572,.F.);
#769=ORIENTED_EDGE('',*,*,#573,.F.);
#770=ORIENTED_EDGE('',*,*,#574,.T.);
#771=ORIENTED_EDGE('',*,*,#570,.T.);
#772=ORIENTED_EDGE('',*,*,#575,.F.);
#773=ORIENTED_EDGE('',*,*,#576,.F.);
#774=ORIENTED_EDGE('',*,*,#577,.T.);
#775=ORIENTED_EDGE('',*,*,#573,.T.);
#776=ORIENTED_EDGE('',*,*,#578,.F.);
#777=ORIENTED_EDGE('',*,*,#579,.F.);
#778=ORIENTED_EDGE('',*,*,#580,.T.);
#779=ORIENTED_EDGE('',*,*,#576,.T.);
#780=ORIENTED_EDGE('',*,*,#581,.F.);
#781=ORIENTED_EDGE('',*,*,#582,.F.);
#782=ORIENTED_EDGE('',*,*,#583,.T.);
#783=ORIENTED_EDGE('',*,*,#579,.T.);
#784=ORIENTED_EDGE('',*,*,#584,.F.);
#785=ORIENTED_EDGE('',*,*,#585,.F.);
#786=ORIENTED_EDGE('',*,*,#586,.T.);
#787=ORIENTED_EDGE('',*,*,#582,.T.);
#788=ORIENTED_EDGE('',*,*,#587,.F.);
#789=ORIENTED_EDGE('',*,*,#588,.F.);
#790=ORIENTED_EDGE('',*,*,#589,.T.);
#791=ORIENTED_EDGE('',*,*,#585,.T.);
#792=ORIENTED_EDGE('',*,*,#590,.F.);
#793=ORIENTED_EDGE('',*,*,#591,.F.);
#794=ORIENTED_EDGE('',*,*,#592,.T.);
#795=ORIENTED_EDGE('',*,*,#588,.T.);
#796=ORIENTED_EDGE('',*,*,#593,.F.);
#797=ORIENTED_EDGE('',*,*,#594,.F.);
#798=ORIENTED_EDGE('',*,*,#595,.T.);
#799=ORIENTED_EDGE('',*,*,#591,.T.);
#800=ORIENTED_EDGE('',*,*,#596,.F.);
#801=ORIENTED_EDGE('',*,*,#597,.F.);
#802=ORIENTED_EDGE('',*,*,#598,.T.);
#803=ORIENTED_EDGE('',*,*,#594,.T.);
#804=ORIENTED_EDGE('',*,*,#599,.F.);
#805=ORIENTED_EDGE('',*,*,#600,.F.);
#806=ORIENTED_EDGE('',*,*,#601,.T.);
#807=ORIENTED_EDGE('',*,*,#597,.T.);
#808=ORIENTED_EDGE('',*,*,#602,.F.);
#809=ORIENTED_EDGE('',*,*,#603,.F.);
#810=ORIENTED_EDGE('',*,*,#604,.T.);
#811=ORIENTED_EDGE('',*,*,#600,.T.);
#812=ORIENTED_EDGE('',*,*,#605,.F.);
#813=ORIENTED_EDGE('',*,*,#606,.F.);
#814=ORIENTED_EDGE('',*,*,#607,.T.);
#815=ORIENTED_EDGE('',*,*,#603,.T.);
#816=ORIENTED_EDGE('',*,*,#608,.F.);
#817=ORIENTED_EDGE('',*,*,#609,.F.);
#818=ORIENTED_EDGE('',*,*,#610,.T.);
#819=ORIENTED_EDGE('',*,*,#606,.T.);
#820=ORIENTED_EDGE('',*,*,#611,.F.);
#821=ORIENTED_EDGE('',*,*,#612,.F.);
#822=ORIENTED_EDGE('',*,*,#613,.T.);
#823=ORIENTED_EDGE('',*,*,#609,.T.);
#824=ORIENTED_EDGE('',*,*,#614,.F.);
#825=ORIENTED_EDGE('',*,*,#615,.F.);
#826=ORIENTED_EDGE('',*,*,#616,.T.);
#827=ORIENTED_EDGE('',*,*,#612,.T.);
#828=ORIENTED_EDGE('',*,*,#617,.F.);
#829=ORIENTED_EDGE('',*,*,#618,.F.);
#830=ORIENTED_EDGE('',*,*,#619,.T.);
#831=ORIENTED_EDGE('',*,*,#620,.T.);
#832=ORIENTED_EDGE('',*,*,#615,.T.);
#833=ORIENTED_EDGE('',*,*,#621,.F.);
#834=ORIENTED_EDGE('',*,*,#622,.T.);
#835=ORIENTED_EDGE('',*,*,#623,.T.);
#836=ORIENTED_EDGE('',*,*,#624,.F.);
#837=ORIENTED_EDGE('',*,*,#623,.F.);
#838=ORIENTED_EDGE('',*,*,#622,.F.);
#839=ORIENTED_EDGE('',*,*,#625,.F.);
#840=ORIENTED_EDGE('',*,*,#619,.F.);
#841=ORIENTED_EDGE('',*,*,#626,.F.);
#842=ORIENTED_EDGE('',*,*,#627,.F.);
#843=ORIENTED_EDGE('',*,*,#480,.F.);
#844=ORIENTED_EDGE('',*,*,#627,.T.);
#845=ORIENTED_EDGE('',*,*,#628,.T.);
#846=ORIENTED_EDGE('',*,*,#621,.T.);
#847=ORIENTED_EDGE('',*,*,#617,.T.);
#848=ORIENTED_EDGE('',*,*,#614,.T.);
#849=ORIENTED_EDGE('',*,*,#611,.T.);
#850=ORIENTED_EDGE('',*,*,#608,.T.);
#851=ORIENTED_EDGE('',*,*,#605,.T.);
#852=ORIENTED_EDGE('',*,*,#602,.T.);
#853=ORIENTED_EDGE('',*,*,#599,.T.);
#854=ORIENTED_EDGE('',*,*,#596,.T.);
#855=ORIENTED_EDGE('',*,*,#593,.T.);
#856=ORIENTED_EDGE('',*,*,#590,.T.);
#857=ORIENTED_EDGE('',*,*,#587,.T.);
#858=ORIENTED_EDGE('',*,*,#584,.T.);
#859=ORIENTED_EDGE('',*,*,#581,.T.);
#860=ORIENTED_EDGE('',*,*,#578,.T.);
#861=ORIENTED_EDGE('',*,*,#575,.T.);
#862=ORIENTED_EDGE('',*,*,#572,.T.);
#863=ORIENTED_EDGE('',*,*,#569,.T.);
#864=ORIENTED_EDGE('',*,*,#566,.T.);
#865=ORIENTED_EDGE('',*,*,#563,.T.);
#866=ORIENTED_EDGE('',*,*,#560,.T.);
#867=ORIENTED_EDGE('',*,*,#557,.T.);
#868=ORIENTED_EDGE('',*,*,#554,.T.);
#869=ORIENTED_EDGE('',*,*,#551,.T.);
#870=ORIENTED_EDGE('',*,*,#629,.T.);
#871=ORIENTED_EDGE('',*,*,#630,.T.);
#872=ORIENTED_EDGE('',*,*,#631,.F.);
#873=ORIENTED_EDGE('',*,*,#547,.F.);
#874=ORIENTED_EDGE('',*,*,#544,.F.);
#875=ORIENTED_EDGE('',*,*,#541,.F.);
#876=ORIENTED_EDGE('',*,*,#538,.F.);
#877=ORIENTED_EDGE('',*,*,#535,.F.);
#878=ORIENTED_EDGE('',*,*,#532,.F.);
#879=ORIENTED_EDGE('',*,*,#529,.F.);
#880=ORIENTED_EDGE('',*,*,#526,.F.);
#881=ORIENTED_EDGE('',*,*,#523,.F.);
#882=ORIENTED_EDGE('',*,*,#520,.F.);
#883=ORIENTED_EDGE('',*,*,#517,.F.);
#884=ORIENTED_EDGE('',*,*,#514,.F.);
#885=ORIENTED_EDGE('',*,*,#511,.F.);
#886=ORIENTED_EDGE('',*,*,#508,.F.);
#887=ORIENTED_EDGE('',*,*,#505,.F.);
#888=ORIENTED_EDGE('',*,*,#502,.F.);
#889=ORIENTED_EDGE('',*,*,#499,.F.);
#890=ORIENTED_EDGE('',*,*,#496,.F.);
#891=ORIENTED_EDGE('',*,*,#493,.F.);
#892=ORIENTED_EDGE('',*,*,#490,.F.);
#893=ORIENTED_EDGE('',*,*,#487,.F.);
#894=ORIENTED_EDGE('',*,*,#484,.F.);
#895=ORIENTED_EDGE('',*,*,#481,.F.);
#896=ORIENTED_EDGE('',*,*,#618,.T.);
#897=ORIENTED_EDGE('',*,*,#628,.F.);
#898=ORIENTED_EDGE('',*,*,#626,.T.);
#899=ORIENTED_EDGE('',*,*,#629,.F.);
#900=ORIENTED_EDGE('',*,*,#550,.F.);
#901=ORIENTED_EDGE('',*,*,#632,.F.);
#902=ORIENTED_EDGE('',*,*,#633,.F.);
#903=ORIENTED_EDGE('',*,*,#630,.F.);
#904=ORIENTED_EDGE('',*,*,#634,.T.);
#905=ORIENTED_EDGE('',*,*,#635,.F.);
#906=ORIENTED_EDGE('',*,*,#634,.F.);
#907=ORIENTED_EDGE('',*,*,#625,.T.);
#908=ORIENTED_EDGE('',*,*,#479,.F.);
#909=ORIENTED_EDGE('',*,*,#483,.F.);
#910=ORIENTED_EDGE('',*,*,#486,.F.);
#911=ORIENTED_EDGE('',*,*,#489,.F.);
#912=ORIENTED_EDGE('',*,*,#492,.F.);
#913=ORIENTED_EDGE('',*,*,#495,.F.);
#914=ORIENTED_EDGE('',*,*,#498,.F.);
#915=ORIENTED_EDGE('',*,*,#501,.F.);
#916=ORIENTED_EDGE('',*,*,#504,.F.);
#917=ORIENTED_EDGE('',*,*,#507,.F.);
#918=ORIENTED_EDGE('',*,*,#510,.F.);
#919=ORIENTED_EDGE('',*,*,#513,.F.);
#920=ORIENTED_EDGE('',*,*,#516,.F.);
#921=ORIENTED_EDGE('',*,*,#519,.F.);
#922=ORIENTED_EDGE('',*,*,#522,.F.);
#923=ORIENTED_EDGE('',*,*,#525,.F.);
#924=ORIENTED_EDGE('',*,*,#528,.F.);
#925=ORIENTED_EDGE('',*,*,#531,.F.);
#926=ORIENTED_EDGE('',*,*,#534,.F.);
#927=ORIENTED_EDGE('',*,*,#537,.F.);
#928=ORIENTED_EDGE('',*,*,#540,.F.);
#929=ORIENTED_EDGE('',*,*,#543,.F.);
#930=ORIENTED_EDGE('',*,*,#546,.F.);
#931=ORIENTED_EDGE('',*,*,#636,.F.);
#932=ORIENTED_EDGE('',*,*,#632,.T.);
#933=ORIENTED_EDGE('',*,*,#549,.F.);
#934=ORIENTED_EDGE('',*,*,#553,.F.);
#935=ORIENTED_EDGE('',*,*,#556,.F.);
#936=ORIENTED_EDGE('',*,*,#559,.F.);
#937=ORIENTED_EDGE('',*,*,#562,.F.);
#938=ORIENTED_EDGE('',*,*,#565,.F.);
#939=ORIENTED_EDGE('',*,*,#568,.F.);
#940=ORIENTED_EDGE('',*,*,#571,.F.);
#941=ORIENTED_EDGE('',*,*,#574,.F.);
#942=ORIENTED_EDGE('',*,*,#577,.F.);
#943=ORIENTED_EDGE('',*,*,#580,.F.);
#944=ORIENTED_EDGE('',*,*,#583,.F.);
#945=ORIENTED_EDGE('',*,*,#586,.F.);
#946=ORIENTED_EDGE('',*,*,#589,.F.);
#947=ORIENTED_EDGE('',*,*,#592,.F.);
#948=ORIENTED_EDGE('',*,*,#595,.F.);
#949=ORIENTED_EDGE('',*,*,#598,.F.);
#950=ORIENTED_EDGE('',*,*,#601,.F.);
#951=ORIENTED_EDGE('',*,*,#604,.F.);
#952=ORIENTED_EDGE('',*,*,#607,.F.);
#953=ORIENTED_EDGE('',*,*,#610,.F.);
#954=ORIENTED_EDGE('',*,*,#613,.F.);
#955=ORIENTED_EDGE('',*,*,#616,.F.);
#956=ORIENTED_EDGE('',*,*,#620,.F.);
#957=ORIENTED_EDGE('',*,*,#545,.T.);
#958=ORIENTED_EDGE('',*,*,#631,.T.);
#959=ORIENTED_EDGE('',*,*,#633,.T.);
#960=ORIENTED_EDGE('',*,*,#636,.T.);
#961=ORIENTED_EDGE('',*,*,#635,.T.);
#962=ORIENTED_EDGE('',*,*,#637,.T.);
#963=ORIENTED_EDGE('',*,*,#638,.T.);
#964=ORIENTED_EDGE('',*,*,#639,.T.);
#965=ORIENTED_EDGE('',*,*,#640,.T.);
#966=ORIENTED_EDGE('',*,*,#638,.F.);
#967=ORIENTED_EDGE('',*,*,#641,.F.);
#968=ORIENTED_EDGE('',*,*,#642,.T.);
#969=ORIENTED_EDGE('',*,*,#637,.F.);
#970=ORIENTED_EDGE('',*,*,#642,.F.);
#971=ORIENTED_EDGE('',*,*,#641,.T.);
#972=ORIENTED_EDGE('',*,*,#624,.T.);
#973=ORIENTED_EDGE('',*,*,#640,.F.);
#974=ORIENTED_EDGE('',*,*,#643,.T.);
#975=ORIENTED_EDGE('',*,*,#644,.T.);
#976=ORIENTED_EDGE('',*,*,#643,.F.);
#977=ORIENTED_EDGE('',*,*,#639,.F.);
#978=ORIENTED_EDGE('',*,*,#644,.F.);
#979=CYLINDRICAL_SURFACE('',#1104,7.925);
#980=CYLINDRICAL_SURFACE('',#1106,7.925);
#981=CYLINDRICAL_SURFACE('',#1107,7.925);
#982=CYLINDRICAL_SURFACE('',#1108,7.925);
#983=CYLINDRICAL_SURFACE('',#1109,7.925);
#984=CYLINDRICAL_SURFACE('',#1110,7.925);
#985=CYLINDRICAL_SURFACE('',#1111,7.925);
#986=CYLINDRICAL_SURFACE('',#1112,7.925);
#987=CYLINDRICAL_SURFACE('',#1113,7.925);
#988=CYLINDRICAL_SURFACE('',#1114,7.925);
#989=CYLINDRICAL_SURFACE('',#1115,7.925);
#990=CYLINDRICAL_SURFACE('',#1116,7.925);
#991=CYLINDRICAL_SURFACE('',#1117,7.925);
#992=CYLINDRICAL_SURFACE('',#1118,7.925);
#993=CYLINDRICAL_SURFACE('',#1119,7.925);
#994=CYLINDRICAL_SURFACE('',#1120,7.925);
#995=CYLINDRICAL_SURFACE('',#1121,7.925);
#996=CYLINDRICAL_SURFACE('',#1122,7.925);
#997=CYLINDRICAL_SURFACE('',#1123,7.925);
#998=CYLINDRICAL_SURFACE('',#1124,7.925);
#999=CYLINDRICAL_SURFACE('',#1125,7.925);
#1000=CYLINDRICAL_SURFACE('',#1126,7.925);
#1001=CYLINDRICAL_SURFACE('',#1127,7.925);
#1002=CYLINDRICAL_SURFACE('',#1128,5.6435);
#1003=CYLINDRICAL_SURFACE('',#1130,5.6435);
#1004=CYLINDRICAL_SURFACE('',#1131,5.6435);
#1005=CYLINDRICAL_SURFACE('',#1132,5.6435);
#1006=CYLINDRICAL_SURFACE('',#1133,5.6435);
#1007=CYLINDRICAL_SURFACE('',#1134,5.6435);
#1008=CYLINDRICAL_SURFACE('',#1135,5.6435);
#1009=CYLINDRICAL_SURFACE('',#1136,5.6435);
#1010=CYLINDRICAL_SURFACE('',#1137,5.6435);
#1011=CYLINDRICAL_SURFACE('',#1138,5.6435);
#1012=CYLINDRICAL_SURFACE('',#1139,5.6435);
#1013=CYLINDRICAL_SURFACE('',#1140,5.6435);
#1014=CYLINDRICAL_SURFACE('',#1141,5.6435);
#1015=CYLINDRICAL_SURFACE('',#1142,5.6435);
#1016=CYLINDRICAL_SURFACE('',#1143,5.6435);
#1017=CYLINDRICAL_SURFACE('',#1144,5.6435);
#1018=CYLINDRICAL_SURFACE('',#1145,5.6435);
#1019=CYLINDRICAL_SURFACE('',#1146,5.6435);
#1020=CYLINDRICAL_SURFACE('',#1147,5.6435);
#1021=CYLINDRICAL_SURFACE('',#1148,5.6435);
#1022=CYLINDRICAL_SURFACE('',#1149,5.6435);
#1023=CYLINDRICAL_SURFACE('',#1150,5.6435);
#1024=CYLINDRICAL_SURFACE('',#1151,5.6435);
#1025=CYLINDRICAL_SURFACE('',#1152,5.6435);
#1026=CYLINDRICAL_SURFACE('',#1159,5.6435);
#1027=CYLINDRICAL_SURFACE('',#1163,7.925);
#1028=CYLINDRICAL_SURFACE('',#1169,20.);
#1029=CYLINDRICAL_SURFACE('',#1172,11.);
#1030=ADVANCED_FACE('',(#26),#979,.T.);
#1031=ADVANCED_FACE('',(#27),#980,.T.);
#1032=ADVANCED_FACE('',(#28),#981,.T.);
#1033=ADVANCED_FACE('',(#29),#982,.T.);
#1034=ADVANCED_FACE('',(#30),#983,.T.);
#1035=ADVANCED_FACE('',(#31),#984,.T.);
#1036=ADVANCED_FACE('',(#32),#985,.T.);
#1037=ADVANCED_FACE('',(#33),#986,.T.);
#1038=ADVANCED_FACE('',(#34),#987,.T.);
#1039=ADVANCED_FACE('',(#35),#988,.T.);
#1040=ADVANCED_FACE('',(#36),#989,.T.);
#1041=ADVANCED_FACE('',(#37),#990,.T.);
#1042=ADVANCED_FACE('',(#38),#991,.T.);
#1043=ADVANCED_FACE('',(#39),#992,.T.);
#1044=ADVANCED_FACE('',(#40),#993,.T.);
#1045=ADVANCED_FACE('',(#41),#994,.T.);
#1046=ADVANCED_FACE('',(#42),#995,.T.);
#1047=ADVANCED_FACE('',(#43),#996,.T.);
#1048=ADVANCED_FACE('',(#44),#997,.T.);
#1049=ADVANCED_FACE('',(#45),#998,.T.);
#1050=ADVANCED_FACE('',(#46),#999,.T.);
#1051=ADVANCED_FACE('',(#47),#1000,.T.);
#1052=ADVANCED_FACE('',(#48),#1001,.T.);
#1053=ADVANCED_FACE('',(#49),#1002,.T.);
#1054=ADVANCED_FACE('',(#50),#1003,.T.);
#1055=ADVANCED_FACE('',(#51),#1004,.T.);
#1056=ADVANCED_FACE('',(#52),#1005,.T.);
#1057=ADVANCED_FACE('',(#53),#1006,.T.);
#1058=ADVANCED_FACE('',(#54),#1007,.T.);
#1059=ADVANCED_FACE('',(#55),#1008,.T.);
#1060=ADVANCED_FACE('',(#56),#1009,.T.);
#1061=ADVANCED_FACE('',(#57),#1010,.T.);
#1062=ADVANCED_FACE('',(#58),#1011,.T.);
#1063=ADVANCED_FACE('',(#59),#1012,.T.);
#1064=ADVANCED_FACE('',(#60),#1013,.T.);
#1065=ADVANCED_FACE('',(#61),#1014,.T.);
#1066=ADVANCED_FACE('',(#62),#1015,.T.);
#1067=ADVANCED_FACE('',(#63),#1016,.T.);
#1068=ADVANCED_FACE('',(#64),#1017,.T.);
#1069=ADVANCED_FACE('',(#65),#1018,.T.);
#1070=ADVANCED_FACE('',(#66),#1019,.T.);
#1071=ADVANCED_FACE('',(#67),#1020,.T.);
#1072=ADVANCED_FACE('',(#68),#1021,.T.);
#1073=ADVANCED_FACE('',(#69),#1022,.T.);
#1074=ADVANCED_FACE('',(#70),#1023,.T.);
#1075=ADVANCED_FACE('',(#71),#1024,.T.);
#1076=ADVANCED_FACE('',(#72),#1025,.T.);
#1077=ADVANCED_FACE('',(#73),#23,.T.);
#1078=ADVANCED_FACE('',(#74,#17),#19,.T.);
#1079=ADVANCED_FACE('',(#75),#15,.F.);
#1080=ADVANCED_FACE('',(#76),#1026,.T.);
#1081=ADVANCED_FACE('',(#77),#24,.T.);
#1082=ADVANCED_FACE('',(#78),#16,.F.);
#1083=ADVANCED_FACE('',(#79),#1027,.T.);
#1084=ADVANCED_FACE('',(#80),#20,.T.);
#1085=ADVANCED_FACE('',(#81),#25,.T.);
#1086=ADVANCED_FACE('',(#82),#1028,.T.);
#1087=ADVANCED_FACE('',(#83,#18),#21,.T.);
#1088=ADVANCED_FACE('',(#84),#1029,.T.);
#1089=ADVANCED_FACE('',(#85),#22,.F.);
#1090=CLOSED_SHELL('',(#1030,#1031,#1032,#1033,#1034,#1035,#1036,#1037,
#1038,#1039,#1040,#1041,#1042,#1043,#1044,#1045,#1046,#1047,#1048,#1049,
#1050,#1051,#1052,#1053,#1054,#1055,#1056,#1057,#1058,#1059,#1060,#1061,
#1062,#1063,#1064,#1065,#1066,#1067,#1068,#1069,#1070,#1071,#1072,#1073,
#1074,#1075,#1076,#1077,#1078,#1079,#1080,#1081,#1082,#1083,#1084,#1085,
#1086,#1087,#1088,#1089));
#1091=DERIVED_UNIT_ELEMENT(#1093,1.);
#1092=DERIVED_UNIT_ELEMENT(#7250,-3.);
#1093=(
MASS_UNIT()
NAMED_UNIT(*)
SI_UNIT(.KILO.,.GRAM.)
);
#1094=DERIVED_UNIT((#1091,#1092));
#1095=MEASURE_REPRESENTATION_ITEM('density measure',
POSITIVE_RATIO_MEASURE(7850.),#1094);
#1096=PROPERTY_DEFINITION_REPRESENTATION(#1101,#1098);
#1097=PROPERTY_DEFINITION_REPRESENTATION(#1102,#1099);
#1098=REPRESENTATION('material name',(#1100),#7247);
#1099=REPRESENTATION('density',(#1095),#7247);
#1100=DESCRIPTIVE_REPRESENTATION_ITEM('Stahl','Stahl');
#1101=PROPERTY_DEFINITION('material property','material name',#7257);
#1102=PROPERTY_DEFINITION('material property','density of part',#7257);
#1103=AXIS2_PLACEMENT_3D('',#1371,#1175,#1176);
#1104=AXIS2_PLACEMENT_3D('',#1372,#1177,#1178);
#1105=AXIS2_PLACEMENT_3D('',#1409,#1180,#1181);
#1106=AXIS2_PLACEMENT_3D('',#1426,#1182,#1183);
#1107=AXIS2_PLACEMENT_3D('',#1513,#1185,#1186);
#1108=AXIS2_PLACEMENT_3D('',#1600,#1188,#1189);
#1109=AXIS2_PLACEMENT_3D('',#1687,#1191,#1192);
#1110=AXIS2_PLACEMENT_3D('',#1777,#1194,#1195);
#1111=AXIS2_PLACEMENT_3D('',#1864,#1197,#1198);
#1112=AXIS2_PLACEMENT_3D('',#1951,#1200,#1201);
#1113=AXIS2_PLACEMENT_3D('',#2038,#1203,#1204);
#1114=AXIS2_PLACEMENT_3D('',#2128,#1206,#1207);
#1115=AXIS2_PLACEMENT_3D('',#2215,#1209,#1210);
#1116=AXIS2_PLACEMENT_3D('',#2302,#1212,#1213);
#1117=AXIS2_PLACEMENT_3D('',#2392,#1215,#1216);
#1118=AXIS2_PLACEMENT_3D('',#2479,#1218,#1219);
#1119=AXIS2_PLACEMENT_3D('',#2566,#1221,#1222);
#1120=AXIS2_PLACEMENT_3D('',#2653,#1224,#1225);
#1121=AXIS2_PLACEMENT_3D('',#2743,#1227,#1228);
#1122=AXIS2_PLACEMENT_3D('',#2830,#1230,#1231);
#1123=AXIS2_PLACEMENT_3D('',#2917,#1233,#1234);
#1124=AXIS2_PLACEMENT_3D('',#3004,#1236,#1237);
#1125=AXIS2_PLACEMENT_3D('',#3094,#1239,#1240);
#1126=AXIS2_PLACEMENT_3D('',#3181,#1242,#1243);
#1127=AXIS2_PLACEMENT_3D('',#3268,#1245,#1246);
#1128=AXIS2_PLACEMENT_3D('',#3358,#1248,#1249);
#1129=AXIS2_PLACEMENT_3D('',#3377,#1251,#1252);
#1130=AXIS2_PLACEMENT_3D('',#3387,#1253,#1254);
#1131=AXIS2_PLACEMENT_3D('',#3424,#1256,#1257);
#1132=AXIS2_PLACEMENT_3D('',#3461,#1259,#1260);
#1133=AXIS2_PLACEMENT_3D('',#3499,#1262,#1263);
#1134=AXIS2_PLACEMENT_3D('',#3536,#1265,#1266);
#1135=AXIS2_PLACEMENT_3D('',#3573,#1268,#1269);
#1136=AXIS2_PLACEMENT_3D('',#3611,#1271,#1272);
#1137=AXIS2_PLACEMENT_3D('',#3647,#1274,#1275);
#1138=AXIS2_PLACEMENT_3D('',#3685,#1277,#1278);
#1139=AXIS2_PLACEMENT_3D('',#3723,#1280,#1281);
#1140=AXIS2_PLACEMENT_3D('',#3759,#1283,#1284);
#1141=AXIS2_PLACEMENT_3D('',#3797,#1286,#1287);
#1142=AXIS2_PLACEMENT_3D('',#3834,#1289,#1290);
#1143=AXIS2_PLACEMENT_3D('',#3871,#1292,#1293);
#1144=AXIS2_PLACEMENT_3D('',#3909,#1295,#1296);
#1145=AXIS2_PLACEMENT_3D('',#3946,#1298,#1299);
#1146=AXIS2_PLACEMENT_3D('',#3983,#1301,#1302);
#1147=AXIS2_PLACEMENT_3D('',#4021,#1304,#1305);
#1148=AXIS2_PLACEMENT_3D('',#4057,#1307,#1308);
#1149=AXIS2_PLACEMENT_3D('',#4095,#1310,#1311);
#1150=AXIS2_PLACEMENT_3D('',#4133,#1313,#1314);
#1151=AXIS2_PLACEMENT_3D('',#4169,#1316,#1317);
#1152=AXIS2_PLACEMENT_3D('',#4207,#1319,#1320);
#1153=AXIS2_PLACEMENT_3D('',#4212,#1322,#1323);
#1154=AXIS2_PLACEMENT_3D('',#4243,#1324,#1325);
#1155=AXIS2_PLACEMENT_3D('',#4245,#1326,#1327);
#1156=AXIS2_PLACEMENT_3D('',#4248,#1329,#1330);
#1157=AXIS2_PLACEMENT_3D('',#4249,#1331,#1332);
#1158=AXIS2_PLACEMENT_3D('',#4309,#1333,#1334);
#1159=AXIS2_PLACEMENT_3D('',#5856,#1335,#1336);
#1160=AXIS2_PLACEMENT_3D('',#5857,#1337,#1338);
#1161=AXIS2_PLACEMENT_3D('',#6001,#1339,#1340);
#1162=AXIS2_PLACEMENT_3D('',#6004,#1342,#1343);
#1163=AXIS2_PLACEMENT_3D('',#7225,#1344,#1345);
#1164=AXIS2_PLACEMENT_3D('',#7226,#1346,#1347);
#1165=AXIS2_PLACEMENT_3D('',#7227,#1348,#1349);
#1166=AXIS2_PLACEMENT_3D('',#7229,#1350,#1351);
#1167=AXIS2_PLACEMENT_3D('',#7233,#1353,#1354);
#1168=AXIS2_PLACEMENT_3D('',#7234,#1355,#1356);
#1169=AXIS2_PLACEMENT_3D('',#7235,#1357,#1358);
#1170=AXIS2_PLACEMENT_3D('',#7237,#1359,#1360);
#1171=AXIS2_PLACEMENT_3D('',#7239,#1362,#1363);
#1172=AXIS2_PLACEMENT_3D('',#7240,#1364,#1365);
#1173=AXIS2_PLACEMENT_3D('',#7243,#1367,#1368);
#1174=AXIS2_PLACEMENT_3D('',#7244,#1369,#1370);
#1175=DIRECTION('axis',(0.,0.,1.));
#1176=DIRECTION('refdir',(1.,0.,0.));
#1177=DIRECTION('center_axis',(0.,0.,1.));
#1178=DIRECTION('ref_axis',(-0.53693060236403,-0.843626415094383,0.));
#1179=DIRECTION('',(0.,0.,-1.));
#1180=DIRECTION('center_axis',(0.,0.,1.));
#1181=DIRECTION('ref_axis',(-1.,0.,0.));
#1182=DIRECTION('center_axis',(0.,0.,1.));
#1183=DIRECTION('ref_axis',(-1.,0.,0.));
#1184=DIRECTION('',(0.,0.,-1.));
#1185=DIRECTION('center_axis',(0.,0.,1.));
#1186=DIRECTION('ref_axis',(-1.,0.,0.));
#1187=DIRECTION('',(0.,0.,-1.));
#1188=DIRECTION('center_axis',(0.,0.,1.));
#1189=DIRECTION('ref_axis',(-1.,0.,0.));
#1190=DIRECTION('',(0.,0.,-1.));
#1191=DIRECTION('center_axis',(0.,0.,1.));
#1192=DIRECTION('ref_axis',(-1.,0.,0.));
#1193=DIRECTION('',(0.,0.,-1.));
#1194=DIRECTION('center_axis',(0.,0.,1.));
#1195=DIRECTION('ref_axis',(-1.,0.,0.));
#1196=DIRECTION('',(0.,0.,-1.));
#1197=DIRECTION('center_axis',(0.,0.,1.));
#1198=DIRECTION('ref_axis',(-1.,0.,0.));
#1199=DIRECTION('',(0.,0.,-1.));
#1200=DIRECTION('center_axis',(0.,0.,1.));
#1201=DIRECTION('ref_axis',(-1.,0.,0.));
#1202=DIRECTION('',(0.,0.,-1.));
#1203=DIRECTION('center_axis',(0.,0.,1.));
#1204=DIRECTION('ref_axis',(-1.,0.,0.));
#1205=DIRECTION('',(0.,0.,-1.));
#1206=DIRECTION('center_axis',(0.,0.,1.));
#1207=DIRECTION('ref_axis',(-1.,0.,0.));
#1208=DIRECTION('',(0.,0.,-1.));
#1209=DIRECTION('center_axis',(0.,0.,1.));
#1210=DIRECTION('ref_axis',(-1.,0.,0.));
#1211=DIRECTION('',(0.,0.,-1.));
#1212=DIRECTION('center_axis',(0.,0.,1.));
#1213=DIRECTION('ref_axis',(-1.,0.,0.));
#1214=DIRECTION('',(0.,0.,-1.));
#1215=DIRECTION('center_axis',(0.,0.,1.));
#1216=DIRECTION('ref_axis',(-1.,0.,0.));
#1217=DIRECTION('',(0.,0.,-1.));
#1218=DIRECTION('center_axis',(0.,0.,1.));
#1219=DIRECTION('ref_axis',(-1.,0.,0.));
#1220=DIRECTION('',(0.,0.,-1.));
#1221=DIRECTION('center_axis',(0.,0.,1.));
#1222=DIRECTION('ref_axis',(-1.,0.,0.));
#1223=DIRECTION('',(0.,0.,-1.));
#1224=DIRECTION('center_axis',(0.,0.,1.));
#1225=DIRECTION('ref_axis',(-1.,0.,0.));
#1226=DIRECTION('',(0.,0.,-1.));
#1227=DIRECTION('center_axis',(0.,0.,1.));
#1228=DIRECTION('ref_axis',(-1.,0.,0.));
#1229=DIRECTION('',(0.,0.,-1.));
#1230=DIRECTION('center_axis',(0.,0.,1.));
#1231=DIRECTION('ref_axis',(-1.,0.,0.));
#1232=DIRECTION('',(0.,0.,-1.));
#1233=DIRECTION('center_axis',(0.,0.,1.));
#1234=DIRECTION('ref_axis',(-1.,0.,0.));
#1235=DIRECTION('',(0.,0.,-1.));
#1236=DIRECTION('center_axis',(0.,0.,1.));
#1237=DIRECTION('ref_axis',(-1.,0.,0.));
#1238=DIRECTION('',(0.,0.,-1.));
#1239=DIRECTION('center_axis',(0.,0.,1.));
#1240=DIRECTION('ref_axis',(-1.,0.,0.));
#1241=DIRECTION('',(0.,0.,-1.));
#1242=DIRECTION('center_axis',(0.,0.,1.));
#1243=DIRECTION('ref_axis',(-1.,0.,0.));
#1244=DIRECTION('',(0.,0.,-1.));
#1245=DIRECTION('center_axis',(0.,0.,1.));
#1246=DIRECTION('ref_axis',(-1.,0.,0.));
#1247=DIRECTION('',(0.,0.,-1.));
#1248=DIRECTION('center_axis',(0.,0.,1.));
#1249=DIRECTION('ref_axis',(-0.720037349802165,0.693935310306281,0.));
#1250=DIRECTION('',(0.,0.,1.));
#1251=DIRECTION('center_axis',(0.,0.,-1.));
#1252=DIRECTION('ref_axis',(-1.,3.45788475511313E-14,0.));
#1253=DIRECTION('center_axis',(0.,0.,1.));
#1254=DIRECTION('ref_axis',(-1.,3.45788475511313E-14,0.));
#1255=DIRECTION('',(0.,0.,1.));
#1256=DIRECTION('center_axis',(0.,0.,1.));
#1257=DIRECTION('ref_axis',(-1.,3.45788475511313E-14,0.));
#1258=DIRECTION('',(0.,0.,1.));
#1259=DIRECTION('center_axis',(0.,0.,1.));
#1260=DIRECTION('ref_axis',(-1.,3.45788475511313E-14,0.));
#1261=DIRECTION('',(0.,0.,1.));
#1262=DIRECTION('center_axis',(0.,0.,1.));
#1263=DIRECTION('ref_axis',(-1.,3.45788475511313E-14,0.));
#1264=DIRECTION('',(0.,0.,1.));
#1265=DIRECTION('center_axis',(0.,0.,1.));
#1266=DIRECTION('ref_axis',(-1.,3.45788475511313E-14,0.));
#1267=DIRECTION('',(0.,0.,1.));
#1268=DIRECTION('center_axis',(0.,0.,1.));
#1269=DIRECTION('ref_axis',(-1.,3.45788475511313E-14,0.));
#1270=DIRECTION('',(0.,0.,1.));
#1271=DIRECTION('center_axis',(0.,0.,1.));
#1272=DIRECTION('ref_axis',(-1.,3.45788475511313E-14,0.));
#1273=DIRECTION('',(0.,0.,1.));
#1274=DIRECTION('center_axis',(0.,0.,1.));
#1275=DIRECTION('ref_axis',(-1.,3.45788475511313E-14,0.));
#1276=DIRECTION('',(0.,0.,1.));
#1277=DIRECTION('center_axis',(0.,0.,1.));
#1278=DIRECTION('ref_axis',(-1.,3.45788475511313E-14,0.));
#1279=DIRECTION('',(0.,0.,1.));
#1280=DIRECTION('center_axis',(0.,0.,1.));
#1281=DIRECTION('ref_axis',(-1.,3.45788475511313E-14,0.));
#1282=DIRECTION('',(0.,0.,1.));
#1283=DIRECTION('center_axis',(0.,0.,1.));
#1284=DIRECTION('ref_axis',(-1.,3.45788475511313E-14,0.));
#1285=DIRECTION('',(0.,0.,1.));
#1286=DIRECTION('center_axis',(0.,0.,1.));
#1287=DIRECTION('ref_axis',(-1.,3.45788475511313E-14,0.));
#1288=DIRECTION('',(0.,0.,1.));
#1289=DIRECTION('center_axis',(0.,0.,1.));
#1290=DIRECTION('ref_axis',(-1.,3.45788475511313E-14,0.));
#1291=DIRECTION('',(0.,0.,1.));
#1292=DIRECTION('center_axis',(0.,0.,1.));
#1293=DIRECTION('ref_axis',(-1.,3.45788475511313E-14,0.));
#1294=DIRECTION('',(0.,0.,1.));
#1295=DIRECTION('center_axis',(0.,0.,1.));
#1296=DIRECTION('ref_axis',(-1.,3.45788475511313E-14,0.));
#1297=DIRECTION('',(0.,0.,1.));
#1298=DIRECTION('center_axis',(0.,0.,1.));
#1299=DIRECTION('ref_axis',(-1.,3.45788475511313E-14,0.));
#1300=DIRECTION('',(0.,0.,1.));
#1301=DIRECTION('center_axis',(0.,0.,1.));
#1302=DIRECTION('ref_axis',(-1.,3.45788475511313E-14,0.));
#1303=DIRECTION('',(0.,0.,1.));
#1304=DIRECTION('center_axis',(0.,0.,1.));
#1305=DIRECTION('ref_axis',(-1.,3.45788475511313E-14,0.));
#1306=DIRECTION('',(0.,0.,1.));
#1307=DIRECTION('center_axis',(0.,0.,1.));
#1308=DIRECTION('ref_axis',(-1.,3.45788475511313E-14,0.));
#1309=DIRECTION('',(0.,0.,1.));
#1310=DIRECTION('center_axis',(0.,0.,1.));
#1311=DIRECTION('ref_axis',(-1.,3.45788475511313E-14,0.));
#1312=DIRECTION('',(0.,0.,1.));
#1313=DIRECTION('center_axis',(0.,0.,1.));
#1314=DIRECTION('ref_axis',(-1.,3.45788475511313E-14,0.));
#1315=DIRECTION('',(0.,0.,1.));
#1316=DIRECTION('center_axis',(0.,0.,1.));
#1317=DIRECTION('ref_axis',(-1.,3.45788475511313E-14,0.));
#1318=DIRECTION('',(0.,0.,1.));
#1319=DIRECTION('center_axis',(0.,0.,1.));
#1320=DIRECTION('ref_axis',(-1.,3.45788475511313E-14,0.));
#1321=DIRECTION('',(0.,0.,1.));
#1322=DIRECTION('center_axis',(0.,0.,1.));
#1323=DIRECTION('ref_axis',(-1.,3.45788475511313E-14,0.));
#1324=DIRECTION('center_axis',(0.,0.,-1.));
#1325=DIRECTION('ref_axis',(-1.,0.,0.));
#1326=DIRECTION('center_axis',(0.,0.,-1.));
#1327=DIRECTION('ref_axis',(-1.,0.,0.));
#1328=DIRECTION('',(0.707106781186548,8.65956056235494E-17,-0.707106781186548));
#1329=DIRECTION('center_axis',(0.,0.,-1.));
#1330=DIRECTION('ref_axis',(-1.,0.,0.));
#1331=DIRECTION('center_axis',(0.,0.,1.));
#1332=DIRECTION('ref_axis',(-1.,0.,0.));
#1333=DIRECTION('center_axis',(0.,0.,1.));
#1334=DIRECTION('ref_axis',(-1.,3.45788475511313E-14,0.));
#1335=DIRECTION('center_axis',(0.,0.,1.));
#1336=DIRECTION('ref_axis',(-1.,3.45788475511313E-14,0.));
#1337=DIRECTION('center_axis',(0.,0.,-1.));
#1338=DIRECTION('ref_axis',(0.,-1.,0.));
#1339=DIRECTION('center_axis',(0.,0.,-1.));
#1340=DIRECTION('ref_axis',(-1.,0.,0.));
#1341=DIRECTION('',(8.65956056235421E-17,-0.707106781186489,0.707106781186607));
#1342=DIRECTION('center_axis',(0.,0.,1.));
#1343=DIRECTION('ref_axis',(0.,-1.,0.));
#1344=DIRECTION('center_axis',(0.,0.,1.));
#1345=DIRECTION('ref_axis',(-0.585671180562392,0.810548745146554,0.));
#1346=DIRECTION('center_axis',(0.,0.,1.));
#1347=DIRECTION('ref_axis',(-1.,0.,0.));
#1348=DIRECTION('center_axis',(0.,0.,1.));
#1349=DIRECTION('ref_axis',(-1.,0.,0.));
#1350=DIRECTION('center_axis',(0.,0.,-1.));
#1351=DIRECTION('ref_axis',(-1.,0.,0.));
#1352=DIRECTION('',(-0.707106781186547,-8.65956056235493E-17,-0.707106781186547));
#1353=DIRECTION('center_axis',(0.,0.,1.));
#1354=DIRECTION('ref_axis',(1.,0.,0.));
#1355=DIRECTION('center_axis',(0.,0.,1.));
#1356=DIRECTION('ref_axis',(1.,0.,0.));
#1357=DIRECTION('center_axis',(0.,0.,1.));
#1358=DIRECTION('ref_axis',(-1.,0.,0.));
#1359=DIRECTION('center_axis',(0.,0.,1.));
#1360=DIRECTION('ref_axis',(-1.,0.,0.));
#1361=DIRECTION('',(0.,0.,-1.));
#1362=DIRECTION('center_axis',(0.,0.,1.));
#1363=DIRECTION('ref_axis',(-1.,0.,0.));
#1364=DIRECTION('center_axis',(0.,0.,1.));
#1365=DIRECTION('ref_axis',(1.,0.,0.));
#1366=DIRECTION('',(0.,0.,-1.));
#1367=DIRECTION('center_axis',(0.,0.,1.));
#1368=DIRECTION('ref_axis',(1.,0.,0.));
#1369=DIRECTION('center_axis',(0.,0.,1.));
#1370=DIRECTION('ref_axis',(1.,0.,0.));
#1371=CARTESIAN_POINT('',(0.,0.,0.));
#1372=CARTESIAN_POINT('Origin',(0.,0.,19.5));
#1373=CARTESIAN_POINT('',(7.92433896234486,3.17709892955209E-5,25.2216677763622));
#1374=CARTESIAN_POINT('',(7.92565770831769,-4.54988117931627E-5,23.7783322236378));
#1375=CARTESIAN_POINT('',(7.925,9.70532588324277E-16,19.5));
#1376=CARTESIAN_POINT('',(-3.35586777155522,7.18004954032572,22.5));
#1377=CARTESIAN_POINT('Ctrl Pts',(7.92433896234486,3.17709892955209E-5,
25.2216677763622));
#1378=CARTESIAN_POINT('Ctrl Pts',(7.924241516679,-0.691714326189097,25.1661116578495));
#1379=CARTESIAN_POINT('Ctrl Pts',(7.83455972486392,-1.38348518102588,25.1105555393368));
#1380=CARTESIAN_POINT('Ctrl Pts',(7.65560786792792,-2.0513358369575,25.0549994208241));
#1381=CARTESIAN_POINT('Ctrl Pts',(7.31563941581233,-3.32010251884026,24.9494552373789));
#1382=CARTESIAN_POINT('Ctrl Pts',(6.65348199346155,-4.50253763769981,24.8439110539337));
#1383=CARTESIAN_POINT('Ctrl Pts',(5.74935925903767,-5.4553811681017,24.7383668704885));
#1384=CARTESIAN_POINT('Ctrl Pts',(4.84523652461378,-6.4082246985036,24.6328226870433));
#1385=CARTESIAN_POINT('Ctrl Pts',(3.6991484781168,-7.13147664044786,24.5272785035981));
#1386=CARTESIAN_POINT('Ctrl Pts',(2.44995520112101,-7.53750844057134,24.421734320153));
#1387=CARTESIAN_POINT('Ctrl Pts',(1.20076192412521,-7.94354024069483,24.3161901367078));
#1388=CARTESIAN_POINT('Ctrl Pts',(-0.151536583369386,-8.03235189899754,
24.2106459532626));
#1389=CARTESIAN_POINT('Ctrl Pts',(-1.44310573702231,-7.79318581733533,24.1051017698174));
#1390=CARTESIAN_POINT('Ctrl Pts',(-2.73467489067522,-7.55401973567311,23.9995575863722));
#1391=CARTESIAN_POINT('Ctrl Pts',(-3.96551469048645,-6.98687591404597,23.894013402927));
#1392=CARTESIAN_POINT('Ctrl Pts',(-4.98648729679058,-6.16046279195309,23.7884692194818));
#1393=CARTESIAN_POINT('Ctrl Pts',(-6.00745990309472,-5.33404966986021,23.6829250360366));
#1394=CARTESIAN_POINT('Ctrl Pts',(-6.81856531589174,-4.2483672473016,23.5773808525914));
#1395=CARTESIAN_POINT('Ctrl Pts',(-7.32155744172697,-3.03496429795298,23.4718366691462));
#1396=CARTESIAN_POINT('Ctrl Pts',(-7.82454956756221,-1.82156134860436,23.3662924857011));
#1397=CARTESIAN_POINT('Ctrl Pts',(-8.01942840643564,-0.480437872465739,
23.2607483022559));
#1398=CARTESIAN_POINT('Ctrl Pts',(-7.88253225552647,0.825940097437245,23.1552041188107));
#1399=CARTESIAN_POINT('Ctrl Pts',(-7.7456361046173,2.13231806734024,23.0496599353655));
#1400=CARTESIAN_POINT('Ctrl Pts',(-7.27696496392551,3.40395053100759,22.9441157519203));
#1401=CARTESIAN_POINT('Ctrl Pts',(-6.5334037936089,4.48672774195514,22.8385715684751));
#1402=CARTESIAN_POINT('Ctrl Pts',(-5.7898426232923,5.56950495290269,22.7330273850299));
#1403=CARTESIAN_POINT('Ctrl Pts',(-4.77139142335087,6.46342691113044,22.6274832015847));
#1404=CARTESIAN_POINT('Ctrl Pts',(-3.60123476774857,7.06027591115434,22.5219390181395));
#1405=CARTESIAN_POINT('Ctrl Pts',(-3.52015628082062,7.10163072772076,22.514626012093));
#1406=CARTESIAN_POINT('Ctrl Pts',(-3.43834947017022,7.14155932476321,22.5073130060465));
#1407=CARTESIAN_POINT('Ctrl Pts',(-3.35586777155522,7.18004954032572,22.5));
#1408=CARTESIAN_POINT('',(-3.35550383771913,-7.17956955499786,22.5));
#1409=CARTESIAN_POINT('Origin',(0.,0.,22.5));
#1410=CARTESIAN_POINT('Ctrl Pts',(-3.35550383771897,-7.17956955499794,22.5));
#1411=CARTESIAN_POINT('Ctrl Pts',(-2.16548928753598,-7.73574473506855,22.6055198067584));
#1412=CARTESIAN_POINT('Ctrl Pts',(-0.835120650275544,-7.99006966991999,
22.7110396135167));
#1413=CARTESIAN_POINT('Ctrl Pts',(0.475582930663329,-7.91137886897403,22.8165594202751));
#1414=CARTESIAN_POINT('Ctrl Pts',(1.78628651160226,-7.83268806802807,22.9220792270335));
#1415=CARTESIAN_POINT('Ctrl Pts',(3.07732503621962,-7.42098153128468,23.0275990337918));
#1416=CARTESIAN_POINT('Ctrl Pts',(4.19188941707957,-6.72639882082727,23.1331188405502));
#1417=CARTESIAN_POINT('Ctrl Pts',(5.30645379793953,-6.03181611036985,23.2386386473086));
#1418=CARTESIAN_POINT('Ctrl Pts',(6.24454403504207,-5.05435722619841,23.3441584540669));
#1419=CARTESIAN_POINT('Ctrl Pts',(6.89275461412773,-3.91229029435254,23.4496782608253));
#1420=CARTESIAN_POINT('Ctrl Pts',(7.54096519321339,-2.77022336250667,23.5551980675837));
#1421=CARTESIAN_POINT('Ctrl Pts',(7.89929611428218,-1.46354838298637,23.660717874342));
#1422=CARTESIAN_POINT('Ctrl Pts',(7.92425477954991,-0.150557544173852,23.7662376811004));
#1423=CARTESIAN_POINT('Ctrl Pts',(7.92520835609644,-0.100393112050941,23.7702691952795));
#1424=CARTESIAN_POINT('Ctrl Pts',(7.92567530378196,-0.0502194605663083,
23.7743007094587));
#1425=CARTESIAN_POINT('Ctrl Pts',(7.92565770831769,-4.54988117931627E-5,
23.7783322236378));
#1426=CARTESIAN_POINT('Origin',(0.,0.,19.5));
#1427=CARTESIAN_POINT('',(7.92529246541988,-0.00017675623643354,29.2216677763622));
#1428=CARTESIAN_POINT('',(7.92464016535039,0.000175376249605236,27.7783322236378));
#1429=CARTESIAN_POINT('',(7.925,9.70532588324277E-16,19.5));
#1430=CARTESIAN_POINT('Ctrl Pts',(7.92529246541988,-0.00017675623643354,
29.2216677763622));
#1431=CARTESIAN_POINT('Ctrl Pts',(7.92549521783549,-0.209473887861582,29.2048527093036));
#1432=CARTESIAN_POINT('Ctrl Pts',(7.91737014795964,-0.418755319002729,29.188037642245));
#1433=CARTESIAN_POINT('Ctrl Pts',(7.90080528741883,-0.62736658521125,29.1712225751865));
#1434=CARTESIAN_POINT('Ctrl Pts',(7.79683159087783,-1.93676997163635,29.0656783917413));
#1435=CARTESIAN_POINT('Ctrl Pts',(7.36034914601081,-3.2197703687261,28.9601342082961));
#1436=CARTESIAN_POINT('Ctrl Pts',(6.64424099526716,-4.32092288961678,28.8545900248509));
#1437=CARTESIAN_POINT('Ctrl Pts',(5.92813284452351,-5.42207541050745,28.7490458414057));
#1438=CARTESIAN_POINT('Ctrl Pts',(4.93239898790325,-6.34138005519906,28.6435016579605));
#1439=CARTESIAN_POINT('Ctrl Pts',(3.77767986830462,-6.96745633889305,28.5379574745154));
#1440=CARTESIAN_POINT('Ctrl Pts',(2.622960748706,-7.59353262258705,28.4324132910702));
#1441=CARTESIAN_POINT('Ctrl Pts',(1.30925636612902,-7.92638054528343,28.326869107625));
#1442=CARTESIAN_POINT('Ctrl Pts',(-0.00426837937649194,-7.92567314514558,
28.2213249241798));
#1443=CARTESIAN_POINT('Ctrl Pts',(-1.31779312488201,-7.92496574500772,28.1157807407346));
#1444=CARTESIAN_POINT('Ctrl Pts',(-2.63113823331606,-7.59070302203562,28.0102365572894));
#1445=CARTESIAN_POINT('Ctrl Pts',(-3.78518233553101,-6.96338335177718,27.9046923738442));
#1446=CARTESIAN_POINT('Ctrl Pts',(-4.93922643774595,-6.33606368151875,27.799148190399));
#1447=CARTESIAN_POINT('Ctrl Pts',(-5.93396953374178,-5.41568706397397,27.6936040069538));
#1448=CARTESIAN_POINT('Ctrl Pts',(-6.64889121519353,-4.31376386022906,27.5880598235086));
#1449=CARTESIAN_POINT('Ctrl Pts',(-7.36381289664527,-3.21184065648416,27.4825156400634));
#1450=CARTESIAN_POINT('Ctrl Pts',(-7.79891316355292,-1.92837086653913,27.3769714566183));
#1451=CARTESIAN_POINT('Ctrl Pts',(-7.90147644056264,-0.618856250007178,
27.2714272731731));
#1452=CARTESIAN_POINT('Ctrl Pts',(-8.00403971757235,0.690658366524776,27.1658830897279));
#1453=CARTESIAN_POINT('Ctrl Pts',(-7.77406600468413,2.02621780964365,27.0603389062827));
#1454=CARTESIAN_POINT('Ctrl Pts',(-7.23941828819063,3.22600928442659,26.9547947228375));
#1455=CARTESIAN_POINT('Ctrl Pts',(-6.70477057169714,4.42580075920954,26.8492505393923));
#1456=CARTESIAN_POINT('Ctrl Pts',(-5.86544885159837,5.48982426565654,26.7437063559471));
#1457=CARTESIAN_POINT('Ctrl Pts',(-4.82314312013866,6.2891655598561,26.6381621725019));
#1458=CARTESIAN_POINT('Ctrl Pts',(-3.78083738867895,7.08850685405566,26.5326179890568));
#1459=CARTESIAN_POINT('Ctrl Pts',(-2.5355476458583,7.62316593600777,26.4270738056115));
#1460=CARTESIAN_POINT('Ctrl Pts',(-1.23814980878324,7.82836496517919,26.3215296221664));
#1461=CARTESIAN_POINT('Ctrl Pts',(0.0592480282918253,8.03356399435061,26.2159854387212));
#1462=CARTESIAN_POINT('Ctrl Pts',(1.4087539596213,7.90930297074133,26.110441255276));
#1463=CARTESIAN_POINT('Ctrl Pts',(2.64686537005013,7.47063698705112,26.0048970718308));
#1464=CARTESIAN_POINT('Ctrl Pts',(3.88497678047896,7.03197100336091,25.8993528883856));
#1465=CARTESIAN_POINT('Ctrl Pts',(5.01169367000715,6.27890005958977,25.7938087049404));
#1466=CARTESIAN_POINT('Ctrl Pts',(5.89050623548273,5.3026642908573,25.6882645214952));
#1467=CARTESIAN_POINT('Ctrl Pts',(6.76931880095832,4.32642852212483,25.58272033805));
#1468=CARTESIAN_POINT('Ctrl Pts',(7.4002270423813,3.12702792843104,25.4771761546048));
#1469=CARTESIAN_POINT('Ctrl Pts',(7.70679142215259,1.84977850913114,25.3716319711597));
#1470=CARTESIAN_POINT('Ctrl Pts',(7.85198710818446,1.24484487069799,25.3216439062272));
#1471=CARTESIAN_POINT('Ctrl Pts',(7.92442664162128,0.622448342705908,25.2716558412947));
#1472=CARTESIAN_POINT('Ctrl Pts',(7.92433896234486,3.17709892955209E-5,
25.2216677763622));
#1473=CARTESIAN_POINT('Ctrl Pts',(7.92565770831769,-4.54988117931627E-5,
23.7783322236378));
#1474=CARTESIAN_POINT('Ctrl Pts',(7.92521476466268,1.26302080435278,23.8798205162171));
#1475=CARTESIAN_POINT('Ctrl Pts',(7.61770848272224,2.52628373088542,23.9813088087963));
#1476=CARTESIAN_POINT('Ctrl Pts',(7.03641228258124,3.64761624473856,24.0827971013755));
#1477=CARTESIAN_POINT('Ctrl Pts',(6.43202471087816,4.81349249673371,24.1883169081339));
#1478=CARTESIAN_POINT('Ctrl Pts',(5.53166315800531,5.82593830261927,24.2938367148922));
#1479=CARTESIAN_POINT('Ctrl Pts',(4.44433945903464,6.56233145136468,24.3993565216506));
#1480=CARTESIAN_POINT('Ctrl Pts',(3.35701576006396,7.29872460011009,24.504876328409));
#1481=CARTESIAN_POINT('Ctrl Pts',(2.08272991499546,7.75906509171534,24.6103961351673));
#1482=CARTESIAN_POINT('Ctrl Pts',(0.775813212291791,7.88761075038875,24.7159159419257));
#1483=CARTESIAN_POINT('Ctrl Pts',(-0.531103490411898,8.01615640906216,24.8214357486841));
#1484=CARTESIAN_POINT('Ctrl Pts',(-1.87065105075076,7.81290723480372,24.9269555554425));
#1485=CARTESIAN_POINT('Ctrl Pts',(-3.08061290054589,7.30247411655385,25.0324753622008));
#1486=CARTESIAN_POINT('Ctrl Pts',(-4.290574750341,6.79204099830399,25.1379951689592));
#1487=CARTESIAN_POINT('Ctrl Pts',(-5.37095088959239,5.97442393606271,25.2435149757176));
#1488=CARTESIAN_POINT('Ctrl Pts',(-6.19090205292748,4.9486399572012,25.3490347824759));
#1489=CARTESIAN_POINT('Ctrl Pts',(-7.01085321626257,3.92285597833969,25.4545545892343));
#1490=CARTESIAN_POINT('Ctrl Pts',(-7.57037940368136,2.68890508285793,25.5600743959927));
#1491=CARTESIAN_POINT('Ctrl Pts',(-7.8017220787637,1.39622106036985,25.665594202751));
#1492=CARTESIAN_POINT('Ctrl Pts',(-8.03306475384604,0.103537037881745,25.7711140095094));
#1493=CARTESIAN_POINT('Ctrl Pts',(-7.93622391659193,-1.24788011161268,25.8766338162678));
#1494=CARTESIAN_POINT('Ctrl Pts',(-7.52292649214017,-2.49436998708555,25.9821536230261));
#1495=CARTESIAN_POINT('Ctrl Pts',(-7.10962906768841,-3.74085986255842,26.0876734297845));
#1496=CARTESIAN_POINT('Ctrl Pts',(-6.37987505603901,-4.88242246400972,26.1931932365429));
#1497=CARTESIAN_POINT('Ctrl Pts',(-5.42203987520681,-5.78081187856693,26.2987130433012));
#1498=CARTESIAN_POINT('Ctrl Pts',(-4.46420469437462,-6.67920129312414,26.4042328500596));
#1499=CARTESIAN_POINT('Ctrl Pts',(-3.27828834435963,-7.33441752078726,26.509752656818));
#1500=CARTESIAN_POINT('Ctrl Pts',(-2.00790809486252,-7.66711213231148,26.6152724635763));
#1501=CARTESIAN_POINT('Ctrl Pts',(-0.737527845365405,-7.9998067438357,26.7207922703347));
#1502=CARTESIAN_POINT('Ctrl Pts',(0.617316303613826,-8.00997973922103,26.8263120770931));
#1503=CARTESIAN_POINT('Ctrl Pts',(1.89254922401032,-7.696399190551,26.9318318838514));
#1504=CARTESIAN_POINT('Ctrl Pts',(3.16778214440681,-7.38281864188098,27.0373516906098));
#1505=CARTESIAN_POINT('Ctrl Pts',(4.36340383622056,-6.7454845491556,27.1428714973682));
#1506=CARTESIAN_POINT('Ctrl Pts',(5.33462154957205,-5.86157965127085,27.2483913041266));
#1507=CARTESIAN_POINT('Ctrl Pts',(6.30583926292352,-4.97767475338612,27.3539111108849));
#1508=CARTESIAN_POINT('Ctrl Pts',(7.05265299781274,-3.84719905034201,27.4594309176433));
#1509=CARTESIAN_POINT('Ctrl Pts',(7.48462170867261,-2.60705600648167,27.5649507244016));
#1510=CARTESIAN_POINT('Ctrl Pts',(7.77579652528773,-1.77111948076954,27.6360778908137));
#1511=CARTESIAN_POINT('Ctrl Pts',(7.92391738518509,-0.88535416365491,27.7072050572258));
#1512=CARTESIAN_POINT('Ctrl Pts',(7.92464016535039,0.000175376249605236,
27.7783322236378));
#1513=CARTESIAN_POINT('Origin',(0.,0.,19.5));
#1514=CARTESIAN_POINT('',(7.92509629606985,0.000198646521045731,33.2216677763622));
#1515=CARTESIAN_POINT('',(7.92469475024415,-0.000184440906338862,31.7783322236378));
#1516=CARTESIAN_POINT('',(7.925,9.70532588324277E-16,19.5));
#1517=CARTESIAN_POINT('Ctrl Pts',(7.92509629606985,0.000198646521045731,
33.2216677763622));
#1518=CARTESIAN_POINT('Ctrl Pts',(7.92403104586899,-1.04067135738191,33.1380495773126));
#1519=CARTESIAN_POINT('Ctrl Pts',(7.71782005080946,-2.0819509597841,33.0544313782629));
#1520=CARTESIAN_POINT('Ctrl Pts',(7.31829013977249,-3.04285104001624,32.9708131792133));
#1521=CARTESIAN_POINT('Ctrl Pts',(6.81399730996274,-4.25571397527675,32.8652689957681));
#1522=CARTESIAN_POINT('Ctrl Pts',(6.0017111294405,-5.34051723134522,32.7597248123229));
#1523=CARTESIAN_POINT('Ctrl Pts',(4.97984601308638,-6.16582895542576,32.6541806288777));
#1524=CARTESIAN_POINT('Ctrl Pts',(3.95798089673226,-6.9911406795063,32.5486364454326));
#1525=CARTESIAN_POINT('Ctrl Pts',(2.72653684454626,-7.55696087159892,32.4430922619874));
#1526=CARTESIAN_POINT('Ctrl Pts',(1.43471231485505,-7.79473627489874,32.3375480785422));
#1527=CARTESIAN_POINT('Ctrl Pts',(0.142887785163841,-8.03251167819857,32.232003895097));
#1528=CARTESIAN_POINT('Ctrl Pts',(-1.20931722203257,-7.9422422927056,32.1264597116518));
#1529=CARTESIAN_POINT('Ctrl Pts',(-2.45807317500881,-7.53486491504139,32.0209155282066));
#1530=CARTESIAN_POINT('Ctrl Pts',(-3.70682912798507,-7.12748753737717,31.9153713447614));
#1531=CARTESIAN_POINT('Ctrl Pts',(-4.85213602674114,-6.4030021675417,31.8098271613162));
#1532=CARTESIAN_POINT('Ctrl Pts',(-5.75523155941914,-5.44918550969627,31.704282977871));
#1533=CARTESIAN_POINT('Ctrl Pts',(-6.65832709209711,-4.49536885185086,31.5987387944258));
#1534=CARTESIAN_POINT('Ctrl Pts',(-7.31921125869703,-3.31222090599549,31.4931946109807));
#1535=CARTESIAN_POINT('Ctrl Pts',(-7.65781310624697,-2.0430887037557,31.3876504275355));
#1536=CARTESIAN_POINT('Ctrl Pts',(-7.9964149537969,-0.773956501515886,31.2821062440903));
#1537=CARTESIAN_POINT('Ctrl Pts',(-8.01273448229685,0.581159957108353,31.1765620606451));
#1538=CARTESIAN_POINT('Ctrl Pts',(-7.70479446144816,1.85807839674552,31.0710178771999));
#1539=CARTESIAN_POINT('Ctrl Pts',(-7.39685444059946,3.13499683638268,30.9654736937547));
#1540=CARTESIAN_POINT('Ctrl Pts',(-6.76465487040212,4.33371725703274,30.8599295103095));
#1541=CARTESIAN_POINT('Ctrl Pts',(-5.88479135506356,5.30900590779415,30.7543853268643));
#1542=CARTESIAN_POINT('Ctrl Pts',(-5.004927839725,6.28429455855556,30.6488411434191));
#1543=CARTESIAN_POINT('Ctrl Pts',(-3.87740037924522,7.03615143942832,30.5432969599739));
#1544=CARTESIAN_POINT('Ctrl Pts',(-2.63881717643535,7.47348358738882,30.4377527765288));
#1545=CARTESIAN_POINT('Ctrl Pts',(-1.40023397362549,7.91081573534931,30.3322085930836));
#1546=CARTESIAN_POINT('Ctrl Pts',(-0.0505950284855355,8.03362315039755,
30.2266644096384));
#1547=CARTESIAN_POINT('Ctrl Pts',(1.24658102446651,7.82702681553063,30.1211202261932));
#1548=CARTESIAN_POINT('Ctrl Pts',(2.54375707741856,7.62043048066371,30.015576042748));
#1549=CARTESIAN_POINT('Ctrl Pts',(3.78847023818271,7.08443039588165,29.9100318593028));
#1550=CARTESIAN_POINT('Ctrl Pts',(4.82991439880527,6.28396689376314,29.8044876758576));
#1551=CARTESIAN_POINT('Ctrl Pts',(5.87135855942782,5.48350339164463,29.6989434924124));
#1552=CARTESIAN_POINT('Ctrl Pts',(6.70953371990879,4.41857647218969,29.5933993089672));
#1553=CARTESIAN_POINT('Ctrl Pts',(7.24288882604179,3.21820982458199,29.4878551255221));
#1554=CARTESIAN_POINT('Ctrl Pts',(7.69127097030323,2.20908294988765,29.3991260091354));
#1555=CARTESIAN_POINT('Ctrl Pts',(7.92422258906315,1.10423451293539,29.3103968927488));
#1556=CARTESIAN_POINT('Ctrl Pts',(7.92529246541988,-0.00017675623643354,
29.2216677763622));
#1557=CARTESIAN_POINT('Ctrl Pts',(7.92464016535039,0.000175376249605236,
27.7783322236378));
#1558=CARTESIAN_POINT('Ctrl Pts',(7.92498965654381,0.428361968212797,27.8127248639841));
#1559=CARTESIAN_POINT('Ctrl Pts',(7.89087624557631,0.856493433494965,27.8471175043304));
#1560=CARTESIAN_POINT('Ctrl Pts',(7.82180880732894,1.27890971893172,27.8815101446768));
#1561=CARTESIAN_POINT('Ctrl Pts',(7.60990350829487,2.5749220158081,27.9870299514351));
#1562=CARTESIAN_POINT('Ctrl Pts',(7.0689692233962,3.81713622488427,28.0925497581935));
#1563=CARTESIAN_POINT('Ctrl Pts',(6.26451445016037,4.85511707639035,28.1980695649519));
#1564=CARTESIAN_POINT('Ctrl Pts',(5.46005967692454,5.89309792789643,28.3035893717102));
#1565=CARTESIAN_POINT('Ctrl Pts',(4.39208441535155,6.72684542183244,28.4091091784686));
#1566=CARTESIAN_POINT('Ctrl Pts',(3.18992316008725,7.25539063995094,28.514628985227));
#1567=CARTESIAN_POINT('Ctrl Pts',(1.98776190482297,7.78393585806944,28.6201487919853));
#1568=CARTESIAN_POINT('Ctrl Pts',(0.651414655867391,8.00727880037044,28.7256685987437));
#1569=CARTESIAN_POINT('Ctrl Pts',(-0.657283573320974,7.89837207375568,28.8311884055021));
#1570=CARTESIAN_POINT('Ctrl Pts',(-1.96598180250935,7.78946534714091,28.9367082122604));
#1571=CARTESIAN_POINT('Ctrl Pts',(-3.2470310119305,7.34830895161039,29.0422280190188));
#1572=CARTESIAN_POINT('Ctrl Pts',(-4.34529291776347,6.62832803722828,29.1477478257772));
#1573=CARTESIAN_POINT('Ctrl Pts',(-5.44355482359646,5.90834712284616,29.2532676325355));
#1574=CARTESIAN_POINT('Ctrl Pts',(-6.35902942584126,4.90954168961246,29.3587874392939));
#1575=CARTESIAN_POINT('Ctrl Pts',(-6.98085044665459,3.75286958888126,29.4643072460523));
#1576=CARTESIAN_POINT('Ctrl Pts',(-7.6026714674679,2.59619748815008,29.5698270528107));
#1577=CARTESIAN_POINT('Ctrl Pts',(-7.93083890684974,1.28165871992143,29.675346859569));
#1578=CARTESIAN_POINT('Ctrl Pts',(-7.92561086185826,-0.0315527627456327,
29.7808666663274));
#1579=CARTESIAN_POINT('Ctrl Pts',(-7.92038281686678,-1.3447642454127,29.8863864730858));
#1580=CARTESIAN_POINT('Ctrl Pts',(-7.58175928750197,-2.65664844251818,29.9919062798441));
#1581=CARTESIAN_POINT('Ctrl Pts',(-6.95074843542867,-3.80833287638104,30.0974260866025));
#1582=CARTESIAN_POINT('Ctrl Pts',(-6.31973758335537,-4.9600173102439,30.2029458933609));
#1583=CARTESIAN_POINT('Ctrl Pts',(-5.3963394085736,-5.95150198086414,30.3084657001192));
#1584=CARTESIAN_POINT('Ctrl Pts',(-4.2923797538078,-6.66271559946081,30.4139855068776));
#1585=CARTESIAN_POINT('Ctrl Pts',(-3.188420099042,-7.37392921805748,30.5195053136359));
#1586=CARTESIAN_POINT('Ctrl Pts',(-1.90389896429218,-7.80487178463057,30.6250251203943));
#1587=CARTESIAN_POINT('Ctrl Pts',(-0.594375091593216,-7.90335506987947,
30.7305449271527));
#1588=CARTESIAN_POINT('Ctrl Pts',(0.715148781105747,-8.00183835512837,30.8360647339111));
#1589=CARTESIAN_POINT('Ctrl Pts',(2.04967539175387,-7.76786235905307,30.9415845406694));
#1590=CARTESIAN_POINT('Ctrl Pts',(3.24759020937472,-7.22976216359114,31.0471043474278));
#1591=CARTESIAN_POINT('Ctrl Pts',(4.44550502699559,-6.69166196812921,31.1526241541862));
#1592=CARTESIAN_POINT('Ctrl Pts',(5.50680805158919,-5.84943757328065,31.2581439609445));
#1593=CARTESIAN_POINT('Ctrl Pts',(6.30297281602216,-4.80508447278608,31.3636637677029));
#1594=CARTESIAN_POINT('Ctrl Pts',(7.09913758045512,-3.76073137229153,31.4691835744613));
#1595=CARTESIAN_POINT('Ctrl Pts',(7.63016408472744,-2.51424956615096,31.5747033812196));
#1596=CARTESIAN_POINT('Ctrl Pts',(7.83174368280585,-1.21659113795288,31.680223187978));
#1597=CARTESIAN_POINT('Ctrl Pts',(7.89421783049977,-0.814416984058782,31.7129261998646));
#1598=CARTESIAN_POINT('Ctrl Pts',(7.92504786251104,-0.407327200610461,31.7456292117512));
#1599=CARTESIAN_POINT('Ctrl Pts',(7.92469475024415,-0.000184440906338862,
31.7783322236378));
#1600=CARTESIAN_POINT('Origin',(0.,0.,19.5));
#1601=CARTESIAN_POINT('',(7.92439156546949,-8.77285486117207E-5,37.2216677763622));
#1602=CARTESIAN_POINT('',(7.92561812239221,7.27343416958196E-5,35.7783322236378));
#1603=CARTESIAN_POINT('',(7.925,9.70532588324277E-16,19.5));
#1604=CARTESIAN_POINT('Ctrl Pts',(7.92439156546949,-8.77285486117208E-5,
37.2216677763622));
#1605=CARTESIAN_POINT('Ctrl Pts',(7.92461012366612,-0.558856100440435,37.1767906287667));
#1606=CARTESIAN_POINT('Ctrl Pts',(7.86633713862153,-1.11757954291212,37.1319134811712));
#1607=CARTESIAN_POINT('Ctrl Pts',(7.74910312656456,-1.66364472033141,37.0870363335757));
#1608=CARTESIAN_POINT('Ctrl Pts',(7.47338667091792,-2.94790645144853,36.9814921501305));
#1609=CARTESIAN_POINT('Ctrl Pts',(6.8715459169196,-4.16215298748268,36.8759479666854));
#1610=CARTESIAN_POINT('Ctrl Pts',(6.016498276039,-5.15926947503606,36.7704037832402));
#1611=CARTESIAN_POINT('Ctrl Pts',(5.1614506351584,-6.15638596258944,36.664859599795));
#1612=CARTESIAN_POINT('Ctrl Pts',(4.05319610739552,-6.93637240166206,36.5593154163498));
#1613=CARTESIAN_POINT('Ctrl Pts',(2.82600783872264,-7.40472772741154,36.4537712329046));
#1614=CARTESIAN_POINT('Ctrl Pts',(1.59881957004974,-7.87308305316103,36.3482270494594));
#1615=CARTESIAN_POINT('Ctrl Pts',(0.252697560466829,-8.02980726558736,36.2426828660142));
#1616=CARTESIAN_POINT('Ctrl Pts',(-1.04926565797562,-7.85591207948587,36.137138682569));
#1617=CARTESIAN_POINT('Ctrl Pts',(-2.35122887641804,-7.6820168933844,36.0315944991238));
#1618=CARTESIAN_POINT('Ctrl Pts',(-3.60903330372,-7.17750230875513,35.9260503156786));
#1619=CARTESIAN_POINT('Ctrl Pts',(-4.67028672921072,-6.40349395943944,35.8205061322334));
#1620=CARTESIAN_POINT('Ctrl Pts',(-5.73154015470146,-5.62948561012373,35.7149619487883));
#1621=CARTESIAN_POINT('Ctrl Pts',(-6.59624257838095,-4.58598349612159,35.6094177653431));
#1622=CARTESIAN_POINT('Ctrl Pts',(-7.15962897394095,-3.39941553463596,35.5038735818979));
#1623=CARTESIAN_POINT('Ctrl Pts',(-7.72301536950096,-2.21284757315032,35.3983293984527));
#1624=CARTESIAN_POINT('Ctrl Pts',(-7.98508573694147,-0.883213764181227,
35.2927852150075));
#1625=CARTESIAN_POINT('Ctrl Pts',(-7.91408833348065,0.428391026381879,35.1872410315623));
#1626=CARTESIAN_POINT('Ctrl Pts',(-7.84309093001983,1.73999581694498,35.0816968481171));
#1627=CARTESIAN_POINT('Ctrl Pts',(-7.43902575565767,3.03357158910206,34.9761526646719));
#1628=CARTESIAN_POINT('Ctrl Pts',(-6.75084826311762,4.15239217198724,34.8706084812267));
#1629=CARTESIAN_POINT('Ctrl Pts',(-6.06267077057758,5.27121275487241,34.7650642977815));
#1630=CARTESIAN_POINT('Ctrl Pts',(-5.09038095985966,6.21527814848568,34.6595201143364));
#1631=CARTESIAN_POINT('Ctrl Pts',(-3.95177885650981,6.87020792195266,34.5539759308912));
#1632=CARTESIAN_POINT('Ctrl Pts',(-2.81317675315994,7.52513769541966,34.448431747446));
#1633=CARTESIAN_POINT('Ctrl Pts',(-1.50826235717813,7.89093184874035,34.3428875640008));
#1634=CARTESIAN_POINT('Ctrl Pts',(-0.195135596679899,7.92327174344838,34.2373433805556));
#1635=CARTESIAN_POINT('Ctrl Pts',(1.11799116381833,7.9556116381564,34.1317991971104));
#1636=CARTESIAN_POINT('Ctrl Pts',(2.43933028883298,7.65449727425175,34.0262550136652));
#1637=CARTESIAN_POINT('Ctrl Pts',(3.60879187413408,7.05641086040226,33.92071083022));
#1638=CARTESIAN_POINT('Ctrl Pts',(4.77825345943516,6.45832444655278,33.8151666467748));
#1639=CARTESIAN_POINT('Ctrl Pts',(5.7958375050227,5.56326598275848,33.7096224633296));
#1640=CARTESIAN_POINT('Ctrl Pts',(6.53825625734421,4.47967835172552,33.6040782798844));
#1641=CARTESIAN_POINT('Ctrl Pts',(7.28067500966573,3.39609072069257,33.4985340964393));
#1642=CARTESIAN_POINT('Ctrl Pts',(7.74792846872123,2.12397392242097,33.3929899129941));
#1643=CARTESIAN_POINT('Ctrl Pts',(7.88340545870036,0.817454216058896,33.2874457295489));
#1644=CARTESIAN_POINT('Ctrl Pts',(7.91154975117843,0.546034894225044,33.2655197451533));
#1645=CARTESIAN_POINT('Ctrl Pts',(7.9253756211396,0.27313085174412,33.2435937607578));
#1646=CARTESIAN_POINT('Ctrl Pts',(7.92509629606985,0.000198646521045731,
33.2216677763622));
#1647=CARTESIAN_POINT('Ctrl Pts',(7.92469475024415,-0.000184440906338862,
31.7783322236378));
#1648=CARTESIAN_POINT('Ctrl Pts',(7.92390850757041,0.906362971903699,31.8511490185096));
#1649=CARTESIAN_POINT('Ctrl Pts',(7.76852296687535,1.81317302955432,31.9239658133814));
#1650=CARTESIAN_POINT('Ctrl Pts',(7.4636268112586,2.66656669378134,31.9967826082531));
#1651=CARTESIAN_POINT('Ctrl Pts',(7.02179764974844,3.90323104706189,32.1023024150115));
#1652=CARTESIAN_POINT('Ctrl Pts',(6.26600663484362,5.02772470336738,32.2078222217698));
#1653=CARTESIAN_POINT('Ctrl Pts',(5.28778196045532,5.9038686510458,32.3133420285282));
#1654=CARTESIAN_POINT('Ctrl Pts',(4.30955728606704,6.7800125987242,32.4188618352866));
#1655=CARTESIAN_POINT('Ctrl Pts',(3.10889895219528,7.40780683777554,32.524381642045));
#1656=CARTESIAN_POINT('Ctrl Pts',(1.83120970461956,7.71122390595858,32.6299014488033));
#1657=CARTESIAN_POINT('Ctrl Pts',(0.553520457043825,8.01464097414162,32.7354212555617));
#1658=CARTESIAN_POINT('Ctrl Pts',(-0.801199704235848,7.99368087145636,32.8409410623201));
#1659=CARTESIAN_POINT('Ctrl Pts',(-2.0688907584321,7.65088191908577,32.9464608690784));
#1660=CARTESIAN_POINT('Ctrl Pts',(-3.33658181262836,7.30808296671518,33.0519806758368));
#1661=CARTESIAN_POINT('Ctrl Pts',(-4.51724375974117,6.64344516465925,33.1575004825952));
#1662=CARTESIAN_POINT('Ctrl Pts',(-5.46789546674971,5.73745782335847,33.2630202893535));
#1663=CARTESIAN_POINT('Ctrl Pts',(-6.41854717375824,4.8314704820577,33.3685400961119));
#1664=CARTESIAN_POINT('Ctrl Pts',(-7.13918864066251,3.68413360151208,33.4740599028703));
#1665=CARTESIAN_POINT('Ctrl Pts',(-7.54254837227132,2.43439256531619,33.5795797096286));
#1666=CARTESIAN_POINT('Ctrl Pts',(-7.94590810388014,1.18465152912031,33.685099516387));
#1667=CARTESIAN_POINT('Ctrl Pts',(-8.0319861001935,-0.167493662725854,33.7906193231454));
#1668=CARTESIAN_POINT('Ctrl Pts',(-7.79035809923607,-1.45829482471356,33.8961391299037));
#1669=CARTESIAN_POINT('Ctrl Pts',(-7.54873009827864,-2.74909598670126,34.0016589366621));
#1670=CARTESIAN_POINT('Ctrl Pts',(-6.97939610005041,-3.97855311883051,34.1071787434205));
#1671=CARTESIAN_POINT('Ctrl Pts',(-6.1513038845091,-4.99777586837812,34.2126985501788));
#1672=CARTESIAN_POINT('Ctrl Pts',(-5.32321166896778,-6.01699861792573,34.3182183569372));
#1673=CARTESIAN_POINT('Ctrl Pts',(-4.23636123611337,-6.8259869848917,34.4237381636956));
#1674=CARTESIAN_POINT('Ctrl Pts',(-3.02237290850629,-7.32677044215571,34.5292579704539));
#1675=CARTESIAN_POINT('Ctrl Pts',(-1.80838458089921,-7.82755389941972,34.6347777772123));
#1676=CARTESIAN_POINT('Ctrl Pts',(-0.467258358539484,-8.02013244698178,
34.7402975839707));
#1677=CARTESIAN_POINT('Ctrl Pts',(0.838591997999084,-7.88118433809357,34.8458173907291));
#1678=CARTESIAN_POINT('Ctrl Pts',(2.14444235453764,-7.74223622920536,34.9513371974874));
#1679=CARTESIAN_POINT('Ctrl Pts',(3.41501684525502,-7.27176146386688,35.0568570042458));
#1680=CARTESIAN_POINT('Ctrl Pts',(4.49644570182805,-6.52673572014613,35.1623768110041));
#1681=CARTESIAN_POINT('Ctrl Pts',(5.57787455840109,-5.78170997642538,35.2678966177625));
#1682=CARTESIAN_POINT('Ctrl Pts',(6.47015778082979,-4.76213325432235,35.3734164245209));
#1683=CARTESIAN_POINT('Ctrl Pts',(7.06523762537944,-3.59147886072606,35.4789362312793));
#1684=CARTESIAN_POINT('Ctrl Pts',(7.62805303752762,-2.48429578092674,35.5787348953988));
#1685=CARTESIAN_POINT('Ctrl Pts',(7.92501933238986,-1.24197337029368,35.6785335595183));
#1686=CARTESIAN_POINT('Ctrl Pts',(7.92561812239221,7.27343416958196E-5,
35.7783322236378));
#1687=CARTESIAN_POINT('Origin',(0.,0.,19.5));
#1688=CARTESIAN_POINT('',(7.92561087792765,-7.77749158900956E-5,41.2216677763622));
#1689=CARTESIAN_POINT('',(7.92440346170195,9.50387567082246E-5,39.7783322236378));
#1690=CARTESIAN_POINT('',(7.925,9.70532588324277E-16,19.5));
#1691=CARTESIAN_POINT('Ctrl Pts',(7.92561087792765,-7.77749158900956E-5,
41.2216677763622));
#1692=CARTESIAN_POINT('Ctrl Pts',(7.92564988381753,-0.0764448733935775,
41.2155316802208));
#1693=CARTESIAN_POINT('Ctrl Pts',(7.92456898026998,-0.152810865409987,41.2093955840795));
#1694=CARTESIAN_POINT('Ctrl Pts',(7.92236113345022,-0.229144262019535,41.2032594879381));
#1695=CARTESIAN_POINT('Ctrl Pts',(7.88438497004003,-1.5421201067855,41.0977153044929));
#1696=CARTESIAN_POINT('Ctrl Pts',(7.51299287142596,-2.84545231790097,40.9921711210477));
#1697=CARTESIAN_POINT('Ctrl Pts',(6.85318170811104,-3.98123266052505,40.8866269376026));
#1698=CARTESIAN_POINT('Ctrl Pts',(6.19337054479612,-5.11701300314912,40.7810827541574));
#1699=CARTESIAN_POINT('Ctrl Pts',(5.24514031678035,-6.08524147728179,40.6755385707122));
#1700=CARTESIAN_POINT('Ctrl Pts',(4.12337605510322,-6.76861011802427,40.569994387267));
#1701=CARTESIAN_POINT('Ctrl Pts',(3.00161179342609,-7.45197875876674,40.4644502038218));
#1702=CARTESIAN_POINT('Ctrl Pts',(1.70631349808761,-7.85048756611902,40.3589060203766));
#1703=CARTESIAN_POINT('Ctrl Pts',(0.394416036242082,-7.91585428188103,40.2533618369314));
#1704=CARTESIAN_POINT('Ctrl Pts',(-0.917481425603446,-7.98122099764303,
40.1478176534862));
#1705=CARTESIAN_POINT('Ctrl Pts',(-2.24597805395601,-7.71344562181476,40.042273470041));
#1706=CARTESIAN_POINT('Ctrl Pts',(-3.43011676067943,-7.14497110069209,39.9367292865958));
#1707=CARTESIAN_POINT('Ctrl Pts',(-4.61425546740285,-6.57649657956942,39.8311851031507));
#1708=CARTESIAN_POINT('Ctrl Pts',(-5.6540362524971,-5.70732291315235,39.7256409197055));
#1709=CARTESIAN_POINT('Ctrl Pts',(-6.42348206498822,-4.64275685152624,39.6200967362603));
#1710=CARTESIAN_POINT('Ctrl Pts',(-7.19292787747932,-3.57819078990014,39.5145525528151));
#1711=CARTESIAN_POINT('Ctrl Pts',(-7.69203871736729,-2.31823233306499,39.4090083693699));
#1712=CARTESIAN_POINT('Ctrl Pts',(-7.86034365402943,-1.0155346681322,39.3034641859247));
#1713=CARTESIAN_POINT('Ctrl Pts',(-8.02864859069158,0.287162996800621,39.1979200024795));
#1714=CARTESIAN_POINT('Ctrl Pts',(-7.86614762412789,1.63259986983112,39.0923758190343));
#1715=CARTESIAN_POINT('Ctrl Pts',(-7.39252893557962,2.85776642821577,38.9868316355891));
#1716=CARTESIAN_POINT('Ctrl Pts',(-6.91891024703136,4.0829329866004,38.8812874521439));
#1717=CARTESIAN_POINT('Ctrl Pts',(-6.13417383649855,5.18782923033921,38.7757432686988));
#1718=CARTESIAN_POINT('Ctrl Pts',(-5.1333962626251,6.03858889414454,38.6701990852536));
#1719=CARTESIAN_POINT('Ctrl Pts',(-4.13261868875161,6.8893485579499,38.5646549018084));
#1720=CARTESIAN_POINT('Ctrl Pts',(-2.91579995153747,7.48597164182175,38.4591107183632));
#1721=CARTESIAN_POINT('Ctrl Pts',(-1.63036654537615,7.75617289320818,38.353566534918));
#1722=CARTESIAN_POINT('Ctrl Pts',(-0.344933139214836,8.0263741445946,38.2480223514728));
#1723=CARTESIAN_POINT('Ctrl Pts',(1.00911493589365,7.97015356349561,38.1424781680276));
#1724=CARTESIAN_POINT('Ctrl Pts',(2.26772484705945,7.5943226847197,38.0369339845824));
#1725=CARTESIAN_POINT('Ctrl Pts',(3.52633475822525,7.2184918059438,37.9313898011372));
#1726=CARTESIAN_POINT('Ctrl Pts',(4.68950650544836,6.52305062949099,37.825845617692));
#1727=CARTESIAN_POINT('Ctrl Pts',(5.61631331974819,5.59225694295587,37.7203014342469));
#1728=CARTESIAN_POINT('Ctrl Pts',(6.54312013404803,4.66146325642075,37.6147572508017));
#1729=CARTESIAN_POINT('Ctrl Pts',(7.23356201542458,3.49531705980331,37.5092130673565));
#1730=CARTESIAN_POINT('Ctrl Pts',(7.60398687746537,2.23510549839455,37.4036688839113));
#1731=CARTESIAN_POINT('Ctrl Pts',(7.81690792769759,1.5107330367524,37.3430018480616));
#1732=CARTESIAN_POINT('Ctrl Pts',(7.92409610823434,0.755281600063923,37.2823348122119));
#1733=CARTESIAN_POINT('Ctrl Pts',(7.92439156546949,-8.77285486117208E-5,
37.2216677763622));
#1734=CARTESIAN_POINT('Ctrl Pts',(7.92561812239221,7.27343416958196E-5,
35.7783322236378));
#1735=CARTESIAN_POINT('Ctrl Pts',(7.9256524491344,0.0712753199808078,35.7840533662767));
#1736=CARTESIAN_POINT('Ctrl Pts',(7.9247128034115,0.142476997576935,35.7897745089155));
#1737=CARTESIAN_POINT('Ctrl Pts',(7.92279343564872,0.213652255220932,35.7954956515544));
#1738=CARTESIAN_POINT('Ctrl Pts',(7.88739293469774,1.52639691248218,35.9010154583127));
#1739=CARTESIAN_POINT('Ctrl Pts',(7.51871546612514,2.83015416191514,36.0065352650711));
#1740=CARTESIAN_POINT('Ctrl Pts',(6.86140879917994,3.96703571960923,36.1120550718295));
#1741=CARTESIAN_POINT('Ctrl Pts',(6.20410213223474,5.10391727730332,36.2175748785878));
#1742=CARTESIAN_POINT('Ctrl Pts',(5.25816626691694,6.07392314325854,36.3230946853462));
#1743=CARTESIAN_POINT('Ctrl Pts',(4.13815641703605,6.75958316601422,36.4286144921046));
#1744=CARTESIAN_POINT('Ctrl Pts',(3.01814656715517,7.44524318876989,36.5341342988629));
#1745=CARTESIAN_POINT('Ctrl Pts',(1.7240627327112,7.84655736832602,36.6396541056213));
#1746=CARTESIAN_POINT('Ctrl Pts',(0.412621722715644,7.91492554760072,36.7451739123797));
#1747=CARTESIAN_POINT('Ctrl Pts',(-0.89881928727991,7.98329372687543,36.8506937191381));
#1748=CARTESIAN_POINT('Ctrl Pts',(-2.22761747282704,7.71871590586871,36.9562135258964));
#1749=CARTESIAN_POINT('Ctrl Pts',(-3.41285202963435,7.15323312453468,37.0617333326548));
#1750=CARTESIAN_POINT('Ctrl Pts',(-4.59808658644168,6.58775034320063,37.1672531394131));
#1751=CARTESIAN_POINT('Ctrl Pts',(-5.63975751450918,5.72136260153927,37.2727729461715));
#1752=CARTESIAN_POINT('Ctrl Pts',(-6.4117158430038,4.65899163539639,37.3782927529299));
#1753=CARTESIAN_POINT('Ctrl Pts',(-7.1836741714984,3.59662066925353,37.4838125596883));
#1754=CARTESIAN_POINT('Ctrl Pts',(-7.68591990042012,2.33826647862917,37.5893323664466));
#1755=CARTESIAN_POINT('Ctrl Pts',(-7.85762980805699,1.03631892275188,37.694852173205));
#1756=CARTESIAN_POINT('Ctrl Pts',(-8.02933971569386,-0.2656286331254,37.8003719799633));
#1757=CARTESIAN_POINT('Ctrl Pts',(-7.87051380204588,-1.6111695542556,37.9058917867217));
#1758=CARTESIAN_POINT('Ctrl Pts',(-7.4003862849533,-2.83735544893384,38.0114115934801));
#1759=CARTESIAN_POINT('Ctrl Pts',(-6.93025876786073,-4.06354134361205,38.1169314002385));
#1760=CARTESIAN_POINT('Ctrl Pts',(-6.14882964732356,-5.17037221183831,38.2224512069968));
#1761=CARTESIAN_POINT('Ctrl Pts',(-5.15073195636464,-6.02380805004638,38.3279710137552));
#1762=CARTESIAN_POINT('Ctrl Pts',(-4.15263426540569,-6.87724388825447,38.4334908205136));
#1763=CARTESIAN_POINT('Ctrl Pts',(-2.93786800402497,-7.47728469644437,38.5390106272719));
#1764=CARTESIAN_POINT('Ctrl Pts',(-1.65354442352734,-7.75126402269598,38.6445304340303));
#1765=CARTESIAN_POINT('Ctrl Pts',(-0.369220843029702,-8.02524334894758,
38.7500502407886));
#1766=CARTESIAN_POINT('Ctrl Pts',(0.984660056584847,-7.97316119326088,38.855570047547));
#1767=CARTESIAN_POINT('Ctrl Pts',(2.24413989122878,-7.60132483575824,38.9610898543054));
#1768=CARTESIAN_POINT('Ctrl Pts',(3.50361972587272,-7.22948847825561,39.0666096610638));
#1769=CARTESIAN_POINT('Ctrl Pts',(4.66869849554604,-6.53789791893703,39.1721294678221));
#1770=CARTESIAN_POINT('Ctrl Pts',(5.59828222923201,-5.61030651497621,39.2776492745805));
#1771=CARTESIAN_POINT('Ctrl Pts',(6.52786596291796,-4.68271511101541,39.3831690813389));
#1772=CARTESIAN_POINT('Ctrl Pts',(7.22195466061657,-3.51912286241237,39.4886888880972));
#1773=CARTESIAN_POINT('Ctrl Pts',(7.59649243430957,-2.26044371874128,39.5942086948556));
#1774=CARTESIAN_POINT('Ctrl Pts',(7.81433847564568,-1.52834594911595,39.6555832044497));
#1775=CARTESIAN_POINT('Ctrl Pts',(7.92407892153836,-0.764079831230664,39.7169577140438));
#1776=CARTESIAN_POINT('Ctrl Pts',(7.92440346170195,9.50387567082246E-5,
39.7783322236378));
#1777=CARTESIAN_POINT('Origin',(0.,0.,19.5));
#1778=CARTESIAN_POINT('',(7.92469796579626,0.000185167400028607,45.2216677763622));
#1779=CARTESIAN_POINT('',(7.92505592512923,-0.000200576933809602,43.7783322236378));
#1780=CARTESIAN_POINT('',(7.925,9.70532588324277E-16,19.5));
#1781=CARTESIAN_POINT('Ctrl Pts',(7.92469796579626,0.000185167400028607,
45.2216677763622));
#1782=CARTESIAN_POINT('Ctrl Pts',(7.92390712638251,-0.907885420983105,45.1487285482298));
#1783=CARTESIAN_POINT('Ctrl Pts',(7.76798954692134,-1.81622063553441,45.0757893200974));
#1784=CARTESIAN_POINT('Ctrl Pts',(7.46208767377198,-2.67087262342469,45.002850091965));
#1785=CARTESIAN_POINT('Ctrl Pts',(7.01944296470958,-3.90756717725167,44.8973059085198));
#1786=CARTESIAN_POINT('Ctrl Pts',(6.2627531246042,-5.03185692163495,44.7917617250746));
#1787=CARTESIAN_POINT('Ctrl Pts',(5.2836966648546,-5.90752592676693,44.6862175416294));
#1788=CARTESIAN_POINT('Ctrl Pts',(4.304640205105,-6.7831949318989,44.5806733581842));
#1789=CARTESIAN_POINT('Ctrl Pts',(3.10321712571116,-7.41024319777957,44.475129174739));
#1790=CARTESIAN_POINT('Ctrl Pts',(1.82498862445999,-7.71269923841263,44.3695849912938));
#1791=CARTESIAN_POINT('Ctrl Pts',(0.546760123208835,-8.01515527904569,44.2640408078486));
#1792=CARTESIAN_POINT('Ctrl Pts',(-0.808273799899655,-7.99301909443116,
44.1584966244034));
#1793=CARTESIAN_POINT('Ctrl Pts',(-2.07594086927621,-7.64897264532224,44.0529524409583));
#1794=CARTESIAN_POINT('Ctrl Pts',(-3.34360793865282,-7.3049261962133,43.9474082575131));
#1795=CARTESIAN_POINT('Ctrl Pts',(-4.52390815429744,-6.63896948260998,43.8418640740679));
#1796=CARTESIAN_POINT('Ctrl Pts',(-5.47383950793839,-5.73178803367255,43.7363198906227));
#1797=CARTESIAN_POINT('Ctrl Pts',(-6.42377086157931,-4.82460658473516,43.6307757071775));
#1798=CARTESIAN_POINT('Ctrl Pts',(-7.14333335321656,-3.67620040046367,43.5252315237323));
#1799=CARTESIAN_POINT('Ctrl Pts',(-7.54534672140705,-2.42570729383639,43.4196873402871));
#1800=CARTESIAN_POINT('Ctrl Pts',(-7.94736008959754,-1.1752141872091,43.3141431568419));
#1801=CARTESIAN_POINT('Ctrl Pts',(-8.03182433434131,0.177365841774027,43.2085989733967));
#1802=CARTESIAN_POINT('Ctrl Pts',(-7.78850599429908,1.46815782475399,43.1030547899515));
#1803=CARTESIAN_POINT('Ctrl Pts',(-7.54518765425686,2.75894980773395,42.9975106065063));
#1804=CARTESIAN_POINT('Ctrl Pts',(-6.97408672942865,3.98795374471076,42.8919664230612));
#1805=CARTESIAN_POINT('Ctrl Pts',(-6.14439627603337,5.0062668151714,42.786422239616));
#1806=CARTESIAN_POINT('Ctrl Pts',(-5.31470582263808,6.02457988563204,42.6808780561708));
#1807=CARTESIAN_POINT('Ctrl Pts',(-4.22642584067573,6.83220208957652,42.5753338727256));
#1808=CARTESIAN_POINT('Ctrl Pts',(-3.01140941372605,7.3312840870165,42.4697896892804));
#1809=CARTESIAN_POINT('Ctrl Pts',(-1.79639298677635,7.83036608445647,42.3642455058352));
#1810=CARTESIAN_POINT('Ctrl Pts',(-0.454640114839309,8.02090787539193,42.25870132239));
#1811=CARTESIAN_POINT('Ctrl Pts',(0.851286023032672,7.87982392751313,42.1531571389448));
#1812=CARTESIAN_POINT('Ctrl Pts',(2.15721216090463,7.73873997963432,42.0476129554997));
#1813=CARTESIAN_POINT('Ctrl Pts',(3.42731156471154,7.26603029294125,41.9420687720545));
#1814=CARTESIAN_POINT('Ctrl Pts',(4.50770239740741,6.51896710514991,41.8365245886093));
#1815=CARTESIAN_POINT('Ctrl Pts',(5.58809323010329,5.77190391735856,41.7309804051641));
#1816=CARTESIAN_POINT('Ctrl Pts',(6.47877549168813,4.75048722846894,41.6254362217189));
#1817=CARTESIAN_POINT('Ctrl Pts',(7.07183650837741,3.57846914481591,41.5198920382737));
#1818=CARTESIAN_POINT('Ctrl Pts',(7.63041832121761,2.47458949765406,41.4204839509698));
#1819=CARTESIAN_POINT('Ctrl Pts',(7.92497896134456,1.23711066179304,41.321075863666));
#1820=CARTESIAN_POINT('Ctrl Pts',(7.92561087792765,-7.77749158900956E-5,
41.2216677763622));
#1821=CARTESIAN_POINT('Ctrl Pts',(7.92440346170195,9.50387567082246E-5,
39.7783322236378));
#1822=CARTESIAN_POINT('Ctrl Pts',(7.92463689610424,0.549748745877177,39.8224775208021));
#1823=CARTESIAN_POINT('Ctrl Pts',(7.86826292124997,1.09935524498827,39.8666228179664));
#1824=CARTESIAN_POINT('Ctrl Pts',(7.75479393749597,1.6369099233297,39.9107681151307));
#1825=CARTESIAN_POINT('Ctrl Pts',(7.483570817302,2.92181838299044,40.0162879218891));
#1826=CARTESIAN_POINT('Ctrl Pts',(6.88613772722668,4.13786926357278,40.1218077286475));
#1827=CARTESIAN_POINT('Ctrl Pts',(6.03484531796392,5.13779574315371,40.2273275354058));
#1828=CARTESIAN_POINT('Ctrl Pts',(5.18355290870117,6.13772222273464,40.3328473421642));
#1829=CARTESIAN_POINT('Ctrl Pts',(4.07840118025097,6.92152430131415,40.4383671489225));
#1830=CARTESIAN_POINT('Ctrl Pts',(2.853226788127,7.39428157467876,40.5438869556809));
#1831=CARTESIAN_POINT('Ctrl Pts',(1.628052396003,7.86703884804339,40.6494067624393));
#1832=CARTESIAN_POINT('Ctrl Pts',(0.282855340205228,8.0287513161931,40.7549265691977));
#1833=CARTESIAN_POINT('Ctrl Pts',(-1.01945763051857,7.85983519227324,40.860446375956));
#1834=CARTESIAN_POINT('Ctrl Pts',(-2.32177060124236,7.69091906835338,40.9659661827144));
#1835=CARTESIAN_POINT('Ctrl Pts',(-3.58119948689217,7.19137435236396,41.0714859894727));
#1836=CARTESIAN_POINT('Ctrl Pts',(-4.64522427996728,6.42169716655355,41.1770057962311));
#1837=CARTESIAN_POINT('Ctrl Pts',(-5.70924907304236,5.65201998074315,41.2825256029895));
#1838=CARTESIAN_POINT('Ctrl Pts',(-6.57786977354275,4.61221032511177,41.3880454097479));
#1839=CARTESIAN_POINT('Ctrl Pts',(-7.1458942286878,3.42819176571642,41.4935652165062));
#1840=CARTESIAN_POINT('Ctrl Pts',(-7.71391868383285,2.24417320632106,41.5990850232646));
#1841=CARTESIAN_POINT('Ctrl Pts',(-7.98134689362258,0.915945743161721,41.704604830023));
#1842=CARTESIAN_POINT('Ctrl Pts',(-7.91579262884803,-0.395638935387613,
41.8101246367813));
#1843=CARTESIAN_POINT('Ctrl Pts',(-7.85023836407347,-1.70722361393695,41.9156444435397));
#1844=CARTESIAN_POINT('Ctrl Pts',(-7.45170162473464,-3.00216550787628,42.0211642502981));
#1845=CARTESIAN_POINT('Ctrl Pts',(-6.76844621291346,-4.12364389502985,42.1266840570565));
#1846=CARTESIAN_POINT('Ctrl Pts',(-6.08519080109227,-5.24512228218341,42.2322038638148));
#1847=CARTESIAN_POINT('Ctrl Pts',(-5.11721671678874,-6.19313716255121,42.3377236705732));
#1848=CARTESIAN_POINT('Ctrl Pts',(-3.98174805759239,-6.85288154836917,42.4432434773316));
#1849=CARTESIAN_POINT('Ctrl Pts',(-2.84627939839601,-7.51262593418715,42.5487632840899));
#1850=CARTESIAN_POINT('Ctrl Pts',(-1.54331616430682,-7.8840998254553,42.6542830908483));
#1851=CARTESIAN_POINT('Ctrl Pts',(-0.230650481979029,-7.92231679909875,
42.7598028976066));
#1852=CARTESIAN_POINT('Ctrl Pts',(1.08201520034874,-7.9605337727422,42.865322704365));
#1853=CARTESIAN_POINT('Ctrl Pts',(2.40438333091511,-7.66549382876097,42.9708425111234));
#1854=CARTESIAN_POINT('Ctrl Pts',(3.57631180126855,-7.07292704686163,43.0763623178818));
#1855=CARTESIAN_POINT('Ctrl Pts',(4.74824027162199,-6.48036026496229,43.1818821246401));
#1856=CARTESIAN_POINT('Ctrl Pts',(5.76972908176251,-5.59026664514484,43.2874019313985));
#1857=CARTESIAN_POINT('Ctrl Pts',(6.51707336612784,-4.51043876475744,43.3929217381569));
#1858=CARTESIAN_POINT('Ctrl Pts',(7.26441765049319,-3.43061088437001,43.4984415449152));
#1859=CARTESIAN_POINT('Ctrl Pts',(7.73761740908335,-2.16104874341263,43.6039613516736));
#1860=CARTESIAN_POINT('Ctrl Pts',(7.87936696028988,-0.855499512104865,43.709481158432));
#1861=CARTESIAN_POINT('Ctrl Pts',(7.91019721511073,-0.571545064702487,43.7324315135006));
#1862=CARTESIAN_POINT('Ctrl Pts',(7.92534808079895,-0.285888233108501,43.7553818685692));
#1863=CARTESIAN_POINT('Ctrl Pts',(7.92505592512923,-0.000200576933809602,
43.7783322236378));
#1864=CARTESIAN_POINT('Origin',(0.,0.,19.5));
#1865=CARTESIAN_POINT('',(7.9246461738659,-0.000176756128675848,49.2216677763622));
#1866=CARTESIAN_POINT('',(7.92534089819813,0.00016784974158519,47.7783322236378));
#1867=CARTESIAN_POINT('',(7.925,9.70532588324277E-16,19.5));
#1868=CARTESIAN_POINT('Ctrl Pts',(7.9246461738659,-0.000176756128675848,
49.2216677763622));
#1869=CARTESIAN_POINT('Ctrl Pts',(7.92499667731816,-0.42594134814152,49.1874695996839));
#1870=CARTESIAN_POINT('Ctrl Pts',(7.89127008012673,-0.8516509654497,49.1532714230056));
#1871=CARTESIAN_POINT('Ctrl Pts',(7.82297811950912,-1.27174146873513,49.1190732463274));
#1872=CARTESIAN_POINT('Ctrl Pts',(7.6122119348945,-2.56824652979324,49.0135290628822));
#1873=CARTESIAN_POINT('Ctrl Pts',(7.07221239145421,-3.8112298106657,48.907984879437));
#1874=CARTESIAN_POINT('Ctrl Pts',(6.26840438545976,-4.85009479102913,48.8024406959918));
#1875=CARTESIAN_POINT('Ctrl Pts',(5.46459637946532,-5.88895977139256,48.6968965125466));
#1876=CARTESIAN_POINT('Ctrl Pts',(4.39697991091673,-6.72370645124696,48.5913523291014));
#1877=CARTESIAN_POINT('Ctrl Pts',(3.19490452753315,-7.25319916185729,48.4858081456562));
#1878=CARTESIAN_POINT('Ctrl Pts',(1.99282914414955,-7.78269187246762,48.380263962211));
#1879=CARTESIAN_POINT('Ctrl Pts',(0.656294845931022,-8.00693061383386,48.2747197787658));
#1880=CARTESIAN_POINT('Ctrl Pts',(-0.652767456464404,-7.89874722151558,
48.1691755953207));
#1881=CARTESIAN_POINT('Ctrl Pts',(-1.96182975885979,-7.79056382919731,48.0636314118755));
#1882=CARTESIAN_POINT('Ctrl Pts',(-3.24342006543207,-7.34995830319451,47.9580872284303));
#1883=CARTESIAN_POINT('Ctrl Pts',(-4.34226433217753,-6.63031322722523,47.8525430449851));
#1884=CARTESIAN_POINT('Ctrl Pts',(-5.44110859892299,-5.91066815125596,47.7469988615399));
#1885=CARTESIAN_POINT('Ctrl Pts',(-6.3572068258417,-4.91198352532019,47.6414546780947));
#1886=CARTESIAN_POINT('Ctrl Pts',(-6.97956700896115,-3.75525729997829,47.5359104946495));
#1887=CARTESIAN_POINT('Ctrl Pts',(-7.60192719208061,-2.59853107463635,47.4303663112043));
#1888=CARTESIAN_POINT('Ctrl Pts',(-7.93054933140081,-1.28376324988827,47.3248221277591));
#1889=CARTESIAN_POINT('Ctrl Pts',(-7.92561844996716,0.029752431150438,47.2192779443139));
#1890=CARTESIAN_POINT('Ctrl Pts',(-7.92068756853351,1.34326811218915,47.1137337608687));
#1891=CARTESIAN_POINT('Ctrl Pts',(-7.58220366634602,2.65553164951848,47.0081895774236));
#1892=CARTESIAN_POINT('Ctrl Pts',(-6.95117654509658,3.80755271276948,46.9026453939784));
#1893=CARTESIAN_POINT('Ctrl Pts',(-6.32014942384716,4.95957377602046,46.7971012105332));
#1894=CARTESIAN_POINT('Ctrl Pts',(-5.39657908353579,5.95135236519309,46.691557027088));
#1895=CARTESIAN_POINT('Ctrl Pts',(-4.29236282935159,6.66272724661756,46.5860128436428));
#1896=CARTESIAN_POINT('Ctrl Pts',(-3.18814657516739,7.37410212804202,46.4804686601976));
#1897=CARTESIAN_POINT('Ctrl Pts',(-1.90328440711037,7.8050733017183,46.3749244767524));
#1898=CARTESIAN_POINT('Ctrl Pts',(-0.593446779145667,7.90342545621458,46.2693802933072));
#1899=CARTESIAN_POINT('Ctrl Pts',(0.716390848819032,8.00177761071086,46.163836109862));
#1900=CARTESIAN_POINT('Ctrl Pts',(2.0512039366914,7.76751074602714,46.0582919264168));
#1901=CARTESIAN_POINT('Ctrl Pts',(3.24927011104213,7.22900800712708,45.9527477429717));
#1902=CARTESIAN_POINT('Ctrl Pts',(4.44733628539285,6.69050526822702,45.8472035595265));
#1903=CARTESIAN_POINT('Ctrl Pts',(5.50865554622194,5.84776665511063,45.7416593760813));
#1904=CARTESIAN_POINT('Ctrl Pts',(6.30464129860684,4.80289611771067,45.6361151926361));
#1905=CARTESIAN_POINT('Ctrl Pts',(7.10062705099175,3.7580255803107,45.5305710091909));
#1906=CARTESIAN_POINT('Ctrl Pts',(7.63127929493248,2.51102311862718,45.4250268257457));
#1907=CARTESIAN_POINT('Ctrl Pts',(7.83230562789314,1.21297220615007,45.3194826423005));
#1908=CARTESIAN_POINT('Ctrl Pts',(7.89440715152925,0.811975290796466,45.2868776869877));
#1909=CARTESIAN_POINT('Ctrl Pts',(7.92505148316141,0.406106668260184,45.254272731675));
#1910=CARTESIAN_POINT('Ctrl Pts',(7.92469796579626,0.000185167400028607,
45.2216677763622));
#1911=CARTESIAN_POINT('Ctrl Pts',(7.92505592512923,-0.000200576933809602,
43.7783322236378));
#1912=CARTESIAN_POINT('Ctrl Pts',(7.92400482446501,1.02762984461489,43.8609016753276));
#1913=CARTESIAN_POINT('Ctrl Pts',(7.72306317726972,2.05585925170801,43.9434711270173));
#1914=CARTESIAN_POINT('Ctrl Pts',(7.3332382186178,3.00664602823857,44.0260405787071));
#1915=CARTESIAN_POINT('Ctrl Pts',(6.83506058191626,4.22170601561614,44.1315603854654));
#1916=CARTESIAN_POINT('Ctrl Pts',(6.02840596469028,5.31028966871314,44.2370801922238));
#1917=CARTESIAN_POINT('Ctrl Pts',(5.01096227109359,6.14056676763603,44.3425999989822));
#1918=CARTESIAN_POINT('Ctrl Pts',(3.99351857749689,6.97084386655892,44.4481198057405));
#1919=CARTESIAN_POINT('Ctrl Pts',(2.76528580752948,7.54281441130769,44.5536396124989));
#1920=CARTESIAN_POINT('Ctrl Pts',(1.47500604057554,7.78721132950591,44.6591594192573));
#1921=CARTESIAN_POINT('Ctrl Pts',(0.1847262736216,8.03160824770412,44.7646792260156));
#1922=CARTESIAN_POINT('Ctrl Pts',(-1.16760049031886,7.94843153935178,44.870199032774));
#1923=CARTESIAN_POINT('Ctrl Pts',(-2.41820407689956,7.54775411315086,44.9757188395324));
#1924=CARTESIAN_POINT('Ctrl Pts',(-3.66880766348028,7.14707668694994,45.0812386462907));
#1925=CARTESIAN_POINT('Ctrl Pts',(-4.81768807270123,6.42889854290044,45.1867584530491));
#1926=CARTESIAN_POINT('Ctrl Pts',(-5.72571299576085,5.48019286159664,45.2922782598075));
#1927=CARTESIAN_POINT('Ctrl Pts',(-6.63373791882048,4.53148718029284,45.3977980665659));
#1928=CARTESIAN_POINT('Ctrl Pts',(-7.30090735571878,3.35225396173475,45.5033178733242));
#1929=CARTESIAN_POINT('Ctrl Pts',(-7.64642540866478,2.08530131631979,45.6088376800826));
#1930=CARTESIAN_POINT('Ctrl Pts',(-7.99194346161077,0.818348670904855,45.7143574868409));
#1931=CARTESIAN_POINT('Ctrl Pts',(-8.01581013060446,-0.536323401366943,
45.8198772935993));
#1932=CARTESIAN_POINT('Ctrl Pts',(-7.71513510196843,-1.81466070340824,45.9253971003577));
#1933=CARTESIAN_POINT('Ctrl Pts',(-7.4144600733324,-3.09299800544953,46.0309169071161));
#1934=CARTESIAN_POINT('Ctrl Pts',(-6.78924334706663,-4.29500053726032,46.1364367138744));
#1935=CARTESIAN_POINT('Ctrl Pts',(-5.91520024212735,-5.27510276730757,46.2419565206328));
#1936=CARTESIAN_POINT('Ctrl Pts',(-5.04115713718808,-6.25520499735481,46.3474763273912));
#1937=CARTESIAN_POINT('Ctrl Pts',(-3.9182876535753,-7.01340692563851,46.4529961341495));
#1938=CARTESIAN_POINT('Ctrl Pts',(-2.68257411154092,-7.45788839057075,46.5585159409079));
#1939=CARTESIAN_POINT('Ctrl Pts',(-1.44686056950651,-7.90236985550299,46.6640357476663));
#1940=CARTESIAN_POINT('Ctrl Pts',(-0.0983029690504923,-8.03313085708374,
46.7695555544246));
#1941=CARTESIAN_POINT('Ctrl Pts',(1.19978497066418,-7.83433590895156,46.875075361183));
#1942=CARTESIAN_POINT('Ctrl Pts',(2.49787291037884,-7.63554096081938,46.9805951679414));
#1943=CARTESIAN_POINT('Ctrl Pts',(3.74549118935216,-7.10719006297428,47.0861149746997));
#1944=CARTESIAN_POINT('Ctrl Pts',(4.79155009427422,-6.31326783878049,47.1916347814581));
#1945=CARTESIAN_POINT('Ctrl Pts',(5.83760899919627,-5.51934561458672,47.2971545882165));
#1946=CARTESIAN_POINT('Ctrl Pts',(6.68210853006706,-4.45985206404427,47.4026743949749));
#1947=CARTESIAN_POINT('Ctrl Pts',(7.22277766845087,-3.26309452241991,47.5081942017332));
#1948=CARTESIAN_POINT('Ctrl Pts',(7.68416116296496,-2.24183375970782,47.5982402090348));
#1949=CARTESIAN_POINT('Ctrl Pts',(7.92429013240065,-1.12061499441212,47.6882862163363));
#1950=CARTESIAN_POINT('Ctrl Pts',(7.92534089819813,0.00016784974158519,
47.7783322236378));
#1951=CARTESIAN_POINT('Origin',(0.,0.,19.5));
#1952=CARTESIAN_POINT('',(7.92563845054101,5.83817208160698E-5,53.2216677763622));
#1953=CARTESIAN_POINT('',(7.92433347323255,-1.30412712887879E-5,51.7783322236378));
#1954=CARTESIAN_POINT('',(7.925,9.70532588324277E-16,19.5));
#1955=CARTESIAN_POINT('Ctrl Pts',(7.92563845054101,5.83817208160698E-5,
53.2216677763622));
#1956=CARTESIAN_POINT('Ctrl Pts',(7.92513949038799,-1.25694585356004,53.1206664676928));
#1957=CARTESIAN_POINT('Ctrl Pts',(7.62070953305755,-2.51418321604901,53.0196651590235));
#1958=CARTESIAN_POINT('Ctrl Pts',(7.04477073556393,-3.6314622819136,52.9186638503542));
#1959=CARTESIAN_POINT('Ctrl Pts',(6.44292714663695,-4.79899474501422,52.813119666909));
#1960=CARTESIAN_POINT('Ctrl Pts',(5.54460138736585,-5.81369557465525,52.7075754834638));
#1961=CARTESIAN_POINT('Ctrl Pts',(4.45863219721311,-6.5526263399948,52.6020313000186));
#1962=CARTESIAN_POINT('Ctrl Pts',(3.37266300706037,-7.29155710533435,52.4964871165734));
#1963=CARTESIAN_POINT('Ctrl Pts',(2.09905038602598,-7.75471780637243,52.3909429331282));
#1964=CARTESIAN_POINT('Ctrl Pts',(0.792101823131888,-7.88599313488227,52.285398749683));
#1965=CARTESIAN_POINT('Ctrl Pts',(-0.514846739762164,-8.0172684633921,52.1798545662379));
#1966=CARTESIAN_POINT('Ctrl Pts',(-1.85513124451592,-7.81665841937372,52.0743103827927));
#1967=CARTESIAN_POINT('Ctrl Pts',(-3.06636641550639,-7.30846837767487,51.9687661993475));
#1968=CARTESIAN_POINT('Ctrl Pts',(-4.27760158649688,-6.80027833597601,51.8632220159023));
#1969=CARTESIAN_POINT('Ctrl Pts',(-5.35978742372409,-5.98450829659667,51.7576778324571));
#1970=CARTESIAN_POINT('Ctrl Pts',(-6.18180919383839,-4.95999476941199,51.6521336490119));
#1971=CARTESIAN_POINT('Ctrl Pts',(-7.00383096395271,-3.93548124222728,51.5465894655667));
#1972=CARTESIAN_POINT('Ctrl Pts',(-7.5656886669541,-2.7022242272372,51.4410452821215));
#1973=CARTESIAN_POINT('Ctrl Pts',(-7.7993091305876,-1.40964183647907,51.3355010986764));
#1974=CARTESIAN_POINT('Ctrl Pts',(-8.03292959422108,-0.117059445720988,
51.2299569152312));
#1975=CARTESIAN_POINT('Ctrl Pts',(-7.93831281848669,1.23484832080516,51.124412731786));
#1976=CARTESIAN_POINT('Ctrl Pts',(-7.52692231814691,2.48228794425648,51.0188685483408));
#1977=CARTESIAN_POINT('Ctrl Pts',(-7.11553181780712,3.72972756770786,50.9133243648956));
#1978=CARTESIAN_POINT('Ctrl Pts',(-6.38736759286195,4.87269904808438,50.8077801814504));
#1979=CARTESIAN_POINT('Ctrl Pts',(-5.43065206769,5.77272302655457,50.7022359980052));
#1980=CARTESIAN_POINT('Ctrl Pts',(-4.4739365425181,6.67274700502473,50.59669181456));
#1981=CARTESIAN_POINT('Ctrl Pts',(-3.28866971711946,7.32982348158854,50.4911476311148));
#1982=CARTESIAN_POINT('Ctrl Pts',(-2.01845534088199,7.66434283278639,50.3856034476696));
#1983=CARTESIAN_POINT('Ctrl Pts',(-0.748240964644512,7.99886218398424,50.2800592642244));
#1984=CARTESIAN_POINT('Ctrl Pts',(0.606920962431816,8.01082440981614,50.1745150807793));
#1985=CARTESIAN_POINT('Ctrl Pts',(1.88284265614031,7.69878019908593,50.0689708973341));
#1986=CARTESIAN_POINT('Ctrl Pts',(3.15876434984884,7.38673598835571,49.9634267138889));
#1987=CARTESIAN_POINT('Ctrl Pts',(4.35544581018955,6.75068534106336,49.8578825304437));
#1988=CARTESIAN_POINT('Ctrl Pts',(5.3279003212218,5.86769044759041,49.7523383469985));
#1989=CARTESIAN_POINT('Ctrl Pts',(6.30035483225404,4.98469555411747,49.6467941635533));
#1990=CARTESIAN_POINT('Ctrl Pts',(7.04858239397785,3.85475641446393,49.5412499801081));
#1991=CARTESIAN_POINT('Ctrl Pts',(7.48192976194527,2.61477342401529,49.4357057966629));
#1992=CARTESIAN_POINT('Ctrl Pts',(7.77486494073212,1.7765667892238,49.364359789896));
#1993=CARTESIAN_POINT('Ctrl Pts',(7.92391493541679,0.888075379318068,49.2930137831291));
#1994=CARTESIAN_POINT('Ctrl Pts',(7.9246461738659,-0.000176756128675848,
49.2216677763622));
#1995=CARTESIAN_POINT('Ctrl Pts',(7.92534089819813,0.00016784974158519,
47.7783322236378));
#1996=CARTESIAN_POINT('Ctrl Pts',(7.9255214652184,0.192766827584209,47.7938060230947));
#1997=CARTESIAN_POINT('Ctrl Pts',(7.91864202753009,0.385352932629278,47.8092798225515));
#1998=CARTESIAN_POINT('Ctrl Pts',(7.90461213799057,0.577416710921629,47.8247536220083));
#1999=CARTESIAN_POINT('Ctrl Pts',(7.80893872324962,1.88714886993255,47.9302734287667));
#2000=CARTESIAN_POINT('Ctrl Pts',(7.38075314787085,3.17259165524806,48.0357932355251));
#2001=CARTESIAN_POINT('Ctrl Pts',(6.67190976259419,4.27807471065195,48.1413130422834));
#2002=CARTESIAN_POINT('Ctrl Pts',(5.96306637731757,5.38355776605579,48.2468328490418));
#2003=CARTESIAN_POINT('Ctrl Pts',(4.97356518214308,6.30908109154804,48.3523526558002));
#2004=CARTESIAN_POINT('Ctrl Pts',(3.82323726196133,6.94256148326177,48.4578724625585));
#2005=CARTESIAN_POINT('Ctrl Pts',(2.67290934177955,7.57604187497552,48.5633922693169));
#2006=CARTESIAN_POINT('Ctrl Pts',(1.3617546965905,7.91747933291074,48.6689120760753));
#2007=CARTESIAN_POINT('Ctrl Pts',(0.0485574535469282,7.92552492165815,48.7744318828336));
#2008=CARTESIAN_POINT('Ctrl Pts',(-1.26463978949663,7.93357051040556,48.879951689592));
#2009=CARTESIAN_POINT('Ctrl Pts',(-2.57987963039472,7.60822422996519,48.9854714963504));
#2010=CARTESIAN_POINT('Ctrl Pts',(-3.73788321451354,6.98888633365699,49.0909913031087));
#2011=CARTESIAN_POINT('Ctrl Pts',(-4.89588679863234,6.3695484373488,49.1965111098671));
#2012=CARTESIAN_POINT('Ctrl Pts',(-5.89665412597188,5.45621892517279,49.3020309166255));
#2013=CARTESIAN_POINT('Ctrl Pts',(-6.61898975468427,4.35950429951664,49.4075507233838));
#2014=CARTESIAN_POINT('Ctrl Pts',(-7.34132538339669,3.26278967386046,49.5130705301422));
#2015=CARTESIAN_POINT('Ctrl Pts',(-7.78522931348195,1.98268993472411,49.6185903369006));
#2016=CARTESIAN_POINT('Ctrl Pts',(-7.89694366188875,0.67422838198533,49.7241101436589));
#2017=CARTESIAN_POINT('Ctrl Pts',(-8.00865801029554,-0.63423317075347,49.8296299504173));
#2018=CARTESIAN_POINT('Ctrl Pts',(-7.78818277702388,-1.97105653709466,49.9351497571757));
#2019=CARTESIAN_POINT('Ctrl Pts',(-7.26221806766562,-3.17434904315679,50.040669563934));
#2020=CARTESIAN_POINT('Ctrl Pts',(-6.73625335830739,-4.37764154921886,50.1461893706924));
#2021=CARTESIAN_POINT('Ctrl Pts',(-5.90479917286258,-5.44740319500184,50.2517091774507));
#2022=CARTESIAN_POINT('Ctrl Pts',(-4.86854670560625,-6.25408315306489,50.3572289842091));
#2023=CARTESIAN_POINT('Ctrl Pts',(-3.83229423834988,-7.06076311112795,50.4627487909675));
#2024=CARTESIAN_POINT('Ctrl Pts',(-2.59124348928196,-7.60436138147108,50.5682685977259));
#2025=CARTESIAN_POINT('Ctrl Pts',(-1.29568882731318,-7.81904684554935,50.6737884044843));
#2026=CARTESIAN_POINT('Ctrl Pts',(-0.000134165344439219,-8.03373230962761,
50.7793082112426));
#2027=CARTESIAN_POINT('Ctrl Pts',(1.34992440952518,-7.91950496744102,50.884828018001));
#2028=CARTESIAN_POINT('Ctrl Pts',(2.5909914063539,-7.49019803759017,50.9903478247593));
#2029=CARTESIAN_POINT('Ctrl Pts',(3.83205840318267,-7.06089110773931,51.0958676315177));
#2030=CARTESIAN_POINT('Ctrl Pts',(4.96413382197055,-6.31650459022417,51.2013874382761));
#2031=CARTESIAN_POINT('Ctrl Pts',(5.85012048054848,-5.3471855656211,51.3069072450345));
#2032=CARTESIAN_POINT('Ctrl Pts',(6.73610713912641,-4.37786654101802,51.4124270517928));
#2033=CARTESIAN_POINT('Ctrl Pts',(7.3760050374944,-3.18361500932701,51.5179468585512));
#2034=CARTESIAN_POINT('Ctrl Pts',(7.69232092980836,-1.90905783646062,51.6234666653096));
#2035=CARTESIAN_POINT('Ctrl Pts',(7.84706735065009,-1.2855255845197,51.6750885180856));
#2036=CARTESIAN_POINT('Ctrl Pts',(7.92437052254572,-0.642773692286782,51.7267103708617));
#2037=CARTESIAN_POINT('Ctrl Pts',(7.92433347323255,-1.30412712887879E-5,
51.7783322236378));
#2038=CARTESIAN_POINT('Origin',(0.,0.,19.5));
#2039=CARTESIAN_POINT('',(7.92441777908985,0.000103905792909476,57.2216677763622));
#2040=CARTESIAN_POINT('',(7.92541952349532,-0.00015037123930406,55.7783322236378));
#2041=CARTESIAN_POINT('',(7.925,9.70532588324277E-16,19.5));
#2042=CARTESIAN_POINT('Ctrl Pts',(7.92441777908985,0.000103905792909476,
57.2216677763622));
#2043=CARTESIAN_POINT('Ctrl Pts',(7.9240571448156,-0.775095388057502,57.159407519147));
#2044=CARTESIAN_POINT('Ctrl Pts',(7.81107966286624,-1.55039754704098,57.0971472619318));
#2045=CARTESIAN_POINT('Ctrl Pts',(7.58699182322814,-2.29213177978239,57.0348870047166));
#2046=CARTESIAN_POINT('Ctrl Pts',(7.20711597445274,-3.54952674455813,56.9293428212714));
#2047=CARTESIAN_POINT('Ctrl Pts',(6.50793835042184,-4.71045636925489,56.8237986378262));
#2048=CARTESIAN_POINT('Ctrl Pts',(5.57416943669651,-5.63426553444347,56.718254454381));
#2049=CARTESIAN_POINT('Ctrl Pts',(4.64040052297118,-6.55807469963205,56.6127102709358));
#2050=CARTESIAN_POINT('Ctrl Pts',(3.47204031955143,-7.24476340531245,56.5071660874906));
#2051=CARTESIAN_POINT('Ctrl Pts',(2.2106442148539,-7.61113428977259,56.4016219040455));
#2052=CARTESIAN_POINT('Ctrl Pts',(0.94924811015634,-7.97750517423273,56.2960777206003));
#2053=CARTESIAN_POINT('Ctrl Pts',(-0.405183895819003,-8.0235582374726,56.1905335371551));
#2054=CARTESIAN_POINT('Ctrl Pts',(-1.68855245414822,-7.74371381387569,56.0849893537099));
#2055=CARTESIAN_POINT('Ctrl Pts',(-2.97192101247744,-7.46386939027878,55.9794451702647));
#2056=CARTESIAN_POINT('Ctrl Pts',(-4.18422612316053,-6.85812747984509,55.8739009868195));
#2057=CARTESIAN_POINT('Ctrl Pts',(-5.17858815068786,-5.99987814769387,55.7683568033743));
#2058=CARTESIAN_POINT('Ctrl Pts',(-6.17295017821517,-5.14162881554266,55.6628126199291));
#2059=CARTESIAN_POINT('Ctrl Pts',(-6.94936912258672,-4.03087206167393,55.5572684364839));
#2060=CARTESIAN_POINT('Ctrl Pts',(-7.41377614704924,-2.80218419506334,55.4517242530387));
#2061=CARTESIAN_POINT('Ctrl Pts',(-7.87818317151175,-1.57349632845275,55.3461800695936));
#2062=CARTESIAN_POINT('Ctrl Pts',(-8.03057827606522,-0.226877349100316,
55.2406358861484));
#2063=CARTESIAN_POINT('Ctrl Pts',(-7.85249767860311,1.07451999941924,55.1350917027032));
#2064=CARTESIAN_POINT('Ctrl Pts',(-7.674417081141,2.37591734793886,55.029547519258));
#2065=CARTESIAN_POINT('Ctrl Pts',(-7.16586078166326,3.63209306562564,54.9240033358128));
#2066=CARTESIAN_POINT('Ctrl Pts',(-6.38844409734149,4.69085227189706,54.8184591523676));
#2067=CARTESIAN_POINT('Ctrl Pts',(-5.61102741301974,5.74961147816844,54.7129149689224));
#2068=CARTESIAN_POINT('Ctrl Pts',(-4.56475034385397,6.61095417302452,54.6073707854772));
#2069=CARTESIAN_POINT('Ctrl Pts',(-3.37637701317162,7.1705223858897,54.501826602032));
#2070=CARTESIAN_POINT('Ctrl Pts',(-2.18800368248927,7.73009059875489,54.3962824185868));
#2071=CARTESIAN_POINT('Ctrl Pts',(-0.857534090290346,7.98788432962917,54.2907382351417));
#2072=CARTESIAN_POINT('Ctrl Pts',(0.453835636281318,7.91266998154607,54.1851940516965));
#2073=CARTESIAN_POINT('Ctrl Pts',(1.76520536285302,7.83745563346296,54.0796498682513));
#2074=CARTESIAN_POINT('Ctrl Pts',(3.05747522379745,7.42923320642246,53.9741056848061));
#2075=CARTESIAN_POINT('Ctrl Pts',(4.17407726894847,6.73746183473174,53.8685615013609));
#2076=CARTESIAN_POINT('Ctrl Pts',(5.29067931409949,6.04569046304102,53.7630173179157));
#2077=CARTESIAN_POINT('Ctrl Pts',(6.2316135434571,5.07037014670009,53.6574731344705));
#2078=CARTESIAN_POINT('Ctrl Pts',(6.88287888960956,3.92966807918763,53.5519289510253));
#2079=CARTESIAN_POINT('Ctrl Pts',(7.53414423576201,2.7889660116752,53.4463847675801));
#2080=CARTESIAN_POINT('Ctrl Pts',(7.89574069870932,1.48288219299124,53.3408405841349));
#2081=CARTESIAN_POINT('Ctrl Pts',(7.92385822089155,0.169658235369189,53.2352964006897));
#2082=CARTESIAN_POINT('Ctrl Pts',(7.92506846647886,0.113133926805697,53.2307535259139));
#2083=CARTESIAN_POINT('Ctrl Pts',(7.92566089295808,0.0565963900777512,53.226210651138));
#2084=CARTESIAN_POINT('Ctrl Pts',(7.92563845054101,5.83817208160698E-5,
53.2216677763622));
#2085=CARTESIAN_POINT('Ctrl Pts',(7.92433347323255,-1.30412712887879E-5,
51.7783322236378));
#2086=CARTESIAN_POINT('Ctrl Pts',(7.92429479034791,0.671088093752298,51.8322301776201));
#2087=CARTESIAN_POINT('Ctrl Pts',(7.83994538852179,1.34219877696755,51.8861281316024));
#2088=CARTESIAN_POINT('Ctrl Pts',(7.67140253324782,1.99145330926897,51.9400260855847));
#2089=CARTESIAN_POINT('Ctrl Pts',(7.3414343581134,3.26254446809036,52.045545892343));
#2090=CARTESIAN_POINT('Ctrl Pts',(6.68876412158462,4.4498639716914,52.1510656991014));
#2091=CARTESIAN_POINT('Ctrl Pts',(5.79243183179939,5.40962444020624,52.2565855058598));
#2092=CARTESIAN_POINT('Ctrl Pts',(4.89609954201414,6.36938490872108,52.3621053126181));
#2093=CARTESIAN_POINT('Ctrl Pts',(3.75610519897238,7.10158634214973,52.4676251193765));
#2094=CARTESIAN_POINT('Ctrl Pts',(2.51050498649899,7.51755730426335,52.5731449261349));
#2095=CARTESIAN_POINT('Ctrl Pts',(1.26490477402559,7.93352826637696,52.6786647328932));
#2096=CARTESIAN_POINT('Ctrl Pts',(-0.0863013078794841,8.03326875717558,
52.7841845396516));
#2097=CARTESIAN_POINT('Ctrl Pts',(-1.37947880228472,7.80469995221896,52.88970434641));
#2098=CARTESIAN_POINT('Ctrl Pts',(-2.67265629668996,7.57613114726233,52.9952241531684));
#2099=CARTESIAN_POINT('Ctrl Pts',(-3.90780520359534,7.01925304655047,53.1007439599267));
#2100=CARTESIAN_POINT('Ctrl Pts',(-4.93534588202852,6.20150498950566,53.2062637666851));
#2101=CARTESIAN_POINT('Ctrl Pts',(-5.96288656046172,5.38375693246082,53.3117835734434));
#2102=CARTESIAN_POINT('Ctrl Pts',(-6.7828190104227,4.30513891908303,53.4173033802018));
#2103=CARTESIAN_POINT('Ctrl Pts',(-7.29584734879885,3.09627430521655,53.5228231869602));
#2104=CARTESIAN_POINT('Ctrl Pts',(-7.80887568717498,1.88740969135011,53.6283429937185));
#2105=CARTESIAN_POINT('Ctrl Pts',(-8.0149999139663,0.548298476994986,53.7338628004769));
#2106=CARTESIAN_POINT('Ctrl Pts',(-7.88925786658109,-0.758889599815245,
53.8393826072353));
#2107=CARTESIAN_POINT('Ctrl Pts',(-7.76351581919588,-2.06607767662551,53.9449024139936));
#2108=CARTESIAN_POINT('Ctrl Pts',(-7.30590749763413,-3.34134261589087,54.050422220752));
#2109=CARTESIAN_POINT('Ctrl Pts',(-6.57185042124307,-4.43024662416515,54.1559420275104));
#2110=CARTESIAN_POINT('Ctrl Pts',(-5.83779334485202,-5.51915063243942,54.2614618342687));
#2111=CARTESIAN_POINT('Ctrl Pts',(-4.82728751363168,-6.42169370972258,54.3669816410271));
#2112=CARTESIAN_POINT('Ctrl Pts',(-3.66270772675758,-7.02857561803739,54.4725014477855));
#2113=CARTESIAN_POINT('Ctrl Pts',(-2.49812793988352,-7.63545752635218,54.5780212545439));
#2114=CARTESIAN_POINT('Ctrl Pts',(-1.1794741973557,-7.94667826569863,54.6835410613022));
#2115=CARTESIAN_POINT('Ctrl Pts',(0.133561214113365,-7.92454822133123,54.7890608680606));
#2116=CARTESIAN_POINT('Ctrl Pts',(1.44659662558245,-7.90241817696383,54.894580674819));
#2117=CARTESIAN_POINT('Ctrl Pts',(2.75401370599284,-7.54693734888256,55.0001004815773));
#2118=CARTESIAN_POINT('Ctrl Pts',(3.89748095669226,-6.90115535996261,55.1056202883357));
#2119=CARTESIAN_POINT('Ctrl Pts',(5.0409482073917,-6.25537337104264,55.2111400950941));
#2120=CARTESIAN_POINT('Ctrl Pts',(6.02046562838021,-5.31929022128399,55.3166599018524));
#2121=CARTESIAN_POINT('Ctrl Pts',(6.71741119494604,-4.20626793584682,55.4221797086108));
#2122=CARTESIAN_POINT('Ctrl Pts',(7.41435676151189,-3.09324565040961,55.5276995153692));
#2123=CARTESIAN_POINT('Ctrl Pts',(7.82873047365504,-1.8032842292939,55.6332193221276));
#2124=CARTESIAN_POINT('Ctrl Pts',(7.91035063203199,-0.492601246882753,55.7387391288859));
#2125=CARTESIAN_POINT('Ctrl Pts',(7.92055912515306,-0.328669952507631,55.7519368271365));
#2126=CARTESIAN_POINT('Ctrl Pts',(7.92556225412036,-0.164414504502425,55.7651345253872));
#2127=CARTESIAN_POINT('Ctrl Pts',(7.92541952349532,-0.00015037123930406,
55.7783322236378));
#2128=CARTESIAN_POINT('Origin',(0.,0.,19.5));
#2129=CARTESIAN_POINT('',(7.92503390615148,-0.000201675136400487,61.2216677763622));
#2130=CARTESIAN_POINT('',(7.92496723762177,0.000202671436535669,59.7783322236378));
#2131=CARTESIAN_POINT('',(7.925,9.70532588324277E-16,19.5));
#2132=CARTESIAN_POINT('Ctrl Pts',(7.92503390615148,-0.000201675136400487,
61.2216677763622));
#2133=CARTESIAN_POINT('Ctrl Pts',(7.92533307952089,-0.292972760346896,61.1981485706011));
#2134=CARTESIAN_POINT('Ctrl Pts',(7.90942032666241,-0.585711503209539,61.1746293648401));
#2135=CARTESIAN_POINT('Ctrl Pts',(7.87704598335694,-0.876618273651343,61.151110159079));
#2136=CARTESIAN_POINT('Ctrl Pts',(7.73176371220107,-2.18208402180948,61.0455659756338));
#2137=CARTESIAN_POINT('Ctrl Pts',(7.25497261319133,-3.45065691736939,60.9400217921886));
#2138=CARTESIAN_POINT('Ctrl Pts',(6.50443941701264,-4.52864007092983,60.8344776087434));
#2139=CARTESIAN_POINT('Ctrl Pts',(5.75390622083396,-5.60662322449027,60.7289334252982));
#2140=CARTESIAN_POINT('Ctrl Pts',(4.72963092748633,-6.49401663605124,60.623389241853));
#2141=CARTESIAN_POINT('Ctrl Pts',(3.55571198415327,-7.08330610007558,60.5178450584079));
#2142=CARTESIAN_POINT('Ctrl Pts',(2.38179304082025,-7.6725955640999,60.4123008749627));
#2143=CARTESIAN_POINT('Ctrl Pts',(1.0582304475018,-7.96378108058763,60.3067566915175));
#2144=CARTESIAN_POINT('Ctrl Pts',(-0.254616502116301,-7.92158339339233,
60.2012125080723));
#2145=CARTESIAN_POINT('Ctrl Pts',(-1.56746345173441,-7.87938570619703,60.0956683246271));
#2146=CARTESIAN_POINT('Ctrl Pts',(-2.86959475765218,-7.50380481531872,59.9901241411819));
#2147=CARTESIAN_POINT('Ctrl Pts',(-4.00324768348133,-6.8403450940958,59.8845799577367));
#2148=CARTESIAN_POINT('Ctrl Pts',(-5.13690060931055,-6.17688537287284,59.7790357742916));
#2149=CARTESIAN_POINT('Ctrl Pts',(-6.10207515505113,-5.22554682130523,59.6734915908464));
#2150=CARTESIAN_POINT('Ctrl Pts',(-6.78183336157687,-4.10159106657673,59.5679474074012));
#2151=CARTESIAN_POINT('Ctrl Pts',(-7.46159156810257,-2.9776353118483,59.462403223956));
#2152=CARTESIAN_POINT('Ctrl Pts',(-7.85593343541346,-1.68106235395899,59.3568590405108));
#2153=CARTESIAN_POINT('Ctrl Pts',(-7.91708156058812,-0.368961494758823,
59.2513148570656));
#2154=CARTESIAN_POINT('Ctrl Pts',(-7.97822968576278,0.943139364441347,59.1457706736204));
#2155=CARTESIAN_POINT('Ctrl Pts',(-7.7061840688012,2.27076812495238,59.0402264901752));
#2156=CARTESIAN_POINT('Ctrl Pts',(-7.13390502696115,3.45307284717793,58.93468230673));
#2157=CARTESIAN_POINT('Ctrl Pts',(-6.56162598512108,4.63537756940351,58.8291381232848));
#2158=CARTESIAN_POINT('Ctrl Pts',(-5.68911351840251,5.6723582533436,58.7235939398397));
#2159=CARTESIAN_POINT('Ctrl Pts',(-4.62207889697984,6.43837710076948,58.6180497563945));
#2160=CARTESIAN_POINT('Ctrl Pts',(-3.55504427555717,7.20439594819535,58.5125055729493));
#2161=CARTESIAN_POINT('Ctrl Pts',(-2.29348749943039,7.69945295910702,58.4069613895041));
#2162=CARTESIAN_POINT('Ctrl Pts',(-0.990255403789209,7.8635683539272,58.3014172060589));
#2163=CARTESIAN_POINT('Ctrl Pts',(0.312976691851939,8.02768374874737,58.1958730226137));
#2164=CARTESIAN_POINT('Ctrl Pts',(1.6578841070075,7.86085752747607,58.0903288391685));
#2165=CARTESIAN_POINT('Ctrl Pts',(2.88152146662999,7.38330190761353,57.9847846557233));
#2166=CARTESIAN_POINT('Ctrl Pts',(4.10515882625248,6.905746287751,57.8792404722781));
#2167=CARTESIAN_POINT('Ctrl Pts',(5.20752613034191,6.11746126929721,57.7736962888329));
#2168=CARTESIAN_POINT('Ctrl Pts',(6.05506351315528,5.11395335071358,57.6681521053877));
#2169=CARTESIAN_POINT('Ctrl Pts',(6.90260089596871,4.11044543212989,57.5626079219426));
#2170=CARTESIAN_POINT('Ctrl Pts',(7.49530835750605,2.89171461341632,57.4570637384974));
#2171=CARTESIAN_POINT('Ctrl Pts',(7.76137505151476,1.60541905163215,57.3515195550522));
#2172=CARTESIAN_POINT('Ctrl Pts',(7.87048964958931,1.07790611450153,57.3082356288222));
#2173=CARTESIAN_POINT('Ctrl Pts',(7.92466849548615,0.539029868346877,57.2649517025922));
#2174=CARTESIAN_POINT('Ctrl Pts',(7.92441777908985,0.000103905792909476,
57.2216677763622));
#2175=CARTESIAN_POINT('Ctrl Pts',(7.92541952349532,-0.00015037123930406,
55.7783322236378));
#2176=CARTESIAN_POINT('Ctrl Pts',(7.92442107725095,1.14892963097305,55.8706543321456));
#2177=CARTESIAN_POINT('Ctrl Pts',(7.67161263146937,2.29843464182624,55.9629764406533));
#2178=CARTESIAN_POINT('Ctrl Pts',(7.18736333204237,3.34037594341299,56.055298549161));
#2179=CARTESIAN_POINT('Ctrl Pts',(6.63388926906494,4.53126560759133,56.1608183559194));
#2180=CARTESIAN_POINT('Ctrl Pts',(5.77807453849925,5.58164039224148,56.2663381626778));
#2181=CARTESIAN_POINT('Ctrl Pts',(4.72356045793964,6.36429726759432,56.3718579694361));
#2182=CARTESIAN_POINT('Ctrl Pts',(3.66904637738003,7.14695414294715,56.4773777761945));
#2183=CARTESIAN_POINT('Ctrl Pts',(2.4158329468265,7.66189310900267,56.5828975829528));
#2184=CARTESIAN_POINT('Ctrl Pts',(1.11568746652595,7.84675376108849,56.6884173897112));
#2185=CARTESIAN_POINT('Ctrl Pts',(-0.184458013774565,8.0316144131743,56.7939371964696));
#2186=CARTESIAN_POINT('Ctrl Pts',(-1.5315355438221,7.88639675129044,56.899457003228));
#2187=CARTESIAN_POINT('Ctrl Pts',(-2.76241064470489,7.42868699974232,57.0049768099863));
#2188=CARTESIAN_POINT('Ctrl Pts',(-3.9932857455877,6.97097724819419,57.1104966167447));
#2189=CARTESIAN_POINT('Ctrl Pts',(-5.10795841730577,6.20077540698178,57.216016423503));
#2190=CARTESIAN_POINT('Ctrl Pts',(-5.97143899415551,5.21135485734741,57.3215362302614));
#2191=CARTESIAN_POINT('Ctrl Pts',(-6.83491957100525,4.22193430771304,57.4270560370198));
#2192=CARTESIAN_POINT('Ctrl Pts',(-7.44720805298667,3.01329504965669,57.5325758437782));
#2193=CARTESIAN_POINT('Ctrl Pts',(-7.73415476406129,1.73180633896159,57.6380956505366));
#2194=CARTESIAN_POINT('Ctrl Pts',(-8.02110147513591,0.450317628266509,57.7436154572949));
#2195=CARTESIAN_POINT('Ctrl Pts',(-7.98270641530374,-0.90402053506729,57.8491352640533));
#2196=CARTESIAN_POINT('Ctrl Pts',(-7.62361932293457,-2.16719439116523,57.9546550708116));
#2197=CARTESIAN_POINT('Ctrl Pts',(-7.26453223056539,-3.43036824726319,58.06017487757));
#2198=CARTESIAN_POINT('Ctrl Pts',(-6.58475310565919,-4.60237779612525,58.1656946843284));
#2199=CARTESIAN_POINT('Ctrl Pts',(-5.66660491095794,-5.54128973193306,58.2712144910868));
#2200=CARTESIAN_POINT('Ctrl Pts',(-4.7484567162567,-6.48020166774088,58.3767342978451));
#2201=CARTESIAN_POINT('Ctrl Pts',(-3.5919394517604,-7.18601599049446,58.4822541046035));
#2202=CARTESIAN_POINT('Ctrl Pts',(-2.33711026866319,-7.57325680947296,58.5877739113619));
#2203=CARTESIAN_POINT('Ctrl Pts',(-1.08228108556602,-7.96049762845144,58.6932937181202));
#2204=CARTESIAN_POINT('Ctrl Pts',(0.270860016132074,-8.02916494365484,58.7988135248786));
#2205=CARTESIAN_POINT('Ctrl Pts',(1.558444243733,-7.77094297040552,58.904333331637));
#2206=CARTESIAN_POINT('Ctrl Pts',(2.84602847133396,-7.51272099715619,59.0098531383953));
#2207=CARTESIAN_POINT('Ctrl Pts',(4.06805582483776,-6.92760973545411,59.1153729451537));
#2208=CARTESIAN_POINT('Ctrl Pts',(5.07653571641034,-6.08646763156839,59.2208927519121));
#2209=CARTESIAN_POINT('Ctrl Pts',(6.08501560798291,-5.24532552768266,59.3264125586704));
#2210=CARTESIAN_POINT('Ctrl Pts',(6.87994803762427,-4.14815258161328,59.4319323654288));
#2211=CARTESIAN_POINT('Ctrl Pts',(7.36506468759695,-2.92781919824838,59.5374521721872));
#2212=CARTESIAN_POINT('Ctrl Pts',(7.73420525369808,-1.99922902103475,59.6177455226707));
#2213=CARTESIAN_POINT('Ctrl Pts',(7.92395726943816,-0.999326877942861,59.6980388731543));
#2214=CARTESIAN_POINT('Ctrl Pts',(7.92496723762177,0.000202671436535669,
59.7783322236378));
#2215=CARTESIAN_POINT('Origin',(0.,0.,19.5));
#2216=CARTESIAN_POINT('',(7.92535032956584,0.000166247341436554,65.2216677763622));
#2217=CARTESIAN_POINT('',(7.9244451386981,-0.000117354387266262,63.7783322236379));
#2218=CARTESIAN_POINT('',(7.925,9.70532588324277E-16,19.5));
#2219=CARTESIAN_POINT('Ctrl Pts',(7.92535032956584,0.000166247341436554,
65.2216677763622));
#2220=CARTESIAN_POINT('Ctrl Pts',(7.92430306648898,-1.12405212817759,65.1313454386101));
#2221=CARTESIAN_POINT('Ctrl Pts',(7.68265579877412,-2.24870633662613,65.041023100858));
#2222=CARTESIAN_POINT('Ctrl Pts',(7.21852299020662,-3.27249734323459,64.9507007631058));
#2223=CARTESIAN_POINT('Ctrl Pts',(6.67617079351289,-4.46882583184785,64.8451565796607));
#2224=CARTESIAN_POINT('Ctrl Pts',(5.83002398899594,-5.52742987900137,64.7396123962155));
#2225=CARTESIAN_POINT('Ctrl Pts',(4.782599453917,-6.32005185777869,64.6340682127703));
#2226=CARTESIAN_POINT('Ctrl Pts',(3.73517491883804,-7.11267383655603,64.5285240293251));
#2227=CARTESIAN_POINT('Ctrl Pts',(2.48647265319707,-7.63931374695715,64.4229798458799));
#2228=CARTESIAN_POINT('Ctrl Pts',(1.1877820741723,-7.83616531001574,64.3174356624347));
#2229=CARTESIAN_POINT('Ctrl Pts',(-0.110908504852467,-8.03301687307433,
64.2118914789895));
#2230=CARTESIAN_POINT('Ctrl Pts',(-1.45958739726104,-7.90008008879038,64.1063472955443));
#2231=CARTESIAN_POINT('Ctrl Pts',(-2.69485228593799,-7.45346122137856,64.0008031120991));
#2232=CARTESIAN_POINT('Ctrl Pts',(-3.93011717461491,-7.00684235396675,63.8952589286539));
#2233=CARTESIAN_POINT('Ctrl Pts',(-5.0519680595602,-6.24654140342708,63.7897147452087));
#2234=CARTESIAN_POINT('Ctrl Pts',(-5.92448449663416,-5.26467439361263,63.6841705617635));
#2235=CARTESIAN_POINT('Ctrl Pts',(-6.79700093370812,-4.28280738379818,63.5786263783183));
#2236=CARTESIAN_POINT('Ctrl Pts',(-7.42018292291074,-3.07937431470895,63.4730821948732));
#2237=CARTESIAN_POINT('Ctrl Pts',(-7.71852740595773,-1.80017990909203,63.367538011428));
#2238=CARTESIAN_POINT('Ctrl Pts',(-8.01687188900472,-0.52098550347511,63.2619938279828));
#2239=CARTESIAN_POINT('Ctrl Pts',(-7.99037886589609,0.833970238669493,63.1564496445376));
#2240=CARTESIAN_POINT('Ctrl Pts',(-7.64225816025087,2.1005245139484,63.0509054610924));
#2241=CARTESIAN_POINT('Ctrl Pts',(-7.29413745460563,3.36707878922738,62.9453612776472));
#2242=CARTESIAN_POINT('Ctrl Pts',(-6.62438906642375,4.54523159764064,62.839817094202));
#2243=CARTESIAN_POINT('Ctrl Pts',(-5.71415791398732,5.4922411050167,62.7342729107568));
#2244=CARTESIAN_POINT('Ctrl Pts',(-4.80392676155095,6.43925061239271,62.6287287273117));
#2245=CARTESIAN_POINT('Ctrl Pts',(-3.65321284486004,7.15511681873154,62.5231845438665));
#2246=CARTESIAN_POINT('Ctrl Pts',(-2.40143357556287,7.55310729460256,62.4176403604213));
#2247=CARTESIAN_POINT('Ctrl Pts',(-1.14965430626567,7.9510977704736,62.3120961769761));
#2248=CARTESIAN_POINT('Ctrl Pts',(0.203190315637803,8.03121251587682,62.2065519935309));
#2249=CARTESIAN_POINT('Ctrl Pts',(1.49319326442003,7.78374504314663,62.1010078100857));
#2250=CARTESIAN_POINT('Ctrl Pts',(2.78319621320225,7.53627757041645,61.9954636266405));
#2251=CARTESIAN_POINT('Ctrl Pts',(4.01035748886323,6.96122787955286,61.8899194431954));
#2252=CARTESIAN_POINT('Ctrl Pts',(5.0259975227925,6.12826744867608,61.7843752597502));
#2253=CARTESIAN_POINT('Ctrl Pts',(6.04163755672174,5.29530701779931,61.678831076305));
#2254=CARTESIAN_POINT('Ctrl Pts',(6.84575634891929,4.20443584690936,61.5732868928597));
#2255=CARTESIAN_POINT('Ctrl Pts',(7.34092902336706,2.98782096108622,61.4677427094146));
#2256=CARTESIAN_POINT('Ctrl Pts',(7.72575863922607,2.04231353848499,61.3857177317304));
#2257=CARTESIAN_POINT('Ctrl Pts',(7.92399051679561,1.02085923886344,61.3036927540463));
#2258=CARTESIAN_POINT('Ctrl Pts',(7.92503390615148,-0.000201675136400487,
61.2216677763622));
#2259=CARTESIAN_POINT('Ctrl Pts',(7.92496723762177,0.000202671436535669,
59.7783322236378));
#2260=CARTESIAN_POINT('Ctrl Pts',(7.92528454805993,0.31423351360401,59.8035586799126));
#2261=CARTESIAN_POINT('Ctrl Pts',(7.90697146643971,0.628227577708343,59.8287851361874));
#2262=CARTESIAN_POINT('Ctrl Pts',(7.86973792195721,0.93996178104646,59.8540115924622));
#2263=CARTESIAN_POINT('Ctrl Pts',(7.71399363604079,2.24391555631606,59.9595313992206));
#2264=CARTESIAN_POINT('Ctrl Pts',(7.22720419390392,3.50832928619486,60.065051205979));
#2265=CARTESIAN_POINT('Ctrl Pts',(6.46832102203201,4.5800792860013,60.1705710127374));
#2266=CARTESIAN_POINT('Ctrl Pts',(5.70943785016007,5.6518292858078,60.2760908194957));
#2267=CARTESIAN_POINT('Ctrl Pts',(4.67846094855307,6.53091555554189,60.3816106262541));
#2268=CARTESIAN_POINT('Ctrl Pts',(3.50024421452736,7.11087853565135,60.4871304330125));
#2269=CARTESIAN_POINT('Ctrl Pts',(2.32202748050172,7.69084151576079,60.5926502397708));
#2270=CARTESIAN_POINT('Ctrl Pts',(0.996570914057419,7.97168120624562,60.6981700465292));
#2271=CARTESIAN_POINT('Ctrl Pts',(-0.315609358996967,7.91938721383372,60.8036898532876));
#2272=CARTESIAN_POINT('Ctrl Pts',(-1.62778963205139,7.86709322142181,60.909209660046));
#2273=CARTESIAN_POINT('Ctrl Pts',(-2.92669361171587,7.48166554611315,61.0147294668043));
#2274=CARTESIAN_POINT('Ctrl Pts',(-4.05502075726244,6.80978044934565,61.1202492735627));
#2275=CARTESIAN_POINT('Ctrl Pts',(-5.18334790280899,6.13789535257817,61.225769080321));
#2276=CARTESIAN_POINT('Ctrl Pts',(-6.14109821423768,5.17955283435178,61.3312888870794));
#2277=CARTESIAN_POINT('Ctrl Pts',(-6.81228571858293,4.05081058536566,61.4368086938378));
#2278=CARTESIAN_POINT('Ctrl Pts',(-7.48347322292819,2.9220683363795,61.5423285005962));
#2279=CARTESIAN_POINT('Ctrl Pts',(-7.86809792019004,1.62292635663364,61.6478483073546));
#2280=CARTESIAN_POINT('Ctrl Pts',(-7.91958079159283,0.310714009264635,61.7533681141129));
#2281=CARTESIAN_POINT('Ctrl Pts',(-7.97106366299562,-1.0014983381043,61.8588879208713));
#2282=CARTESIAN_POINT('Ctrl Pts',(-7.68940470853932,-2.32678105309636,61.9644077276296));
#2283=CARTESIAN_POINT('Ctrl Pts',(-7.10871353642479,-3.50463906375113,62.069927534388));
#2284=CARTESIAN_POINT('Ctrl Pts',(-6.52802236431023,-4.68249707440597,62.1754473411464));
#2285=CARTESIAN_POINT('Ctrl Pts',(-5.64829897453741,-5.71293038072359,62.2809671479047));
#2286=CARTESIAN_POINT('Ctrl Pts',(-4.57608008349859,-6.47115091614521,62.3864869546631));
#2287=CARTESIAN_POINT('Ctrl Pts',(-3.50386119245977,-7.22937145156682,62.4920067614215));
#2288=CARTESIAN_POINT('Ctrl Pts',(-2.23914680015497,-7.71537921609241,62.5975265681798));
#2289=CARTESIAN_POINT('Ctrl Pts',(-0.935097002242198,-7.87031744636244,
62.7030463749382));
#2290=CARTESIAN_POINT('Ctrl Pts',(0.368952795670576,-8.02525567663248,62.8085661816965));
#2291=CARTESIAN_POINT('Ctrl Pts',(1.7123379991913,-7.84912437264696,62.914085988455));
#2292=CARTESIAN_POINT('Ctrl Pts',(2.93237127944265,-7.36325347856634,63.0196057952133));
#2293=CARTESIAN_POINT('Ctrl Pts',(4.15240455969399,-6.87738258448572,63.1251256019717));
#2294=CARTESIAN_POINT('Ctrl Pts',(5.24908591667593,-6.08177210031001,63.23064540873));
#2295=CARTESIAN_POINT('Ctrl Pts',(6.08960447817597,-5.07277245788716,63.3361652154884));
#2296=CARTESIAN_POINT('Ctrl Pts',(6.93012303967599,-4.06377281546433,63.4416850222467));
#2297=CARTESIAN_POINT('Ctrl Pts',(7.5144788056941,-2.84138401479437,63.5472048290051));
#2298=CARTESIAN_POINT('Ctrl Pts',(7.77190482238983,-1.55364041587275,63.6527246357635));
#2299=CARTESIAN_POINT('Ctrl Pts',(7.87404887163388,-1.04267673290733,63.6945938317216));
#2300=CARTESIAN_POINT('Ctrl Pts',(7.92472036794265,-0.521423443934641,63.7364630276798));
#2301=CARTESIAN_POINT('Ctrl Pts',(7.9244451386981,-0.000117354387266262,
63.7783322236379));
#2302=CARTESIAN_POINT('Origin',(0.,0.,19.5));
#2303=CARTESIAN_POINT('',(7.92433294103085,-1.36577647102953E-5,69.2216677763622));
#2304=CARTESIAN_POINT('',(7.92565263233977,-4.4553744369464E-5,67.7783322236378));
#2305=CARTESIAN_POINT('',(7.925,9.70532588324277E-16,19.5));
#2306=CARTESIAN_POINT('Ctrl Pts',(7.92433294103085,-1.36577647102953E-5,
69.2216677763622));
#2307=CARTESIAN_POINT('Ctrl Pts',(7.92437169424911,-0.642269306730787,69.1700864900642));
#2308=CARTESIAN_POINT('Ctrl Pts',(7.84719201103347,-1.28451580141071,69.1185052037662));
#2309=CARTESIAN_POINT('Ctrl Pts',(7.69268634123668,-1.90758744936367,69.0669239174682));
#2310=CARTESIAN_POINT('Ctrl Pts',(7.3765411667611,-3.18249920575389,68.9613797340231));
#2311=CARTESIAN_POINT('Ctrl Pts',(6.7366460183208,-4.37712933363726,68.8558355505779));
#2312=CARTESIAN_POINT('Ctrl Pts',(5.8505288757445,-5.34673965101152,68.7502913671326));
#2313=CARTESIAN_POINT('Ctrl Pts',(4.96441173316821,-6.31634996838578,68.6447471836875));
#2314=CARTESIAN_POINT('Ctrl Pts',(3.8320725964559,-7.06094047525094,68.5392030002423));
#2315=CARTESIAN_POINT('Ctrl Pts',(2.59070263819935,-7.49029858297025,68.4336588167971));
#2316=CARTESIAN_POINT('Ctrl Pts',(1.34933267994275,-7.91965669068956,68.3281146333519));
#2317=CARTESIAN_POINT('Ctrl Pts',(-0.00106809985812112,-8.03378239926301,
68.2225704499067));
#2318=CARTESIAN_POINT('Ctrl Pts',(-1.2968887648299,-7.81884854395307,68.1170262664615));
#2319=CARTESIAN_POINT('Ctrl Pts',(-2.59270942980171,-7.60391468864313,68.0114820830163));
#2320=CARTESIAN_POINT('Ctrl Pts',(-3.83394997994434,-7.05992126944984,67.9059378995711));
#2321=CARTESIAN_POINT('Ctrl Pts',(-4.8702250395154,-6.25277706991832,67.800393716126));
#2322=CARTESIAN_POINT('Ctrl Pts',(-5.9065000990864,-5.44563287038684,67.6948495326808));
#2323=CARTESIAN_POINT('Ctrl Pts',(-6.73780966808576,-4.37533789051719,67.5893053492356));
#2324=CARTESIAN_POINT('Ctrl Pts',(-7.26343450891041,-3.17156619927576,67.4837611657904));
#2325=CARTESIAN_POINT('Ctrl Pts',(-7.78905934973507,-1.96779450803432,67.3782169823452));
#2326=CARTESIAN_POINT('Ctrl Pts',(-8.00899946238502,-0.630546105421104,
67.2726727989));
#2327=CARTESIAN_POINT('Ctrl Pts',(-7.89660749274514,0.678161578932683,67.1671286154548));
#2328=CARTESIAN_POINT('Ctrl Pts',(-7.78421552310525,1.98686926328647,67.0615844320096));
#2329=CARTESIAN_POINT('Ctrl Pts',(-7.33949147117552,3.26703622938085,66.9560402485644));
#2330=CARTESIAN_POINT('Ctrl Pts',(-6.61631691022838,4.36356088132676,66.8504960651193));
#2331=CARTESIAN_POINT('Ctrl Pts',(-5.89314234928119,5.46008553327273,66.7449518816741));
#2332=CARTESIAN_POINT('Ctrl Pts',(-4.89151727931653,6.37296787107022,66.6394076982289));
#2333=CARTESIAN_POINT('Ctrl Pts',(-3.73279590720635,6.99160551924682,66.5338635147837));
#2334=CARTESIAN_POINT('Ctrl Pts',(-2.57407453509623,7.61024316742339,66.4283193313385));
#2335=CARTESIAN_POINT('Ctrl Pts',(-1.25825686084058,7.93463612597912,66.3227751478933));
#2336=CARTESIAN_POINT('Ctrl Pts',(0.0552361754946899,7.92548181415716,66.2172309644481));
#2337=CARTESIAN_POINT('Ctrl Pts',(1.36872921183,7.9163275023352,66.1116867810029));
#2338=CARTESIAN_POINT('Ctrl Pts',(2.67989761024496,7.57362592013553,66.0061425975577));
#2339=CARTESIAN_POINT('Ctrl Pts',(3.829883724464,6.93889787204747,65.9005984141126));
#2340=CARTESIAN_POINT('Ctrl Pts',(4.97986983868297,6.30416982395944,65.7950542306674));
#2341=CARTESIAN_POINT('Ctrl Pts',(5.96867366870607,5.37741530998305,65.6895100472222));
#2342=CARTESIAN_POINT('Ctrl Pts',(6.67649439470297,4.27091742124791,65.583965863777));
#2343=CARTESIAN_POINT('Ctrl Pts',(7.38431512069994,3.16441953251268,65.4784216803318));
#2344=CARTESIAN_POINT('Ctrl Pts',(7.81115274267067,1.87817826901867,65.3728774968866));
#2345=CARTESIAN_POINT('Ctrl Pts',(7.90529275922077,0.568031172235132,65.2673333134414));
#2346=CARTESIAN_POINT('Ctrl Pts',(7.91886986748663,0.379078486341196,65.2521114677483));
#2347=CARTESIAN_POINT('Ctrl Pts',(7.92552682274961,0.189628556038734,65.2368896220553));
#2348=CARTESIAN_POINT('Ctrl Pts',(7.92535032956584,0.000166247341436554,
65.2216677763622));
#2349=CARTESIAN_POINT('Ctrl Pts',(7.9244451386981,-0.000117354387266262,
63.7783322236379));
#2350=CARTESIAN_POINT('Ctrl Pts',(7.92402672823848,0.792385349671789,63.8419828344381));
#2351=CARTESIAN_POINT('Ctrl Pts',(7.80586610713859,1.58501008034432,63.9056334452384));
#2352=CARTESIAN_POINT('Ctrl Pts',(7.5718107014423,2.34179115457447,63.9692840560386));
#2353=CARTESIAN_POINT('Ctrl Pts',(7.18379429642574,3.59638072892679,64.074803862797));
#2354=CARTESIAN_POINT('Ctrl Pts',(6.47726521901927,4.75246148045813,64.1803236695553));
#2355=CARTESIAN_POINT('Ctrl Pts',(5.53778591853096,5.67002912079291,64.2858434763137));
#2356=CARTESIAN_POINT('Ctrl Pts',(4.59830661804266,6.58759676112769,64.3913632830721));
#2357=CARTESIAN_POINT('Ctrl Pts',(3.4258770944725,7.26665129026593,64.4968830898304));
#2358=CARTESIAN_POINT('Ctrl Pts',(2.16248151363289,7.62495749583664,64.6024028965888));
#2359=CARTESIAN_POINT('Ctrl Pts',(0.899085932793316,7.98326370140734,64.7079227033472));
#2360=CARTESIAN_POINT('Ctrl Pts',(-0.455275705315728,8.02082158341052,64.8134425101056));
#2361=CARTESIAN_POINT('Ctrl Pts',(-1.73658679796521,7.73308278781835,64.9189623168639));
#2362=CARTESIAN_POINT('Ctrl Pts',(-3.01789789061476,7.44534399222615,65.0244821236223));
#2363=CARTESIAN_POINT('Ctrl Pts',(-4.22615843780476,6.83230851903855,65.1300019303807));
#2364=CARTESIAN_POINT('Ctrl Pts',(-5.21504504659093,5.96821650680895,65.235521737139));
#2365=CARTESIAN_POINT('Ctrl Pts',(-6.20393165537709,5.10412449457937,65.3410415438974));
#2366=CARTESIAN_POINT('Ctrl Pts',(-6.97344432575945,3.98897594330779,65.4465613506558));
#2367=CARTESIAN_POINT('Ctrl Pts',(-7.43039313681758,2.75781814890933,65.5520811574141));
#2368=CARTESIAN_POINT('Ctrl Pts',(-7.88734194787569,1.5266603545109,65.6576009641725));
#2369=CARTESIAN_POINT('Ctrl Pts',(-8.0317268996096,0.17949331698567,65.7631207709309));
#2370=CARTESIAN_POINT('Ctrl Pts',(-7.84606261100862,-1.12053764517397,65.8686405776892));
#2371=CARTESIAN_POINT('Ctrl Pts',(-7.66039832240764,-2.42056860733365,65.9741603844476));
#2372=CARTESIAN_POINT('Ctrl Pts',(-7.14468479347174,-3.67346349412766,66.079680191206));
#2373=CARTESIAN_POINT('Ctrl Pts',(-6.36137623038737,-4.72749358176,66.1851999979643));
#2374=CARTESIAN_POINT('Ctrl Pts',(-5.578067667303,-5.78152366939234,66.2907198047227));
#2375=CARTESIAN_POINT('Ctrl Pts',(-4.52716407007014,-6.63668895786302,66.3962396114811));
#2376=CARTESIAN_POINT('Ctrl Pts',(-3.33593250899251,-7.18942677864977,66.5017594182395));
#2377=CARTESIAN_POINT('Ctrl Pts',(-2.14470094791491,-7.7421645994365,66.6072792249978));
#2378=CARTESIAN_POINT('Ctrl Pts',(-0.813141422992529,-7.99247495253933,
66.7127990317562));
#2379=CARTESIAN_POINT('Ctrl Pts',(0.497490856335755,-7.91004462427247,66.8183188385145));
#2380=CARTESIAN_POINT('Ctrl Pts',(1.80812313566408,-7.8276142960056,66.9238386452729));
#2381=CARTESIAN_POINT('Ctrl Pts',(3.09782816939832,-7.41244328636903,67.0293584520313));
#2382=CARTESIAN_POINT('Ctrl Pts',(4.21041943231248,-6.71480984943914,67.1348782587897));
#2383=CARTESIAN_POINT('Ctrl Pts',(5.32301069522664,-6.01717641250926,67.240398065548));
#2384=CARTESIAN_POINT('Ctrl Pts',(6.25848818732074,-5.03708054828605,67.3459178723064));
#2385=CARTESIAN_POINT('Ctrl Pts',(6.90356323010194,-3.89321433241272,67.4514376790648));
#2386=CARTESIAN_POINT('Ctrl Pts',(7.54863827288313,-2.74934811653942,67.5569574858231));
#2387=CARTESIAN_POINT('Ctrl Pts',(7.90331086635144,-1.441711549016,67.6624772925815));
#2388=CARTESIAN_POINT('Ctrl Pts',(7.92462926687732,-0.128662708936372,67.7679970993399));
#2389=CARTESIAN_POINT('Ctrl Pts',(7.92532527623657,-0.0857939073705701,
67.7714421407725));
#2390=CARTESIAN_POINT('Ctrl Pts',(7.92566595971071,-0.0429193368041761,
67.7748871822052));
#2391=CARTESIAN_POINT('Ctrl Pts',(7.92565263233977,-4.4553744369464E-5,
67.7783322236378));
#2392=CARTESIAN_POINT('Origin',(0.,0.,19.5));
#2393=CARTESIAN_POINT('',(7.9254317800569,-0.00014747984354295,73.2216677763622));
#2394=CARTESIAN_POINT('',(7.92462201373773,0.000171842990159136,71.7783322236379));
#2395=CARTESIAN_POINT('',(7.925,9.70532588324277E-16,19.5));
#2396=CARTESIAN_POINT('Ctrl Pts',(7.9254317800569,-0.00014747984354295,
73.2216677763622));
#2397=CARTESIAN_POINT('Ctrl Pts',(7.92556868625374,-0.159961753464339,73.2088275415184));
#2398=CARTESIAN_POINT('Ctrl Pts',(7.92083313566118,-0.319767920962995,73.1959873066745));
#2399=CARTESIAN_POINT('Ctrl Pts',(7.91116982277953,-0.479275554103964,73.1831470718306));
#2400=CARTESIAN_POINT('Ctrl Pts',(7.83173930769377,-1.79039665880765,73.0776028883854));
#2401=CARTESIAN_POINT('Ctrl Pts',(7.41936384846987,-3.08134724813086,72.9720587049403));
#2402=CARTESIAN_POINT('Ctrl Pts',(6.7240057496549,-4.19571921131848,72.8665145214951));
#2403=CARTESIAN_POINT('Ctrl Pts',(6.0286476508399,-5.31009117450613,72.7609703380499));
#2404=CARTESIAN_POINT('Ctrl Pts',(5.05030691243383,-6.24788451155817,72.6554261546047));
#2405=CARTESIAN_POINT('Ctrl Pts',(3.90751667415123,-6.89547869714998,72.5498819711595));
#2406=CARTESIAN_POINT('Ctrl Pts',(2.76472643586864,-7.54307288274179,72.4443377877143));
#2407=CARTESIAN_POINT('Ctrl Pts',(1.45748669770954,-7.90046791687335,72.3387936042691));
#2408=CARTESIAN_POINT('Ctrl Pts',(0.144179120010504,-7.92436277583076,72.2332494208239));
#2409=CARTESIAN_POINT('Ctrl Pts',(-1.16912845768846,-7.94825763478816,72.1277052373787));
#2410=CARTESIAN_POINT('Ctrl Pts',(-2.48850387492734,-7.63865231857144,72.0221610539335));
#2411=CARTESIAN_POINT('Ctrl Pts',(-3.65409514504318,-7.03305777685573,71.9166168704883));
#2412=CARTESIAN_POINT('Ctrl Pts',(-4.81968641515912,-6.42746323513998,71.8110726870432));
#2413=CARTESIAN_POINT('Ctrl Pts',(-5.83149353815198,-5.5258794679252,71.705528503598));
#2414=CARTESIAN_POINT('Ctrl Pts',(-6.56692867691571,-4.43753994617752,71.5999843201528));
#2415=CARTESIAN_POINT('Ctrl Pts',(-7.30236381567943,-3.34920042442987,71.4944401367076));
#2416=CARTESIAN_POINT('Ctrl Pts',(-7.76142697021403,-2.07410514814935,71.3888959532624));
#2417=CARTESIAN_POINT('Ctrl Pts',(-7.88849928003651,-0.766741240890668,
71.2833517698172));
#2418=CARTESIAN_POINT('Ctrl Pts',(-8.01557158985898,0.540622666367942,71.177807586372));
#2419=CARTESIAN_POINT('Ctrl Pts',(-7.81065305496933,1.8802552046048,71.0722634029268));
#2420=CARTESIAN_POINT('Ctrl Pts',(-7.29857105541287,3.08985008871119,70.9667192194816));
#2421=CARTESIAN_POINT('Ctrl Pts',(-6.78648905585636,4.29944497281769,70.8611750360365));
#2422=CARTESIAN_POINT('Ctrl Pts',(-5.96724359163306,5.37900220279372,70.7556308525913));
#2423=CARTESIAN_POINT('Ctrl Pts',(-4.94009224577012,6.1977255202938,70.6500866691461));
#2424=CARTESIAN_POINT('Ctrl Pts',(-3.91294089990723,7.01644883779384,70.5445424857009));
#2425=CARTESIAN_POINT('Ctrl Pts',(-2.67788367240469,7.5743382428179,70.4389983022557));
#2426=CARTESIAN_POINT('Ctrl Pts',(-1.38455678421936,7.8038013514499,70.3334541188105));
#2427=CARTESIAN_POINT('Ctrl Pts',(-0.0912298960340308,8.0332644600819,70.2279099353653));
#2428=CARTESIAN_POINT('Ctrl Pts',(1.26036665283417,7.9343012723219,70.1223657519201));
#2429=CARTESIAN_POINT('Ctrl Pts',(2.50647704983906,7.51890190255526,70.0168215684749));
#2430=CARTESIAN_POINT('Ctrl Pts',(3.75258744684395,7.10350253278863,69.9112773850297));
#2431=CARTESIAN_POINT('Ctrl Pts',(4.89321169198552,6.37166698101537,69.8057332015845));
#2432=CARTESIAN_POINT('Ctrl Pts',(5.79015481115745,5.41206247972521,69.7001890181394));
#2433=CARTESIAN_POINT('Ctrl Pts',(6.6870979303294,4.45245797843502,69.5946448346942));
#2434=CARTESIAN_POINT('Ctrl Pts',(7.34035992353169,3.26508452762793,69.489100651249));
#2435=CARTESIAN_POINT('Ctrl Pts',(7.67079331987741,1.99380110977582,69.3835564678038));
#2436=CARTESIAN_POINT('Ctrl Pts',(7.83973814278433,1.34381610744629,69.3295935706566));
#2437=CARTESIAN_POINT('Ctrl Pts',(7.92429239849922,0.671896215268271,69.2756306735094));
#2438=CARTESIAN_POINT('Ctrl Pts',(7.92433294103085,-1.36577647102953E-5,
69.2216677763622));
#2439=CARTESIAN_POINT('Ctrl Pts',(7.92565263233977,-4.4553744369464E-5,
67.7783322236378));
#2440=CARTESIAN_POINT('Ctrl Pts',(7.92525774934983,1.2703127132902,67.8804069889635));
#2441=CARTESIAN_POINT('Ctrl Pts',(7.61407471856098,2.54085652950859,67.9824817542893));
#2442=CARTESIAN_POINT('Ctrl Pts',(7.02631020935106,3.66705167022344,68.0845565196149));
#2443=CARTESIAN_POINT('Ctrl Pts',(6.41870854371548,4.8312560966677,68.1900763263733));
#2444=CARTESIAN_POINT('Ctrl Pts',(5.5155410048609,5.84120383692035,68.2955961331317));
#2445=CARTESIAN_POINT('Ctrl Pts',(4.42618345463236,6.57458767802652,68.4011159398901));
#2446=CARTESIAN_POINT('Ctrl Pts',(3.33682590440386,7.30797151913267,68.5066357466484));
#2447=CARTESIAN_POINT('Ctrl Pts',(2.06127834280143,7.76479146109235,68.6121555534068));
#2448=CARTESIAN_POINT('Ctrl Pts',(0.754012789547513,7.88972545931214,68.7176753601651));
#2449=CARTESIAN_POINT('Ctrl Pts',(-0.553252763706477,8.01465945753194,68.8231951669235));
#2450=CARTESIAN_POINT('Ctrl Pts',(-1.89223630861195,7.80770751201181,68.9287149736819));
#2451=CARTESIAN_POINT('Ctrl Pts',(-3.10078356822696,7.29393202416454,69.0342347804403));
#2452=CARTESIAN_POINT('Ctrl Pts',(-4.3093308278419,6.78015653631731,69.1397545871987));
#2453=CARTESIAN_POINT('Ctrl Pts',(-5.38744180216639,5.95955750614297,69.245274393957));
#2454=CARTESIAN_POINT('Ctrl Pts',(-6.20455453906151,4.93151154129549,69.3507942007154));
#2455=CARTESIAN_POINT('Ctrl Pts',(-7.02166727595664,3.903465576448,69.4563140074737));
#2456=CARTESIAN_POINT('Ctrl Pts',(-7.57778177542241,2.66797267692736,69.5618338142321));
#2457=CARTESIAN_POINT('Ctrl Pts',(-7.80555117206909,1.37465414207732,69.6673536209905));
#2458=CARTESIAN_POINT('Ctrl Pts',(-8.03332056871578,0.0813356072272434,
69.7728734277489));
#2459=CARTESIAN_POINT('Ctrl Pts',(-7.93274486254337,-1.26980856295224,69.8783932345073));
#2460=CARTESIAN_POINT('Ctrl Pts',(-7.51600402467574,-2.51515140919536,69.9839130412656));
#2461=CARTESIAN_POINT('Ctrl Pts',(-7.09926318680812,-3.76049425543849,70.089432848024));
#2462=CARTESIAN_POINT('Ctrl Pts',(-6.36635721724529,-4.90003577774527,70.1949526547823));
#2463=CARTESIAN_POINT('Ctrl Pts',(-5.4060428733149,-5.79577463002147,70.3004724615407));
#2464=CARTESIAN_POINT('Ctrl Pts',(-4.44572852938451,-6.69151348229767,70.405992268299));
#2465=CARTESIAN_POINT('Ctrl Pts',(-3.25800581108656,-7.3434496645433,70.5115120750575));
#2466=CARTESIAN_POINT('Ctrl Pts',(-1.98671092860145,-7.67263206444145,70.6170318818158));
#2467=CARTESIAN_POINT('Ctrl Pts',(-0.715416046116404,-8.00181446433957,
70.7225516885742));
#2468=CARTESIAN_POINT('Ctrl Pts',(0.639451000555794,-8.00824308189025,70.8280714953325));
#2469=CARTESIAN_POINT('Ctrl Pts',(1.91381240243724,-7.69113939532998,70.9335913020909));
#2470=CARTESIAN_POINT('Ctrl Pts',(3.18817380431875,-7.3740357087697,71.0391111088492));
#2471=CARTESIAN_POINT('Ctrl Pts',(4.38202956140951,-6.73339971809844,71.1446309156076));
#2472=CARTESIAN_POINT('Ctrl Pts',(5.35080073709703,-5.84681405399567,71.250150722366));
#2473=CARTESIAN_POINT('Ctrl Pts',(6.31957191278456,-4.96022838989289,71.3556705291244));
#2474=CARTESIAN_POINT('Ctrl Pts',(7.06325850706885,-3.82769305235861,71.4611903358827));
#2475=CARTESIAN_POINT('Ctrl Pts',(7.49179820183825,-2.58636092087949,71.5667101426411));
#2476=CARTESIAN_POINT('Ctrl Pts',(7.778279842214,-1.75652212270553,71.6372508363067));
#2477=CARTESIAN_POINT('Ctrl Pts',(7.92392196902847,-0.878061911597459,71.7077915299723));
#2478=CARTESIAN_POINT('Ctrl Pts',(7.92462201373773,0.000171842990159136,
71.7783322236379));
#2479=CARTESIAN_POINT('Origin',(0.,0.,19.5));
#2480=CARTESIAN_POINT('',(7.92494138685664,0.000202825374903681,77.2216677763622));
#2481=CARTESIAN_POINT('',(7.92471444087421,-0.000187187618500936,75.7783322236379));
#2482=CARTESIAN_POINT('',(7.925,9.70532588324277E-16,19.5));
#2483=CARTESIAN_POINT('Ctrl Pts',(7.92494138685664,0.000202825374903681,
77.2216677763622));
#2484=CARTESIAN_POINT('Ctrl Pts',(7.92394542288288,-0.991244698862266,77.1420244095273));
#2485=CARTESIAN_POINT('Ctrl Pts',(7.7373278492814,-1.98305661451534,77.0623810426924));
#2486=CARTESIAN_POINT('Ctrl Pts',(7.37399854580062,-2.90524671381786,76.9827376758574));
#2487=CARTESIAN_POINT('Ctrl Pts',(6.89251093193477,-4.12734222384151,76.8771934924122));
#2488=CARTESIAN_POINT('Ctrl Pts',(6.10068545541338,-5.22716919122127,76.7716493089671));
#2489=CARTESIAN_POINT('Ctrl Pts',(5.09445756710095,-6.07147553059608,76.6661051255219));
#2490=CARTESIAN_POINT('Ctrl Pts',(4.08822967878848,-6.91578186997091,76.5605609420767));
#2491=CARTESIAN_POINT('Ctrl Pts',(2.86759937868494,-7.50456758134079,76.4550167586315));
#2492=CARTESIAN_POINT('Ctrl Pts',(1.58045495991993,-7.76649696718434,76.3494725751863));
#2493=CARTESIAN_POINT('Ctrl Pts',(0.293310541154887,-8.02842635302791,76.2439283917412));
#2494=CARTESIAN_POINT('Ctrl Pts',(-1.06034799627164,-7.96349941334513,76.1383842082959));
#2495=CARTESIAN_POINT('Ctrl Pts',(-2.31651501481046,-7.57958252199795,76.0328400248507));
#2496=CARTESIAN_POINT('Ctrl Pts',(-3.57268203334918,-7.1956656306508,75.9272958414056));
#2497=CARTESIAN_POINT('Ctrl Pts',(-4.7313575330002,-6.4927587876393,75.8217516579604));
#2498=CARTESIAN_POINT('Ctrl Pts',(-5.65215949807877,-5.55602430069353,75.7162074745152));
#2499=CARTESIAN_POINT('Ctrl Pts',(-6.57296146315736,-4.61928981374774,75.61066329107));
#2500=CARTESIAN_POINT('Ctrl Pts',(-7.25588989366347,-3.44872768286765,75.5051191076248));
#2501=CARTESIAN_POINT('Ctrl Pts',(-7.61820301273915,-2.18616007609491,75.3995749241796));
#2502=CARTESIAN_POINT('Ctrl Pts',(-7.98051613181484,-0.923592469322129,
75.2940307407344));
#2503=CARTESIAN_POINT('Ctrl Pts',(-8.02221393946008,0.430980613343314,75.1884865572893));
#2504=CARTESIAN_POINT('Ctrl Pts',(-7.73824444114436,1.71344273050414,75.0829423738441));
#2505=CARTESIAN_POINT('Ctrl Pts',(-7.45427494282865,2.99590484766496,74.9773981903989));
#2506=CARTESIAN_POINT('Ctrl Pts',(-6.84463813855197,4.20625599932116,74.8718540069537));
#2507=CARTESIAN_POINT('Ctrl Pts',(-5.98319598832451,5.19785328639782,74.7663098235085));
#2508=CARTESIAN_POINT('Ctrl Pts',(-5.12175383809708,6.18945057347445,74.6607656400633));
#2509=CARTESIAN_POINT('Ctrl Pts',(-4.00850634191887,6.96229399597155,74.5552214566181));
#2510=CARTESIAN_POINT('Ctrl Pts',(-2.77833158042301,7.42274791777568,74.4496772731729));
#2511=CARTESIAN_POINT('Ctrl Pts',(-1.54815681892716,7.88320183957982,74.3441330897277));
#2512=CARTESIAN_POINT('Ctrl Pts',(-0.201054792113643,8.03126626069099,74.2385889062825));
#2513=CARTESIAN_POINT('Ctrl Pts',(1.09976323170806,7.84900209299259,74.1330447228374));
#2514=CARTESIAN_POINT('Ctrl Pts',(2.40058125552981,7.6667379252942,74.0275005393922));
#2515=CARTESIAN_POINT('Ctrl Pts',(3.65511527635974,7.15414516878621,73.9219563559469));
#2516=CARTESIAN_POINT('Ctrl Pts',(4.71136931720318,6.37332818694719,73.8164121725018));
#2517=CARTESIAN_POINT('Ctrl Pts',(5.76762335804663,5.59251120510817,73.7108679890566));
#2518=CARTESIAN_POINT('Ctrl Pts',(6.62559741890357,4.54346999793811,73.6053238056114));
#2519=CARTESIAN_POINT('Ctrl Pts',(7.18134166385824,3.35330358431098,73.4997796221662));
#2520=CARTESIAN_POINT('Ctrl Pts',(7.66947548836705,2.30792976612032,73.4070756735649));
#2521=CARTESIAN_POINT('Ctrl Pts',(7.92444334447229,1.15367987515874,73.3143717249636));
#2522=CARTESIAN_POINT('Ctrl Pts',(7.9254317800569,-0.00014747984354295,
73.2216677763622));
#2523=CARTESIAN_POINT('Ctrl Pts',(7.92462201373773,0.000171842990159136,
71.7783322236379));
#2524=CARTESIAN_POINT('Ctrl Pts',(7.92496914589341,0.435662851474685,71.8133113367307));
#2525=CARTESIAN_POINT('Ctrl Pts',(7.88967669365902,0.871098176915653,71.8482904498235));
#2526=CARTESIAN_POINT('Ctrl Pts',(7.8182444347348,1.30052184482146,71.8832695629162));
#2527=CARTESIAN_POINT('Ctrl Pts',(7.60275817760747,2.59594355361934,71.9887893696746));
#2528=CARTESIAN_POINT('Ctrl Pts',(7.05839286809832,3.83665804579112,72.0943091764329));
#2529=CARTESIAN_POINT('Ctrl Pts',(6.2510725151256,4.87241167398247,72.1998289831913));
#2530=CARTESIAN_POINT('Ctrl Pts',(5.44375216215291,5.9081653021738,72.3053487899496));
#2531=CARTESIAN_POINT('Ctrl Pts',(4.37347676571666,6.73895806638471,72.4108685967081));
#2532=CARTESIAN_POINT('Ctrl Pts',(3.16985936975467,7.2641788721161,72.5163884034665));
#2533=CARTESIAN_POINT('Ctrl Pts',(1.96624197379269,7.7893996778475,72.6219082102249));
#2534=CARTESIAN_POINT('Ctrl Pts',(0.629282578304973,8.00904852509939,72.7274280169832));
#2535=CARTESIAN_POINT('Ctrl Pts',(-0.679109669354966,7.89652538570655,72.8329478237415));
#2536=CARTESIAN_POINT('Ctrl Pts',(-1.98750191701494,7.78400224631371,72.9384676304999));
#2537=CARTESIAN_POINT('Ctrl Pts',(-3.26732701684714,7.33930712027612,73.0439874372582));
#2538=CARTESIAN_POINT('Ctrl Pts',(-4.36359492848472,6.61629370646602,73.1495072440166));
#2539=CARTESIAN_POINT('Ctrl Pts',(-5.45986284012229,5.89328029265593,73.255027050775));
#2540=CARTESIAN_POINT('Ctrl Pts',(-6.37257356356525,4.89194859107332,73.3605468575334));
#2541=CARTESIAN_POINT('Ctrl Pts',(-6.99119553329872,3.73356239070722,73.4660666642917));
#2542=CARTESIAN_POINT('Ctrl Pts',(-7.6098175030322,2.57517619034111,73.5715864710501));
#2543=CARTESIAN_POINT('Ctrl Pts',(-7.93435071905619,1.25973549119151,73.6771062778085));
#2544=CARTESIAN_POINT('Ctrl Pts',(-7.92549339219768,-0.0534565276680603,
73.7826260845668));
#2545=CARTESIAN_POINT('Ctrl Pts',(-7.91663606533918,-1.36664854652763,73.8881458913252));
#2546=CARTESIAN_POINT('Ctrl Pts',(-7.57438819559816,-2.67759188509715,73.9936656980835));
#2547=CARTESIAN_POINT('Ctrl Pts',(-6.94019686129308,-3.8275280059873,74.0991855048419));
#2548=CARTESIAN_POINT('Ctrl Pts',(-6.30600552698801,-4.97746412687741,74.2047053116003));
#2549=CARTESIAN_POINT('Ctrl Pts',(-5.37987072811888,-5.96639303008816,74.3102251183587));
#2550=CARTESIAN_POINT('Ctrl Pts',(-4.27394971951736,-6.67455293672595,74.4157449251171));
#2551=CARTESIAN_POINT('Ctrl Pts',(-3.16802871091581,-7.38271284336376,74.5212647318754));
#2552=CARTESIAN_POINT('Ctrl Pts',(-1.88232149258196,-7.81010375342857,74.6267845386337));
#2553=CARTESIAN_POINT('Ctrl Pts',(-0.572530444235812,-7.90496755214989,
74.7323043453921));
#2554=CARTESIAN_POINT('Ctrl Pts',(0.737260604110296,-7.9998313508712,74.8378241521505));
#2555=CARTESIAN_POINT('Ctrl Pts',(2.07113548246872,-7.76216803824898,74.9433439589089));
#2556=CARTESIAN_POINT('Ctrl Pts',(3.26755858627251,-7.22075923953958,75.0488637656673));
#2557=CARTESIAN_POINT('Ctrl Pts',(4.4639816900763,-6.67935044083018,75.1543835724256));
#2558=CARTESIAN_POINT('Ctrl Pts',(5.52295301932558,-5.83419615603361,75.259903379184));
#2559=CARTESIAN_POINT('Ctrl Pts',(6.31622848106639,-4.78764669593374,75.3654231859423));
#2560=CARTESIAN_POINT('Ctrl Pts',(7.10950394280725,-3.7410972358338,75.4709429927007));
#2561=CARTESIAN_POINT('Ctrl Pts',(7.63708353703962,-2.49315260043053,75.5764627994591));
#2562=CARTESIAN_POINT('Ctrl Pts',(7.8350760472078,-1.19494202561882,75.6819826062175));
#2563=CARTESIAN_POINT('Ctrl Pts',(7.89533804348714,-0.799812125186498,75.7140991453576));
#2564=CARTESIAN_POINT('Ctrl Pts',(7.92506772792979,-0.400025685068646,75.7462156844978));
#2565=CARTESIAN_POINT('Ctrl Pts',(7.92471444087421,-0.000187187618500936,
75.7783322236379));
#2566=CARTESIAN_POINT('Origin',(0.,0.,19.5));
#2567=CARTESIAN_POINT('',(7.9244652063178,-0.000126510005872826,81.2216677763622));
#2568=CARTESIAN_POINT('',(7.92560691528067,7.97360601909709E-5,79.7783322236379));
#2569=CARTESIAN_POINT('',(7.925,9.70532588324277E-16,19.5));
#2570=CARTESIAN_POINT('Ctrl Pts',(7.9244652063178,-0.000126510005872826,
81.2216677763622));
#2571=CARTESIAN_POINT('Ctrl Pts',(7.92475590583759,-0.509390429446962,81.1807654609814));
#2572=CARTESIAN_POINT('Ctrl Pts',(7.87641346434117,-1.01859986379805,81.1398631456006));
#2573=CARTESIAN_POINT('Ctrl Pts',(7.77890361808032,-1.51821326638784,81.0989608302198));
#2574=CARTESIAN_POINT('Ctrl Pts',(7.52728957115762,-2.80741384400076,80.9934166467746));
#2575=CARTESIAN_POINT('Ctrl Pts',(6.94829705953298,-4.03271977107643,80.8878724633295));
#2576=CARTESIAN_POINT('Ctrl Pts',(6.1120752629144,-5.04567626806249,80.7823282798843));
#2577=CARTESIAN_POINT('Ctrl Pts',(5.27585346629581,-6.05863276504856,80.6767840964391));
#2578=CARTESIAN_POINT('Ctrl Pts',(4.18240238468327,-6.85923983194501,80.5712399129939));
#2579=CARTESIAN_POINT('Ctrl Pts',(2.96420161821998,-7.35049806395193,80.4656957295487));
#2580=CARTESIAN_POINT('Ctrl Pts',(1.74600085175673,-7.84175629595883,80.3601515461035));
#2581=CARTESIAN_POINT('Ctrl Pts',(0.40305040044274,-8.02366569307621,80.2546073626584));
#2582=CARTESIAN_POINT('Ctrl Pts',(-0.901941461164504,-7.87418660067512,
80.1490631792132));
#2583=CARTESIAN_POINT('Ctrl Pts',(-2.20693332277182,-7.72470750827401,80.043518995768));
#2584=CARTESIAN_POINT('Ctrl Pts',(-3.47396659467239,-7.24383992635438,79.9379748123228));
#2585=CARTESIAN_POINT('Ctrl Pts',(-4.54953092413787,-6.48984448133639,79.8324306288776));
#2586=CARTESIAN_POINT('Ctrl Pts',(-5.62509525360328,-5.73584903631844,79.7268864454324));
#2587=CARTESIAN_POINT('Ctrl Pts',(-6.50919064063362,-4.70872572820216,79.6213422619872));
#2588=CARTESIAN_POINT('Ctrl Pts',(-7.09470245949777,-3.53291806200135,79.515798078542));
#2589=CARTESIAN_POINT('Ctrl Pts',(-7.68021427836192,-2.35711039580054,79.4102538950968));
#2590=CARTESIAN_POINT('Ctrl Pts',(-7.96714252905988,-1.0326183715152,79.3047097116516));
#2591=CARTESIAN_POINT('Ctrl Pts',(-7.92072375434928,0.280086109805929,79.1991655282064));
#2592=CARTESIAN_POINT('Ctrl Pts',(-7.87430497963867,1.59279059112713,79.0936213447613));
#2593=CARTESIAN_POINT('Ctrl Pts',(-7.49453917951947,2.89370752948411,78.988077161316));
#2594=CARTESIAN_POINT('Ctrl Pts',(-6.82743775970876,4.02522131800502,78.8825329778709));
#2595=CARTESIAN_POINT('Ctrl Pts',(-6.16033633989809,5.15673510652586,78.7769887944257));
#2596=CARTESIAN_POINT('Ctrl Pts',(-5.20589930039594,6.11884574521064,78.6714446109805));
#2597=CARTESIAN_POINT('Ctrl Pts',(-4.07976367287329,6.79498648969389,78.5659004275354));
#2598=CARTESIAN_POINT('Ctrl Pts',(-2.95362804535064,7.47112723417715,78.4603562440901));
#2599=CARTESIAN_POINT('Ctrl Pts',(-1.65579382980749,7.86129808445887,78.3548120606449));
#2600=CARTESIAN_POINT('Ctrl Pts',(-0.343503138688192,7.91822698685321,78.2492678771997));
#2601=CARTESIAN_POINT('Ctrl Pts',(0.96878755243111,7.97515588924755,78.1437236937545));
#2602=CARTESIAN_POINT('Ctrl Pts',(2.29553471912656,7.6988428437545,78.0381795103094));
#2603=CARTESIAN_POINT('Ctrl Pts',(3.47599323334387,7.12276519782638,77.9326353268642));
#2604=CARTESIAN_POINT('Ctrl Pts',(4.65645174756121,6.54668755189826,77.827091143419));
#2605=CARTESIAN_POINT('Ctrl Pts',(5.69062160930039,5.67084530553505,77.7215469599738));
#2606=CARTESIAN_POINT('Ctrl Pts',(6.45320557201123,4.60135315608162,77.6160027765286));
#2607=CARTESIAN_POINT('Ctrl Pts',(7.21578953472208,3.53186100662819,77.5104585930834));
#2608=CARTESIAN_POINT('Ctrl Pts',(7.7067875984046,2.26871895408454,77.4049144096383));
#2609=CARTESIAN_POINT('Ctrl Pts',(7.86671175464069,0.964965901478918,77.2993702261931));
#2610=CARTESIAN_POINT('Ctrl Pts',(7.90595755774432,0.645021517825115,77.2734694095828));
#2611=CARTESIAN_POINT('Ctrl Pts',(7.92526528426655,0.322631440895366,77.2475685929725));
#2612=CARTESIAN_POINT('Ctrl Pts',(7.92494138685664,0.000202825374903681,
77.2216677763622));
#2613=CARTESIAN_POINT('Ctrl Pts',(7.92471444087421,-0.000187187618500936,
75.7783322236379));
#2614=CARTESIAN_POINT('Ctrl Pts',(7.92390699321697,0.913655119746815,75.8517354912561));
#2615=CARTESIAN_POINT('Ctrl Pts',(7.76595690759222,1.82776935591819,75.9251387588743));
#2616=CARTESIAN_POINT('Ctrl Pts',(7.45622875958638,2.68718361762578,75.9985420264926));
#2617=CARTESIAN_POINT('Ctrl Pts',(7.01098353569279,3.92262217183857,76.1040618332509));
#2618=CARTESIAN_POINT('Ctrl Pts',(6.2520876618016,5.04502276604409,76.2095816400093));
#2619=CARTESIAN_POINT('Ctrl Pts',(5.27144533806019,5.91845986367763,76.3151014467677));
#2620=CARTESIAN_POINT('Ctrl Pts',(4.29080301431878,6.79189696131116,76.4206212535261));
#2621=CARTESIAN_POINT('Ctrl Pts',(3.08841424072715,7.41637056237272,76.5261410602844));
#2622=CARTESIAN_POINT('Ctrl Pts',(1.80989132367,7.71625534223846,76.6316608670428));
#2623=CARTESIAN_POINT('Ctrl Pts',(0.531368406612809,8.0161401221042,76.7371806738011));
#2624=CARTESIAN_POINT('Ctrl Pts',(-0.823288653909904,7.9914360807741,76.8427004805595));
#2625=CARTESIAN_POINT('Ctrl Pts',(-2.09002747877137,7.64513493982284,76.9482202873179));
#2626=CARTESIAN_POINT('Ctrl Pts',(-3.35676630363283,7.29883379887158,77.0537400940762));
#2627=CARTESIAN_POINT('Ctrl Pts',(-4.53558689283304,6.63093555829916,77.1592599008346));
#2628=CARTESIAN_POINT('Ctrl Pts',(-5.48373110642822,5.72232437585558,77.2647797075929));
#2629=CARTESIAN_POINT('Ctrl Pts',(-6.43187532002341,4.813713193412,77.3702995143513));
#2630=CARTESIAN_POINT('Ctrl Pts',(-7.14934315801356,3.66438906909728,77.4758193211097));
#2631=CARTESIAN_POINT('Ctrl Pts',(-7.54924745965573,2.41353804672745,77.5813391278681));
#2632=CARTESIAN_POINT('Ctrl Pts',(-7.94915176129789,1.16268702435763,77.6868589346265));
#2633=CARTESIAN_POINT('Ctrl Pts',(-8.03149252659206,-0.1896908960673,77.7923787413848));
#2634=CARTESIAN_POINT('Ctrl Pts',(-7.78629808164432,-1.47981934502202,77.8978985481432));
#2635=CARTESIAN_POINT('Ctrl Pts',(-7.54110363669658,-2.76994779397674,78.0034183549015));
#2636=CARTESIAN_POINT('Ctrl Pts',(-6.96837398150693,-3.99782677146126,78.10893816166));
#2637=CARTESIAN_POINT('Ctrl Pts',(-6.13746811863654,-5.0147570432514,78.2144579684183));
#2638=CARTESIAN_POINT('Ctrl Pts',(-5.30656225576621,-6.03168731504148,78.3199777751767));
#2639=CARTESIAN_POINT('Ctrl Pts',(-4.21748018521517,-6.83766888113721,78.425497581935));
#2640=CARTESIAN_POINT('Ctrl Pts',(-3.00211248648498,-7.33509534557053,78.5310173886934));
#2641=CARTESIAN_POINT('Ctrl Pts',(-1.78674478775472,-7.83252181000387,78.6365371954517));
#2642=CARTESIAN_POINT('Ctrl Pts',(-0.445091460845287,-8.02139317277477,
78.7420570022101));
#2643=CARTESIAN_POINT('Ctrl Pts',(0.86036989998199,-7.87883663654251,78.8475768089685));
#2644=CARTESIAN_POINT('Ctrl Pts',(2.16583126080927,-7.73628010031025,78.9530966157269));
#2645=CARTESIAN_POINT('Ctrl Pts',(3.43510065555439,-7.26229566507484,79.0586164224852));
#2646=CARTESIAN_POINT('Ctrl Pts',(4.5144663663008,-6.51428403876115,79.1641362292436));
#2647=CARTESIAN_POINT('Ctrl Pts',(5.59383207704718,-5.76627241244749,79.2696560360019));
#2648=CARTESIAN_POINT('Ctrl Pts',(6.48329410379485,-4.74423359505556,79.3751758427603));
#2649=CARTESIAN_POINT('Ctrl Pts',(7.07513635670588,-3.57193905940991,79.4806956495187));
#2650=CARTESIAN_POINT('Ctrl Pts',(7.63160029141463,-2.46972030646626,79.5799078408917));
#2651=CARTESIAN_POINT('Ctrl Pts',(7.92496238173878,-1.2346724874553,79.6791200322648));
#2652=CARTESIAN_POINT('Ctrl Pts',(7.92560691528067,7.97360601909709E-5,
79.7783322236379));
#2653=CARTESIAN_POINT('Origin',(0.,0.,19.5));
#2654=CARTESIAN_POINT('',(7.92566580903671,-2.81477261551873E-5,85.2216677763622));
#2655=CARTESIAN_POINT('',(7.92439420397924,8.90243274441279E-5,83.7783322236379));
#2656=CARTESIAN_POINT('',(7.925,9.70532588324277E-16,19.5));
#2657=CARTESIAN_POINT('Ctrl Pts',(7.92566580903671,-2.81477261551873E-5,
85.2216677763622));
#2658=CARTESIAN_POINT('Ctrl Pts',(7.92567125663846,-0.0269257259137308,
85.2195065124356));
#2659=CARTESIAN_POINT('Ctrl Pts',(7.92553717766925,-0.053823249580845,85.217345248509));
#2660=CARTESIAN_POINT('Ctrl Pts',(7.92526323905734,-0.0807193487679213,
85.2151839845823));
#2661=CARTESIAN_POINT('Ctrl Pts',(7.91188559149088,-1.39417616057095,85.1096398011371));
#2662=CARTESIAN_POINT('Ctrl Pts',(7.5649698723727,-2.7042358642764,85.0040956176919));
#2663=CARTESIAN_POINT('Ctrl Pts',(6.9265474597178,-3.85217514008592,84.8985514342467));
#2664=CARTESIAN_POINT('Ctrl Pts',(6.28812504706289,-5.00011441589548,84.7930072508015));
#2665=CARTESIAN_POINT('Ctrl Pts',(5.35819594087123,-5.98593326380911,84.6874630673563));
#2666=CARTESIAN_POINT('Ctrl Pts',(4.24942785735024,-6.69019251642244,84.5819188839111));
#2667=CARTESIAN_POINT('Ctrl Pts',(3.14065977382922,-7.39445176903579,84.476374700466));
#2668=CARTESIAN_POINT('Ctrl Pts',(1.85305271297895,-7.81715142634879,84.3708305170207));
#2669=CARTESIAN_POINT('Ctrl Pts',(0.54260969261276,-7.90707833166599,84.2652863335756));
#2670=CARTESIAN_POINT('Ctrl Pts',(-0.76783332775332,-7.99700523698319,84.1597421501304));
#2671=CARTESIAN_POINT('Ctrl Pts',(-2.10111230763533,-7.75415939030456,84.0541979666852));
#2672=CARTESIAN_POINT('Ctrl Pts',(-3.295690742013,-7.20796334304142,83.94865378324));
#2673=CARTESIAN_POINT('Ctrl Pts',(-4.49026917639071,-6.66176729577825,83.8431095997948));
#2674=CARTESIAN_POINT('Ctrl Pts',(-5.54614706526419,-5.81222104793053,83.7375654163496));
#2675=CARTESIAN_POINT('Ctrl Pts',(-6.33539707574196,-4.7622533441953,83.6320212329044));
#2676=CARTESIAN_POINT('Ctrl Pts',(-7.12464708621977,-3.71228564046001,83.5264770494592));
#2677=CARTESIAN_POINT('Ctrl Pts',(-7.64726921830185,-2.46189648083718,83.420932866014));
#2678=CARTESIAN_POINT('Ctrl Pts',(-7.83994397626633,-1.1625796620552,83.3153886825688));
#2679=CARTESIAN_POINT('Ctrl Pts',(-8.0326187342308,0.136737156726739,83.2098444991236));
#2680=CARTESIAN_POINT('Ctrl Pts',(-7.89534611807772,1.48498163466773,83.1043003156785));
#2681=CARTESIAN_POINT('Ctrl Pts',(-7.44475770978123,2.71880408714423,82.9987561322333));
#2682=CARTESIAN_POINT('Ctrl Pts',(-6.99416930148474,3.95262653962068,82.8932119487881));
#2683=CARTESIAN_POINT('Ctrl Pts',(-6.23026510104484,5.07202696663256,82.7876677653428));
#2684=CARTESIAN_POINT('Ctrl Pts',(-5.24559769240774,5.9413818149506,82.6821235818977));
#2685=CARTESIAN_POINT('Ctrl Pts',(-4.26093028377063,6.81073666326864,82.5765793984525));
#2686=CARTESIAN_POINT('Ctrl Pts',(-3.05549966693629,7.43004593289285,82.4710352150074));
#2687=CARTESIAN_POINT('Ctrl Pts',(-1.77535258217873,7.72427577385547,82.3654910315622));
#2688=CARTESIAN_POINT('Ctrl Pts',(-0.495205497421159,8.01850561481809,82.259946848117));
#2689=CARTESIAN_POINT('Ctrl Pts',(0.859658055259771,7.98765602711912,82.1544026646718));
#2690=CARTESIAN_POINT('Ctrl Pts',(2.12508644189859,7.63546466405797,82.0488584812266));
#2691=CARTESIAN_POINT('Ctrl Pts',(3.39051482853749,7.28327330099681,81.9433142977814));
#2692=CARTESIAN_POINT('Ctrl Pts',(4.56650804913429,6.60974016257351,81.8377701143362));
#2693=CARTESIAN_POINT('Ctrl Pts',(5.51058591938499,5.69646871725765,81.732225930891));
#2694=CARTESIAN_POINT('Ctrl Pts',(6.45466378963562,4.78319727194185,81.6266817474458));
#2695=CARTESIAN_POINT('Ctrl Pts',(7.16682630954008,3.63018751973357,81.5211375640007));
#2696=CARTESIAN_POINT('Ctrl Pts',(7.56078977838193,2.37713502955437,81.4155933805555));
#2697=CARTESIAN_POINT('Ctrl Pts',(7.80207768022348,1.60968720719283,81.3509515124911));
#2698=CARTESIAN_POINT('Ctrl Pts',(7.92400578587106,0.804712306183434,81.2863096444266));
#2699=CARTESIAN_POINT('Ctrl Pts',(7.9244652063178,-0.000126510005872826,
81.2216677763622));
#2700=CARTESIAN_POINT('Ctrl Pts',(7.92560691528067,7.97360601909709E-5,
79.7783322236379));
#2701=CARTESIAN_POINT('Ctrl Pts',(7.92564789280197,0.0785816017514091,79.7846398390232));
#2702=CARTESIAN_POINT('Ctrl Pts',(7.92450569502373,0.157082272634592,79.7909474544085));
#2703=CARTESIAN_POINT('Ctrl Pts',(7.92217271127985,0.235547538242858,79.7972550697938));
#2704=CARTESIAN_POINT('Ctrl Pts',(7.88314433386842,1.54818934635053,79.9027748765522));
#2705=CARTESIAN_POINT('Ctrl Pts',(7.51086509997117,2.85092270866646,80.0082946833106));
#2706=CARTESIAN_POINT('Ctrl Pts',(6.85041896168206,3.98598333658664,80.1138144900689));
#2707=CARTESIAN_POINT('Ctrl Pts',(6.18997282339298,5.12104396450678,80.2193342968273));
#2708=CARTESIAN_POINT('Ctrl Pts',(5.24135978071204,6.08843185803119,80.3248541035857));
#2709=CARTESIAN_POINT('Ctrl Pts',(4.11945926036476,6.77099390874888,80.4303739103441));
#2710=CARTESIAN_POINT('Ctrl Pts',(2.99755874001741,7.45355595946662,80.5358937171024));
#2711=CARTESIAN_POINT('Ctrl Pts',(1.70237074200369,7.85129216737761,80.6414135238608));
#2712=CARTESIAN_POINT('Ctrl Pts',(0.390745792322138,7.91603567677042,80.7469333306191));
#2713=CARTESIAN_POINT('Ctrl Pts',(-0.920879157359342,7.98077918616322,80.8524531373775));
#2714=CARTESIAN_POINT('Ctrl Pts',(-2.24894105870866,7.71252999703789,80.9579729441359));
#2715=CARTESIAN_POINT('Ctrl Pts',(-3.43260827330369,7.14377376126698,81.0634927508943));
#2716=CARTESIAN_POINT('Ctrl Pts',(-4.61627548789872,6.57501752549606,81.1690125576526));
#2717=CARTESIAN_POINT('Ctrl Pts',(-5.65554801573945,5.70575424307957,81.2745323644109));
#2718=CARTESIAN_POINT('Ctrl Pts',(-6.42456733829606,4.64125388508525,81.3800521711693));
#2719=CARTESIAN_POINT('Ctrl Pts',(-7.19358666085271,3.57675352709088,81.4855719779277));
#2720=CARTESIAN_POINT('Ctrl Pts',(-7.6923527781252,2.31701609351866,81.5910917846861));
#2721=CARTESIAN_POINT('Ctrl Pts',(-7.86046385812899,1.01459895779923,81.6966115914445));
#2722=CARTESIAN_POINT('Ctrl Pts',(-8.02857493813277,-0.287818177920122,
81.8021313982028));
#2723=CARTESIAN_POINT('Ctrl Pts',(-7.86603098086788,-1.63291501578669,81.9076512049611));
#2724=CARTESIAN_POINT('Ctrl Pts',(-7.39251646861332,-2.85779694369638,82.0131710117195));
#2725=CARTESIAN_POINT('Ctrl Pts',(-6.91900195635875,-4.08267887160608,82.1186908184779));
#2726=CARTESIAN_POINT('Ctrl Pts',(-6.13451688911452,-5.1873458895589,82.2242106252363));
#2727=CARTESIAN_POINT('Ctrl Pts',(-5.1340643827402,-6.03802004170224,82.3297304319947));
#2728=CARTESIAN_POINT('Ctrl Pts',(-4.13361187636585,-6.8886941938456,82.4352502387531));
#2729=CARTESIAN_POINT('Ctrl Pts',(-2.91719193086141,-7.48537548017948,82.5407700455114));
#2730=CARTESIAN_POINT('Ctrl Pts',(-1.63211606284072,-7.755804295335,82.6462898522697));
#2731=CARTESIAN_POINT('Ctrl Pts',(-0.347040194820033,-8.02623311049052,
82.7518096590281));
#2732=CARTESIAN_POINT('Ctrl Pts',(1.0066915957169,-7.97040945446769,82.8573294657865));
#2733=CARTESIAN_POINT('Ctrl Pts',(2.26513898216708,-7.59509371249535,82.9628492725449));
#2734=CARTESIAN_POINT('Ctrl Pts',(3.52358636861723,-7.21977797052303,83.0683690793033));
#2735=CARTESIAN_POINT('Ctrl Pts',(4.68674935098064,-6.52497014260122,83.1738888860616));
#2736=CARTESIAN_POINT('Ctrl Pts',(5.61376596490504,-5.59481320522797,83.27940869282));
#2737=CARTESIAN_POINT('Ctrl Pts',(6.54078257882946,-4.66465626785469,83.3849284995783));
#2738=CARTESIAN_POINT('Ctrl Pts',(7.23165282431481,-3.49915022103005,83.4904483063366));
#2739=CARTESIAN_POINT('Ctrl Pts',(7.60271057600542,-2.23944078010891,83.595968113095));
#2740=CARTESIAN_POINT('Ctrl Pts',(7.81647018166892,-1.51374513808278,83.6567561499426));
#2741=CARTESIAN_POINT('Ctrl Pts',(7.92409354992065,-0.756786196483176,83.7175441867902));
#2742=CARTESIAN_POINT('Ctrl Pts',(7.92439420397924,8.90243274441279E-5,
83.7783322236379));
#2743=CARTESIAN_POINT('Origin',(0.,0.,19.5));
#2744=CARTESIAN_POINT('',(7.92457455717004,0.000161487406099559,89.2216677763623));
#2745=CARTESIAN_POINT('',(7.92507888218488,-0.000199437892521284,87.7783322236379));
#2746=CARTESIAN_POINT('',(7.925,9.70532588324277E-16,19.5));
#2747=CARTESIAN_POINT('Ctrl Pts',(7.92457455717004,0.000161487406099559,
89.2216677763623));
#2748=CARTESIAN_POINT('Ctrl Pts',(7.92393710463698,-0.858462031625677,89.1527033804446));
#2749=CARTESIAN_POINT('Ctrl Pts',(7.78484954635738,-1.71728710183566,89.0837389845269));
#2750=CARTESIAN_POINT('Ctrl Pts',(7.51080375118718,-2.53064024167237,89.0147745886091));
#2751=CARTESIAN_POINT('Ctrl Pts',(7.09139980668896,-3.7754085290518,88.9092304051639));
#2752=CARTESIAN_POINT('Ctrl Pts',(6.35590049432611,-4.91367374637047,88.8036862217186));
#2753=CARTESIAN_POINT('Ctrl Pts',(5.39341693799417,-5.80752673300577,88.6981420382735));
#2754=CARTESIAN_POINT('Ctrl Pts',(4.43093338166224,-6.70137971964107,88.5925978548283));
#2755=CARTESIAN_POINT('Ctrl Pts',(3.24146558136128,-7.35082047559287,88.4870536713833));
#2756=CARTESIAN_POINT('Ctrl Pts',(1.9691262653303,-7.67716450083007,88.3815094879381));
#2757=CARTESIAN_POINT('Ctrl Pts',(0.696786949299242,-8.00350852606729,88.2759653044929));
#2758=CARTESIAN_POINT('Ctrl Pts',(-0.658423882461833,-8.00675582058985,
88.1704211210476));
#2759=CARTESIAN_POINT('Ctrl Pts',(-1.93231252058583,-7.68651295090344,88.0648769376023));
#2760=CARTESIAN_POINT('Ctrl Pts',(-3.20620115870976,-7.36627008121705,87.9593327541571));
#2761=CARTESIAN_POINT('Ctrl Pts',(-4.3987676031966,-6.72253704732174,87.8537885707121));
#2762=CARTESIAN_POINT('Ctrl Pts',(-5.36552370238913,-5.83330681695378,87.7482443872669));
#2763=CARTESIAN_POINT('Ctrl Pts',(-6.33227980158166,-4.94407658658582,87.6427002038217));
#2764=CARTESIAN_POINT('Ctrl Pts',(-7.07322555547987,-3.80934915974524,87.5371560203764));
#2765=CARTESIAN_POINT('Ctrl Pts',(-7.49858996394037,-2.5666050678497,87.4316118369312));
#2766=CARTESIAN_POINT('Ctrl Pts',(-7.92395437240088,-1.32386097595417,87.326067653486));
#2767=CARTESIAN_POINT('Ctrl Pts',(-8.03373743542367,0.0268997809964028,
87.2205234700409));
#2768=CARTESIAN_POINT('Ctrl Pts',(-7.8146381315581,1.32202265276257,87.1149792865957));
#2769=CARTESIAN_POINT('Ctrl Pts',(-7.59553882769251,2.6171455245288,87.0094351031505));
#2770=CARTESIAN_POINT('Ctrl Pts',(-7.04755715693858,3.85663051111061,86.9038909197053));
#2771=CARTESIAN_POINT('Ctrl Pts',(-6.23708510870305,4.89030493613781,86.7983467362601));
#2772=CARTESIAN_POINT('Ctrl Pts',(-5.42661306046759,5.92397936116491,86.6928025528149));
#2773=CARTESIAN_POINT('Ctrl Pts',(-4.35365063475051,6.75184322463738,86.5872583693697));
#2774=CARTESIAN_POINT('Ctrl Pts',(-3.14819508110248,7.27359476139146,86.4817141859245));
#2775=CARTESIAN_POINT('Ctrl Pts',(-1.94273952745442,7.79534629814555,86.3761700024793));
#2776=CARTESIAN_POINT('Ctrl Pts',(-0.604790845875335,8.0109855081813,86.2706258190342));
#2777=CARTESIAN_POINT('Ctrl Pts',(0.703548690082404,7.89438612320822,86.165081635589));
#2778=CARTESIAN_POINT('Ctrl Pts',(2.01188822604018,7.77778673823514,86.0595374521438));
#2779=CARTESIAN_POINT('Ctrl Pts',(3.29061861637659,7.32894875825321,85.9539932686987));
#2780=CARTESIAN_POINT('Ctrl Pts',(4.38481231686818,6.60225218902309,85.8484490852534));
#2781=CARTESIAN_POINT('Ctrl Pts',(5.4790060173598,5.87555561979295,85.7429049018082));
#2782=CARTESIAN_POINT('Ctrl Pts',(6.38866302800658,4.87100046131462,85.637360718363));
#2783=CARTESIAN_POINT('Ctrl Pts',(7.0035717453226,3.71029592212509,85.5318165349178));
#2784=CARTESIAN_POINT('Ctrl Pts',(7.60588876894654,2.57335952219413,85.4284336153993));
#2785=CARTESIAN_POINT('Ctrl Pts',(7.92540522588148,1.28660331209825,85.3250506958808));
#2786=CARTESIAN_POINT('Ctrl Pts',(7.92566580903671,-2.81477261551873E-5,
85.2216677763622));
#2787=CARTESIAN_POINT('Ctrl Pts',(7.92439420397924,8.90243274441279E-5,
83.7783322236379));
#2788=CARTESIAN_POINT('Ctrl Pts',(7.92461544468496,0.557046774309435,83.8230639935486));
#2789=CARTESIAN_POINT('Ctrl Pts',(7.86672177452895,1.1139591897486,83.8677957634594));
#2790=CARTESIAN_POINT('Ctrl Pts',(7.75024041999903,1.65833547339877,83.9125275333702));
#2791=CARTESIAN_POINT('Ctrl Pts',(7.47546725440625,2.94248945096745,84.0180473401286));
#2792=CARTESIAN_POINT('Ctrl Pts',(6.87467566532493,4.15688457108735,84.1235671468869));
#2793=CARTESIAN_POINT('Ctrl Pts',(6.02062302613053,5.1544545285943,84.2290869536452));
#2794=CARTESIAN_POINT('Ctrl Pts',(5.16657038693608,6.15202448610131,84.3346067604036));
#2795=CARTESIAN_POINT('Ctrl Pts',(4.05925669762852,6.93276928099537,84.440126567162));
#2796=CARTESIAN_POINT('Ctrl Pts',(2.83278043262207,7.40213875381115,84.5456463739204));
#2797=CARTESIAN_POINT('Ctrl Pts',(1.60630416761562,7.87150822662694,84.6511661806788));
#2798=CARTESIAN_POINT('Ctrl Pts',(0.260665326910278,8.02950237736447,84.7566859874371));
#2799=CARTESIAN_POINT('Ctrl Pts',(-1.04117583948209,7.85698771676513,84.8622057941955));
#2800=CARTESIAN_POINT('Ctrl Pts',(-2.34301700587441,7.6844730561658,84.9677256009539));
#2801=CARTESIAN_POINT('Ctrl Pts',(-3.60106049795378,7.18144958422962,85.0732454077122));
#2802=CARTESIAN_POINT('Ctrl Pts',(-4.66295408286728,6.40883470930486,85.1787652144706));
#2803=CARTESIAN_POINT('Ctrl Pts',(-5.72484766778078,5.63621983438011,85.284285021229));
#2804=CARTESIAN_POINT('Ctrl Pts',(-6.59059134552844,4.59401355646678,85.3898048279873));
#2805=CARTESIAN_POINT('Ctrl Pts',(-7.1553413780252,3.40842967861151,85.4953246347456));
#2806=CARTESIAN_POINT('Ctrl Pts',(-7.72009141052201,2.22284580075618,85.600844441504));
#2807=CARTESIAN_POINT('Ctrl Pts',(-7.98384779776789,0.893884322958983,85.7063642482624));
#2808=CARTESIAN_POINT('Ctrl Pts',(-7.91466897750442,-0.417514175386421,
85.8118840550208));
#2809=CARTESIAN_POINT('Ctrl Pts',(-7.84549015724095,-1.72891267373179,85.9174038617791));
#2810=CARTESIAN_POINT('Ctrl Pts',(-7.4433761294681,-3.02274819262528,86.0229236685374));
#2811=CARTESIAN_POINT('Ctrl Pts',(-6.7570239148997,-4.14233399469344,86.1284434752958));
#2812=CARTESIAN_POINT('Ctrl Pts',(-6.07067170033131,-5.26191979676159,86.2339632820542));
#2813=CARTESIAN_POINT('Ctrl Pts',(-5.10008129896734,-6.20725588200443,86.3394830888127));
#2814=CARTESIAN_POINT('Ctrl Pts',(-3.96279365097754,-6.86385967148889,86.445002895571));
#2815=CARTESIAN_POINT('Ctrl Pts',(-2.82550600298774,-7.52046346097335,86.5505227023294));
#2816=CARTESIAN_POINT('Ctrl Pts',(-1.52152110837207,-7.88833495469945,86.6560425090877));
#2817=CARTESIAN_POINT('Ctrl Pts',(-0.208754819445647,-7.92292398900037,
86.761562315846));
#2818=CARTESIAN_POINT('Ctrl Pts',(1.10401146948071,-7.9575130233013,86.8670821226044));
#2819=CARTESIAN_POINT('Ctrl Pts',(2.42555915271795,-7.65881959817706,86.9726019293629));
#2820=CARTESIAN_POINT('Ctrl Pts',(3.59584548005063,-7.06301623909494,87.0781217361213));
#2821=CARTESIAN_POINT('Ctrl Pts',(4.76613180738338,-6.4672128800128,87.1836415428797));
#2822=CARTESIAN_POINT('Ctrl Pts',(5.7851567788116,-5.57429958697281,87.289161349638));
#2823=CARTESIAN_POINT('Ctrl Pts',(6.52951390584166,-4.49241040684618,87.3946811563963));
#2824=CARTESIAN_POINT('Ctrl Pts',(7.27387103287173,-3.41052122671954,87.5002009631547));
#2825=CARTESIAN_POINT('Ctrl Pts',(7.74356031550357,-2.13965615950631,87.6057207699131));
#2826=CARTESIAN_POINT('Ctrl Pts',(7.88170119960166,-0.833720163074585,87.7112405766714));
#2827=CARTESIAN_POINT('Ctrl Pts',(7.91097879753095,-0.556939908810659,87.7336044589936));
#2828=CARTESIAN_POINT('Ctrl Pts',(7.92536369835196,-0.278584316742455,87.7559683413157));
#2829=CARTESIAN_POINT('Ctrl Pts',(7.92507888218488,-0.000199437892521284,
87.7783322236379));
#2830=CARTESIAN_POINT('Origin',(0.,0.,19.5));
#2831=CARTESIAN_POINT('',(7.92478036193686,-0.000194835985302122,93.2216677763623));
#2832=CARTESIAN_POINT('',(7.92531973910662,0.000171811739635148,91.7783322236378));
#2833=CARTESIAN_POINT('',(7.925,9.70532588324277E-16,19.5));
#2834=CARTESIAN_POINT('Ctrl Pts',(7.92478036193686,-0.000194835985302122,
93.2216677763623));
#2835=CARTESIAN_POINT('Ctrl Pts',(7.92513084899723,-0.376454795505488,93.1914444318987));
#2836=CARTESIAN_POINT('Ctrl Pts',(7.89881548482427,-0.752666137980661,93.1612210874351));
#2837=CARTESIAN_POINT('Ctrl Pts',(7.84542535879423,-1.12499509385936,93.1309977429715));
#2838=CARTESIAN_POINT('Ctrl Pts',(7.65897950523664,-2.4252203441977,93.0254535595263));
#2839=CARTESIAN_POINT('Ctrl Pts',(7.1423555912483,-3.67809969790236,92.9199093760811));
#2840=CARTESIAN_POINT('Ctrl Pts',(6.3581463845355,-4.73183765300937,92.8143651926359));
#2841=CARTESIAN_POINT('Ctrl Pts',(5.5739371778227,-5.78557560811637,92.7088210091907));
#2842=CARTESIAN_POINT('Ctrl Pts',(4.52214267838546,-6.64017216462571,92.6032768257456));
#2843=CARTESIAN_POINT('Ctrl Pts',(3.3301954866038,-7.19208669598905,92.4977326423004));
#2844=CARTESIAN_POINT('Ctrl Pts',(2.13824829482208,-7.74400122735243,92.3921884588552));
#2845=CARTESIAN_POINT('Ctrl Pts',(0.806148410695934,-7.99323373356978,92.28664427541));
#2846=CARTESIAN_POINT('Ctrl Pts',(-0.504710516833727,-7.90958787269075,
92.1811000919648));
#2847=CARTESIAN_POINT('Ctrl Pts',(-1.81556944436331,-7.82594201181172,92.0755559085196));
#2848=CARTESIAN_POINT('Ctrl Pts',(-3.10518741529639,-7.40941778383634,91.9700117250744));
#2849=CARTESIAN_POINT('Ctrl Pts',(-4.21731777534761,-6.71048014700559,91.8644675416292));
#2850=CARTESIAN_POINT('Ctrl Pts',(-5.32944813539883,-6.01154251017484,91.758923358184));
#2851=CARTESIAN_POINT('Ctrl Pts',(-6.26409088456817,-5.03019146448873,91.6533791747388));
#2852=CARTESIAN_POINT('Ctrl Pts',(-6.90800721430823,-3.88532487041748,91.5478349912936));
#2853=CARTESIAN_POINT('Ctrl Pts',(-7.5519235440483,-2.74045827634619,91.4422908078485));
#2854=CARTESIAN_POINT('Ctrl Pts',(-7.90511345435909,-1.43207613388967,91.3367466244033));
#2855=CARTESIAN_POINT('Ctrl Pts',(-7.92478540304956,-0.118698514025134,
91.2312024409581));
#2856=CARTESIAN_POINT('Ctrl Pts',(-7.94445735174003,1.19467910583936,91.1256582575129));
#2857=CARTESIAN_POINT('Ctrl Pts',(-7.63061133881024,2.51305220311195,91.0201140740677));
#2858=CARTESIAN_POINT('Ctrl Pts',(-7.0212721053745,3.67669022952831,90.9145698906225));
#2859=CARTESIAN_POINT('Ctrl Pts',(-6.41193287193876,4.84032825594467,90.8090257071773));
#2860=CARTESIAN_POINT('Ctrl Pts',(-5.50710041799708,5.84923121150477,90.7034815237321));
#2861=CARTESIAN_POINT('Ctrl Pts',(-4.41640181668563,6.58116312023908,90.5979373402869));
#2862=CARTESIAN_POINT('Ctrl Pts',(-3.32570321537411,7.31309502897342,90.4923931568418));
#2863=CARTESIAN_POINT('Ctrl Pts',(-2.04913846669281,7.76805589088193,90.3868489733966));
#2864=CARTESIAN_POINT('Ctrl Pts',(-0.741372731531042,7.89092386825278,90.2813047899514));
#2865=CARTESIAN_POINT('Ctrl Pts',(0.566393003630653,8.01379184562362,90.1757606065062));
#2866=CARTESIAN_POINT('Ctrl Pts',(1.90535972527279,7.80456693845685,90.070216423061));
#2867=CARTESIAN_POINT('Ctrl Pts',(3.11330181683961,7.28859827531208,89.9646722396158));
#2868=CARTESIAN_POINT('Ctrl Pts',(4.32124390840639,6.77262961216733,89.8591280561706));
#2869=CARTESIAN_POINT('Ctrl Pts',(5.39816136989783,5.94991719304462,89.7535838727255));
#2870=CARTESIAN_POINT('Ctrl Pts',(6.21357777023741,4.92013864792758,89.6480396892803));
#2871=CARTESIAN_POINT('Ctrl Pts',(7.02899417057705,3.89036010281045,89.5424955058351));
#2872=CARTESIAN_POINT('Ctrl Pts',(7.58290950976477,2.65351543169898,89.4369513223899));
#2873=CARTESIAN_POINT('Ctrl Pts',(7.80821289104186,1.35945741742315,89.3314071389447));
#2874=CARTESIAN_POINT('Ctrl Pts',(7.88629914409075,0.910959303502697,89.2948273514172));
#2875=CARTESIAN_POINT('Ctrl Pts',(7.92491267190167,0.455588747723981,89.2582475638897));
#2876=CARTESIAN_POINT('Ctrl Pts',(7.92457455717004,0.000161487406099559,
89.2216677763623));
#2877=CARTESIAN_POINT('Ctrl Pts',(7.92507888218488,-0.000199437892521284,
87.7783322236379));
#2878=CARTESIAN_POINT('Ctrl Pts',(7.9240198464,1.03492280145589,87.8614881480741));
#2879=CARTESIAN_POINT('Ctrl Pts',(7.7201394319138,2.0704499555994,87.9446440725103));
#2880=CARTESIAN_POINT('Ctrl Pts',(7.32490079301763,3.02690130043401,88.0277999969465));
#2881=CARTESIAN_POINT('Ctrl Pts',(6.82336701677113,4.24057984186065,88.1333198037048));
#2882=CARTESIAN_POINT('Ctrl Pts',(6.01370697871377,5.32692999906366,88.2388396104633));
#2883=CARTESIAN_POINT('Ctrl Pts',(4.99397254702531,6.15439203412303,88.3443594172216));
#2884=CARTESIAN_POINT('Ctrl Pts',(3.97423811533686,6.98185406918239,88.44987922398));
#2885=CARTESIAN_POINT('Ctrl Pts',(2.74442929001734,7.55042798209809,88.5553990307383));
#2886=CARTESIAN_POINT('Ctrl Pts',(1.45347901472032,7.79125804115658,88.6609188374967));
#2887=CARTESIAN_POINT('Ctrl Pts',(0.16252873942338,8.03208810021505,88.7664386442551));
#2888=CARTESIAN_POINT('Ctrl Pts',(-1.18956298585103,7.94517430541634,88.8719584510135));
#2889=CARTESIAN_POINT('Ctrl Pts',(-2.43905445053059,7.54104213603574,88.9774782577719));
#2890=CARTESIAN_POINT('Ctrl Pts',(-3.68854591521023,7.13690996665511,89.0829980645302));
#2891=CARTESIAN_POINT('Ctrl Pts',(-4.83543711929499,6.41555942269255,89.1885178712886));
#2892=CARTESIAN_POINT('Ctrl Pts',(-5.74083665173132,5.46434787035541,89.2940376780469));
#2893=CARTESIAN_POINT('Ctrl Pts',(-6.64623618416763,4.5131363180183,89.3995574848053));
#2894=CARTESIAN_POINT('Ctrl Pts',(-7.31014404495555,3.33206375730653,89.5050772915637));
#2895=CARTESIAN_POINT('Ctrl Pts',(-7.65215932137898,2.06416104758136,89.610597098322));
#2896=CARTESIAN_POINT('Ctrl Pts',(-7.99417459780242,0.796258337856142,89.7161169050804));
#2897=CARTESIAN_POINT('Ctrl Pts',(-8.01429728986141,-0.558474520882571,
89.8216367118388));
#2898=CARTESIAN_POINT('Ctrl Pts',(-7.71009048890732,-1.83597597015331,89.9271565185971));
#2899=CARTESIAN_POINT('Ctrl Pts',(-7.40588368795321,-3.11347741942408,90.0326763253555));
#2900=CARTESIAN_POINT('Ctrl Pts',(-6.77734739398607,-4.31374745922676,90.1381961321138));
#2901=CARTESIAN_POINT('Ctrl Pts',(-5.90059893396458,-5.29143036717063,90.2437159388722));
#2902=CARTESIAN_POINT('Ctrl Pts',(-5.02385047394314,-6.26911327511445,90.3492357456306));
#2903=CARTESIAN_POINT('Ctrl Pts',(-3.89888984786732,-7.02420905119943,90.4547555523889));
#2904=CARTESIAN_POINT('Ctrl Pts',(-2.66195261860402,-7.46527369668565,90.5602753591473));
#2905=CARTESIAN_POINT('Ctrl Pts',(-1.42501538934068,-7.90633834217188,90.6657951659057));
#2906=CARTESIAN_POINT('Ctrl Pts',(-0.0761015568897822,-8.0333718570594,
90.7713149726641));
#2907=CARTESIAN_POINT('Ctrl Pts',(1.2214320189947,-7.83099016300583,90.8768347794225));
#2908=CARTESIAN_POINT('Ctrl Pts',(2.5189655948791,-7.62860846895227,90.9823545861809));
#2909=CARTESIAN_POINT('Ctrl Pts',(3.76511891419706,-7.09681156595765,91.0878743929392));
#2910=CARTESIAN_POINT('Ctrl Pts',(4.80897967393965,-6.30000139728196,91.1933941996976));
#2911=CARTESIAN_POINT('Ctrl Pts',(5.85284043368233,-5.50319122860621,91.2989140064559));
#2912=CARTESIAN_POINT('Ctrl Pts',(6.69440863384959,-4.44136779424933,91.4044338132143));
#2913=CARTESIAN_POINT('Ctrl Pts',(7.23176824753081,-3.24312058427135,91.5099536199727));
#2914=CARTESIAN_POINT('Ctrl Pts',(7.687340925357,-2.22724838947098,91.5994131545277));
#2915=CARTESIAN_POINT('Ctrl Pts',(7.92425993766348,-1.11331992693617,91.6888726890828));
#2916=CARTESIAN_POINT('Ctrl Pts',(7.92531973910662,0.000171811739635148,
91.7783322236378));
#2917=CARTESIAN_POINT('Origin',(0.,0.,19.5));
#2918=CARTESIAN_POINT('',(7.92555769939604,0.0001050184464918,97.2216677763622));
#2919=CARTESIAN_POINT('',(7.92433510616475,-1.97447533287018E-5,95.7783322236379));
#2920=CARTESIAN_POINT('',(7.925,9.70532588324277E-16,19.5));
#2921=CARTESIAN_POINT('Ctrl Pts',(7.92555769939604,0.0001050184464918,97.2216677763622));
#2922=CARTESIAN_POINT('Ctrl Pts',(7.92476358927565,-1.20746649360011,97.1246412999076));
#2923=CARTESIAN_POINT('Ctrl Pts',(7.64462488893168,-2.41539386251893,97.027614823453));
#2924=CARTESIAN_POINT('Ctrl Pts',(7.11155172845921,-3.49887768221009,96.9305883469983));
#2925=CARTESIAN_POINT('Ctrl Pts',(6.53168143434504,-4.67747778399616,96.8250441635531));
#2926=CARTESIAN_POINT('Ctrl Pts',(5.65251846341969,-5.70882613154795,96.719499980108));
#2927=CARTESIAN_POINT('Ctrl Pts',(4.58057984310899,-6.46796732540624,96.6139557966628));
#2928=CARTESIAN_POINT('Ctrl Pts',(3.50864122279829,-7.22710851926452,96.5084116132176));
#2929=CARTESIAN_POINT('Ctrl Pts',(2.24392695310221,-7.71404255942931,96.4028674297724));
#2930=CARTESIAN_POINT('Ctrl Pts',(0.939666422662146,-7.8697738236712,96.2973232463272));
#2931=CARTESIAN_POINT('Ctrl Pts',(-0.364594107777956,-8.02550508791309,
96.191779062882));
#2932=CARTESIAN_POINT('Ctrl Pts',(-1.70840089896197,-7.8500335762321,96.0862348794368));
#2933=CARTESIAN_POINT('Ctrl Pts',(-2.92894192449085,-7.36461894632566,95.9806906959916));
#2934=CARTESIAN_POINT('Ctrl Pts',(-4.14948295001969,-6.87920431641924,95.8751465125464));
#2935=CARTESIAN_POINT('Ctrl Pts',(-5.24675820989332,-6.0838465682874,95.7696023291013));
#2936=CARTESIAN_POINT('Ctrl Pts',(-6.08782477678779,-5.07490911334852,95.6640581456561));
#2937=CARTESIAN_POINT('Ctrl Pts',(-6.92889134368225,-4.06597165840964,95.5585139622109));
#2938=CARTESIAN_POINT('Ctrl Pts',(-7.51374921759758,-2.8434544966637,95.4529697787657));
#2939=CARTESIAN_POINT('Ctrl Pts',(-7.77153858726297,-1.55547452833589,95.3474255953205));
#2940=CARTESIAN_POINT('Ctrl Pts',(-8.02932795692836,-0.267494560008085,
95.2418814118753));
#2941=CARTESIAN_POINT('Ctrl Pts',(-7.96004882234382,1.08594821490163,95.1363372284301));
#2942=CARTESIAN_POINT('Ctrl Pts',(-7.57209485763192,2.34087430005187,95.0307930449849));
#2943=CARTESIAN_POINT('Ctrl Pts',(-7.18414089292,3.59580038520218,94.9252488615397));
#2944=CARTESIAN_POINT('Ctrl Pts',(-6.47751209808067,4.75220978059303,94.8197046780945));
#2945=CARTESIAN_POINT('Ctrl Pts',(-5.5378217225443,5.6699950256535,94.7141604946493));
#2946=CARTESIAN_POINT('Ctrl Pts',(-4.59813134700794,6.58778027071398,94.6086163112041));
#2947=CARTESIAN_POINT('Ctrl Pts',(-3.42537939077454,7.2669413654441,94.503072127759));
#2948=CARTESIAN_POINT('Ctrl Pts',(-2.1616533352519,7.62519297328359,94.3975279443138));
#2949=CARTESIAN_POINT('Ctrl Pts',(-0.897927279729298,7.98344458112307,94.2919837608686));
#2950=CARTESIAN_POINT('Ctrl Pts',(0.45677287508244,8.02078670207195,94.1864395774234));
#2951=CARTESIAN_POINT('Ctrl Pts',(1.73831529206581,7.73269506491684,94.0808953939782));
#2952=CARTESIAN_POINT('Ctrl Pts',(3.01985770904913,7.44460342776173,93.975351210533));
#2953=CARTESIAN_POINT('Ctrl Pts',(4.22824238820402,6.83107803250263,93.8698070270878));
#2954=CARTESIAN_POINT('Ctrl Pts',(5.21706468298921,5.96645197040299,93.7642628436426));
#2955=CARTESIAN_POINT('Ctrl Pts',(6.2058869777744,5.10182590830336,93.6587186601975));
#2956=CARTESIAN_POINT('Ctrl Pts',(6.97514688818993,3.98609917936315,93.5531744767522));
#2957=CARTESIAN_POINT('Ctrl Pts',(7.43164294683428,2.75445024140707,93.447630293307));
#2958=CARTESIAN_POINT('Ctrl Pts',(7.75741803937405,1.8754929335812,93.3723094543254));
#2959=CARTESIAN_POINT('Ctrl Pts',(7.92390689872797,0.937498074221911,93.2969886153438));
#2960=CARTESIAN_POINT('Ctrl Pts',(7.92478036193686,-0.000194835985302122,
93.2216677763623));
#2961=CARTESIAN_POINT('Ctrl Pts',(7.92531973910662,0.000171811739635148,
91.7783322236378));
#2962=CARTESIAN_POINT('Ctrl Pts',(7.9255100005443,0.200072029287151,91.7943924958411));
#2963=CARTESIAN_POINT('Ctrl Pts',(7.91809865562599,0.399958171476529,91.8104527680444));
#2964=CARTESIAN_POINT('Ctrl Pts',(7.90298615298077,0.5992603573686,91.8265130402477));
#2965=CARTESIAN_POINT('Ctrl Pts',(7.80369341755435,1.90872310343169,91.9320328470061));
#2966=CARTESIAN_POINT('Ctrl Pts',(7.37195691950629,3.19297760995883,92.0375526537645));
#2967=CARTESIAN_POINT('Ctrl Pts',(6.66006103524792,4.29649742428549,92.1430724605229));
#2968=CARTESIAN_POINT('Ctrl Pts',(5.94816515098955,5.40001723861215,92.2485922672813));
#2969=CARTESIAN_POINT('Ctrl Pts',(4.95610988052089,6.32280236073832,92.3541120740396));
#2970=CARTESIAN_POINT('Ctrl Pts',(3.80403561367819,6.95310119011563,92.4596318807979));
#2971=CARTESIAN_POINT('Ctrl Pts',(2.65196134683552,7.58340001949291,92.5651516875563));
#2972=CARTESIAN_POINT('Ctrl Pts',(1.33986808361883,7.92121255612135,92.6706714943147));
#2973=CARTESIAN_POINT('Ctrl Pts',(0.0266536201860865,7.92562885168429,92.7761913010731));
#2974=CARTESIAN_POINT('Ctrl Pts',(-1.28656084324666,7.93004514724723,92.8817111078315));
#2975=CARTESIAN_POINT('Ctrl Pts',(-2.60089650689545,7.60106520174468,92.9872309145898));
#2976=CARTESIAN_POINT('Ctrl Pts',(-3.75718401426681,6.97852931448005,93.0927507213482));
#2977=CARTESIAN_POINT('Ctrl Pts',(-4.91347152163821,6.35599342721539,93.1982705281065));
#2978=CARTESIAN_POINT('Ctrl Pts',(-5.91171087273216,5.43990159818864,93.3037903348649));
#2979=CARTESIAN_POINT('Ctrl Pts',(-6.63101276998599,4.34119485330964,93.4093101416233));
#2980=CARTESIAN_POINT('Ctrl Pts',(-7.35031466723982,3.24248810843065,93.5148299483817));
#2981=CARTESIAN_POINT('Ctrl Pts',(-7.79067911065351,1.96116644769943,93.6203497551401));
#2982=CARTESIAN_POINT('Ctrl Pts',(-7.89877685791908,0.652401148773885,93.7258695618984));
#2983=CARTESIAN_POINT('Ctrl Pts',(-8.00687460518464,-0.656364150151622,
93.8313893686568));
#2984=CARTESIAN_POINT('Ctrl Pts',(-7.78270565630206,-1.99257308727153,93.9369091754151));
#2985=CARTESIAN_POINT('Ctrl Pts',(-7.25341743511925,-3.19440739762908,94.0424289821735));
#2986=CARTESIAN_POINT('Ctrl Pts',(-6.72412921393645,-4.39624170798663,94.1479487889319));
#2987=CARTESIAN_POINT('Ctrl Pts',(-5.88972172045343,-5.4637013915819,94.2534685956902));
#2988=CARTESIAN_POINT('Ctrl Pts',(-4.85124380198084,-6.26751439438809,94.3589884024486));
#2989=CARTESIAN_POINT('Ctrl Pts',(-3.81276588350826,-7.07132739719428,94.464508209207));
#2990=CARTESIAN_POINT('Ctrl Pts',(-2.57021754004613,-7.61149371921137,94.5700280159653));
#2991=CARTESIAN_POINT('Ctrl Pts',(-1.27407450295506,-7.82259785947349,94.6755478227237));
#2992=CARTESIAN_POINT('Ctrl Pts',(0.0220685341360372,-8.03370199973562,
94.7810676294821));
#2993=CARTESIAN_POINT('Ctrl Pts',(1.37180626485606,-7.91574395824275,94.8865874362404));
#2994=CARTESIAN_POINT('Ctrl Pts',(2.61168205329721,-7.48300875067006,94.9921072429988));
#2995=CARTESIAN_POINT('Ctrl Pts',(3.85155784173836,-7.05027354309737,95.0976270497571));
#2996=CARTESIAN_POINT('Ctrl Pts',(4.98157168790063,-6.30276116944485,95.2031468565155));
#2997=CARTESIAN_POINT('Ctrl Pts',(5.86487607124803,-5.33099725933354,95.3086666632739));
#2998=CARTESIAN_POINT('Ctrl Pts',(6.74818045459542,-4.35923334922223,95.4141864700323));
#2999=CARTESIAN_POINT('Ctrl Pts',(7.38477537512794,-3.16321790265213,95.5197062767907));
#3000=CARTESIAN_POINT('Ctrl Pts',(7.69756758592958,-1.88779140006667,95.625226083549));
#3001=CARTESIAN_POINT('Ctrl Pts',(7.84885168925553,-1.27092260302313,95.6762614635787));
#3002=CARTESIAN_POINT('Ctrl Pts',(7.92439057621349,-0.635477656246653,95.7272968436083));
#3003=CARTESIAN_POINT('Ctrl Pts',(7.92433510616475,-1.97447533287018E-5,
95.7783322236379));
#3004=CARTESIAN_POINT('Origin',(0.,0.,19.5));
#3005=CARTESIAN_POINT('',(7.92436099800247,6.22937183450412E-5,101.221667776362));
#3006=CARTESIAN_POINT('',(7.92543873039666,-0.000145346347566257,99.7783322236379));
#3007=CARTESIAN_POINT('',(7.925,9.70532588324277E-16,19.5));
#3008=CARTESIAN_POINT('Ctrl Pts',(7.92436099800247,6.22937183450412E-5,
101.221667776362));
#3009=CARTESIAN_POINT('Ctrl Pts',(7.92416040224041,-0.725661450439157,101.163382351362));
#3010=CARTESIAN_POINT('Ctrl Pts',(7.82533135904745,-1.451438744718,101.105096926361));
#3011=CARTESIAN_POINT('Ctrl Pts',(7.62859222697962,-2.14962639918783,101.046811501361));
#3012=CARTESIAN_POINT('Ctrl Pts',(7.27233384770833,-3.41391581428439,100.941267317916));
#3013=CARTESIAN_POINT('Ctrl Pts',(6.59502292251002,-4.58773728880727,100.83572313447));
#3014=CARTESIAN_POINT('Ctrl Pts',(5.67872062636707,-5.52887376138145,100.730178951025));
#3015=CARTESIAN_POINT('Ctrl Pts',(4.76241833022413,-6.47001023395563,100.62463476758));
#3016=CARTESIAN_POINT('Ctrl Pts',(3.60712466313655,-7.1784617045811,100.519090584135));
#3017=CARTESIAN_POINT('Ctrl Pts',(2.35281190702664,-7.56839409331813,100.41354640069));
#3018=CARTESIAN_POINT('Ctrl Pts',(1.09849915091673,-7.95832648205517,100.308002217244));
#3019=CARTESIAN_POINT('Ctrl Pts',(-0.254832694215497,-8.02973978890376,
100.202458033799));
#3020=CARTESIAN_POINT('Ctrl Pts',(-1.54321757198301,-7.77398176915421,100.096913850354));
#3021=CARTESIAN_POINT('Ctrl Pts',(-2.83160244975051,-7.51822374940465,99.9913696669088));
#3022=CARTESIAN_POINT('Ctrl Pts',(-4.05504036015328,-6.93529440305696,99.8858254834636));
#3023=CARTESIAN_POINT('Ctrl Pts',(-5.06530284752859,-6.0958198861546,99.7802813000185));
#3024=CARTESIAN_POINT('Ctrl Pts',(-6.0755653349039,-5.25634536925223,99.6747371165733));
#3025=CARTESIAN_POINT('Ctrl Pts',(-6.87265239925173,-4.1603256817952,99.5691929331281));
#3026=CARTESIAN_POINT('Ctrl Pts',(-7.35999110983945,-2.94055162932117,99.4636487496829));
#3027=CARTESIAN_POINT('Ctrl Pts',(-7.84732982042717,-1.72077757684711,99.3581045662377));
#3028=CARTESIAN_POINT('Ctrl Pts',(-8.02492017725476,-0.377249159355947,
99.2525603827925));
#3029=CARTESIAN_POINT('Ctrl Pts',(-7.87124580903001,0.927255323762849,99.1470161993473));
#3030=CARTESIAN_POINT('Ctrl Pts',(-7.71757144080526,2.23175980688168,99.0414720159021));
#3031=CARTESIAN_POINT('Ctrl Pts',(-7.23263234752818,3.49724035562823,98.935927832457));
#3032=CARTESIAN_POINT('Ctrl Pts',(-6.47518244901418,4.57037474104673,98.8303836490118));
#3033=CARTESIAN_POINT('Ctrl Pts',(-5.71773255050022,5.64350912646517,98.7248394655666));
#3034=CARTESIAN_POINT('Ctrl Pts',(-4.68777184674939,6.52429734855556,98.6192952821213));
#3035=CARTESIAN_POINT('Ctrl Pts',(-3.51008761401998,7.10602546882029,98.5137510986762));
#3036=CARTESIAN_POINT('Ctrl Pts',(-2.33240338129056,7.68775358908502,98.4082069152309));
#3037=CARTESIAN_POINT('Ctrl Pts',(-1.00699561958258,7.97042160752408,98.3026627317858));
#3038=CARTESIAN_POINT('Ctrl Pts',(0.305552821765367,7.91978222520861,98.1971185483406));
#3039=CARTESIAN_POINT('Ctrl Pts',(1.61810126311331,7.86914284289314,98.0915743648955));
#3040=CARTESIAN_POINT('Ctrl Pts',(2.91779038410119,7.48519605982314,97.9860301814502));
#3041=CARTESIAN_POINT('Ctrl Pts',(4.04715333691631,6.81445983839558,97.880485998005));
#3042=CARTESIAN_POINT('Ctrl Pts',(5.17651628973143,6.14372361696801,97.7749418145599));
#3043=CARTESIAN_POINT('Ctrl Pts',(6.13555307437376,5.18619795718289,97.6693976311147));
#3044=CARTESIAN_POINT('Ctrl Pts',(6.80806936638881,4.05789409966022,97.5638534476695));
#3045=CARTESIAN_POINT('Ctrl Pts',(7.48058565840391,2.92959024213749,97.4583092642243));
#3046=CARTESIAN_POINT('Ctrl Pts',(7.86658145779168,1.63050818687722,97.3527650807791));
#3047=CARTESIAN_POINT('Ctrl Pts',(7.91929054883406,0.31804123123685,97.2472208973339));
#3048=CARTESIAN_POINT('Ctrl Pts',(7.92354431800051,0.212121524456045,97.2387031903433));
#3049=CARTESIAN_POINT('Ctrl Pts',(7.92562741229885,0.10611464268104,97.2301854833528));
#3050=CARTESIAN_POINT('Ctrl Pts',(7.92555769939604,0.0001050184464918,97.2216677763622));
#3051=CARTESIAN_POINT('Ctrl Pts',(7.92433510616475,-1.97447533287018E-5,
95.7783322236379));
#3052=CARTESIAN_POINT('Ctrl Pts',(7.92427588736782,0.678383355171928,95.8328166503667));
#3053=CARTESIAN_POINT('Ctrl Pts',(7.83805949511502,1.35680123137682,95.8873010770954));
#3054=CARTESIAN_POINT('Ctrl Pts',(7.66586948827094,2.01264703783749,95.9417855038241));
#3055=CARTESIAN_POINT('Ctrl Pts',(7.33238967873991,3.28282141455538,96.0473053105825));
#3056=CARTESIAN_POINT('Ctrl Pts',(6.67644055860708,4.46833260939036,96.1528251173408));
#3057=CARTESIAN_POINT('Ctrl Pts',(5.77745921706639,5.42561223321885,96.2583449240992));
#3058=CARTESIAN_POINT('Ctrl Pts',(4.87847787552569,6.38289185704734,96.3638647308576));
#3059=CARTESIAN_POINT('Ctrl Pts',(3.7364643125771,7.11193990986937,96.469384537616));
#3060=CARTESIAN_POINT('Ctrl Pts',(2.48971924465767,7.52446683778331,96.5749043443743));
#3061=CARTESIAN_POINT('Ctrl Pts',(1.24297417673821,7.93699376569726,96.6804241511327));
#3062=CARTESIAN_POINT('Ctrl Pts',(-0.108502396152018,8.03299956870311,96.785943957891));
#3063=CARTESIAN_POINT('Ctrl Pts',(-1.40104325994264,7.80085770245098,96.8914637646494));
#3064=CARTESIAN_POINT('Ctrl Pts',(-2.69358412373315,7.56871583619886,96.9969835714077));
#3065=CARTESIAN_POINT('Ctrl Pts',(-3.92718927842399,7.0084263006888,97.1025033781662));
#3066=CARTESIAN_POINT('Ctrl Pts',(-4.95246603532092,6.18784156868226,97.2080231849245));
#3067=CARTESIAN_POINT('Ctrl Pts',(-5.97774279221791,5.36725683667568,97.3135429916829));
#3068=CARTESIAN_POINT('Ctrl Pts',(-6.794691151321,4.28637690817257,97.4190627984412));
#3069=CARTESIAN_POINT('Ctrl Pts',(-7.30437661043014,3.07609906263121,97.5245826051996));
#3070=CARTESIAN_POINT('Ctrl Pts',(-7.81406206953927,1.86582121708984,97.6301024119579));
#3071=CARTESIAN_POINT('Ctrl Pts',(-8.01648462865446,0.526145454510198,97.7356222187163));
#3072=CARTESIAN_POINT('Ctrl Pts',(-7.88713040645509,-0.780690118863409,
97.8411420254747));
#3073=CARTESIAN_POINT('Ctrl Pts',(-7.75777618425573,-2.08752569223702,97.9466618322331));
#3074=CARTESIAN_POINT('Ctrl Pts',(-7.2966451807418,-3.36152107640462,98.0521816389915));
#3075=CARTESIAN_POINT('Ctrl Pts',(-6.55958152091008,-4.44839222423725,98.1577014457499));
#3076=CARTESIAN_POINT('Ctrl Pts',(-5.82251786107837,-5.53526337206987,98.2632212525083));
#3077=CARTESIAN_POINT('Ctrl Pts',(-4.80952154492886,-6.43501028356755,98.3687410592666));
#3078=CARTESIAN_POINT('Ctrl Pts',(-3.6432689756295,-7.03867134346639,98.474260866025));
#3079=CARTESIAN_POINT('Ctrl Pts',(-2.47701640633018,-7.64233240336522,98.5797806727834));
#3080=CARTESIAN_POINT('Ctrl Pts',(-1.15750758388112,-7.94990761166522,98.6853004795417));
#3081=CARTESIAN_POINT('Ctrl Pts',(0.155461652675019,-7.92414883660491,98.7908202863001));
#3082=CARTESIAN_POINT('Ctrl Pts',(1.4684308892312,-7.89839006154461,98.8963400930584));
#3083=CARTESIAN_POINT('Ctrl Pts',(2.77486053989439,-7.53929730312394,99.0018598998167));
#3084=CARTESIAN_POINT('Ctrl Pts',(3.91653868623971,-6.8903575980719,99.1073797065751));
#3085=CARTESIAN_POINT('Ctrl Pts',(5.05821683258504,-6.24141789301985,99.2128995133335));
#3086=CARTESIAN_POINT('Ctrl Pts',(6.03514347461252,-5.30263124133641,99.3184193200919));
#3087=CARTESIAN_POINT('Ctrl Pts',(6.72901033746245,-4.18768706906843,99.4239391268503));
#3088=CARTESIAN_POINT('Ctrl Pts',(7.42287720031238,-3.07274289680045,99.5294589336087));
#3089=CARTESIAN_POINT('Ctrl Pts',(7.83368428398477,-1.78164120394791,99.634978740367));
#3090=CARTESIAN_POINT('Ctrl Pts',(7.91168181681963,-0.470737654670846,99.7404985471254));
#3091=CARTESIAN_POINT('Ctrl Pts',(7.92100371102668,-0.314064696464979,99.7531097726295));
#3092=CARTESIAN_POINT('Ctrl Pts',(7.92557178899801,-0.157108890647522,99.7657209981337));
#3093=CARTESIAN_POINT('Ctrl Pts',(7.92543873039666,-0.000145346347566257,
99.7783322236379));
#3094=CARTESIAN_POINT('Origin',(0.,0.,19.5));
#3095=CARTESIAN_POINT('',(7.92518904120829,-0.000190735288409655,105.221667776362));
#3096=CARTESIAN_POINT('',(7.92494460741164,0.000202615408051444,103.778332223638));
#3097=CARTESIAN_POINT('',(7.925,9.70532588324277E-16,19.5));
#3098=CARTESIAN_POINT('Ctrl Pts',(7.92518904120829,-0.000190735288409655,
105.221667776362));
#3099=CARTESIAN_POINT('Ctrl Pts',(7.92543468056971,-0.243468707061493,105.202123402816));
#3100=CARTESIAN_POINT('Ctrl Pts',(7.91445357443565,-0.486724587973535,105.18257902927));
#3101=CARTESIAN_POINT('Ctrl Pts',(7.89208313587095,-0.728928527443208,105.163034655723));
#3102=CARTESIAN_POINT('Ctrl Pts',(7.7712775410524,-2.03688638845668,105.057490472278));
#3103=CARTESIAN_POINT('Ctrl Pts',(7.31833027342582,-3.31416698260735,104.951946288833));
#3104=CARTESIAN_POINT('Ctrl Pts',(6.58811920902076,-4.40601841908891,104.846402105388));
#3105=CARTESIAN_POINT('Ctrl Pts',(5.85790814461575,-5.4978698555704,104.740857921942));
#3106=CARTESIAN_POINT('Ctrl Pts',(4.85043328343231,-6.4042921343828,104.635313738497));
#3107=CARTESIAN_POINT('Ctrl Pts',(3.68775757735581,-7.01546556347288,104.529769555052));
#3108=CARTESIAN_POINT('Ctrl Pts',(2.52508187127932,-7.62663899256296,104.424225371607));
#3109=CARTESIAN_POINT('Ctrl Pts',(1.20720532030978,-7.94256357193073,104.318681188162));
#3110=CARTESIAN_POINT('Ctrl Pts',(-0.106201687506668,-7.92496272692748,
104.213137004716));
#3111=CARTESIAN_POINT('Ctrl Pts',(-1.4196086953232,-7.90736188192423,104.107592821271));
#3112=CARTESIAN_POINT('Ctrl Pts',(-2.72854615998664,-7.55623561254992,104.002048637826));
#3113=CARTESIAN_POINT('Ctrl Pts',(-3.87442672917087,-6.91412543579485,103.896504454381));
#3114=CARTESIAN_POINT('Ctrl Pts',(-5.0203072983551,-6.27201525903979,103.790960270936));
#3115=CARTESIAN_POINT('Ctrl Pts',(-6.00313097206012,-5.33892117490397,103.685416087491));
#3116=CARTESIAN_POINT('Ctrl Pts',(-6.70382147015485,-4.22789435983327,103.579871904045));
#3117=CARTESIAN_POINT('Ctrl Pts',(-7.40451196824954,-3.11686754476263,103.4743277206));
#3118=CARTESIAN_POINT('Ctrl Pts',(-7.82306929073398,-1.82790799875712,103.368783537155));
#3119=CARTESIAN_POINT('Ctrl Pts',(-7.90878215508973,-0.517182603103958,
103.26323935371));
#3120=CARTESIAN_POINT('Ctrl Pts',(-7.99449501944547,0.793542792549202,103.157695170265));
#3121=CARTESIAN_POINT('Ctrl Pts',(-7.74736342567253,2.12603403785001,103.052150986819));
#3122=CARTESIAN_POINT('Ctrl Pts',(-7.19732917480466,3.31885006758738,102.946606803374));
#3123=CARTESIAN_POINT('Ctrl Pts',(-6.64729492393679,4.51166609732475,102.841062619929));
#3124=CARTESIAN_POINT('Ctrl Pts',(-5.79435801597398,5.56480691149867,102.735518436484));
#3125=CARTESIAN_POINT('Ctrl Pts',(-4.74185799889825,6.35067679384676,102.629974253039));
#3126=CARTESIAN_POINT('Ctrl Pts',(-3.68935798182253,7.13654667619485,102.524430069593));
#3127=CARTESIAN_POINT('Ctrl Pts',(-2.43729485563388,7.6551456267171,102.418885886148));
#3128=CARTESIAN_POINT('Ctrl Pts',(-1.1373652303598,7.84364158757829,102.313341702703));
#3129=CARTESIAN_POINT('Ctrl Pts',(0.162564394914281,8.03213754843948,102.207797519258));
#3130=CARTESIAN_POINT('Ctrl Pts',(1.5103605192738,7.89053051963962,102.102253335813));
#3131=CARTESIAN_POINT('Ctrl Pts',(2.74272777941236,7.43597722896317,101.996709152367));
#3132=CARTESIAN_POINT('Ctrl Pts',(3.97509503955099,6.9814239382867,101.891164968922));
#3133=CARTESIAN_POINT('Ctrl Pts',(5.09203343546864,6.21392438573362,101.785620785477));
#3134=CARTESIAN_POINT('Ctrl Pts',(5.95821770701966,5.22646675846852,101.680076602032));
#3135=CARTESIAN_POINT('Ctrl Pts',(6.82440197857069,4.23900913120342,101.574532418587));
#3136=CARTESIAN_POINT('Ctrl Pts',(7.43983212575509,3.03159342922631,101.468988235142));
#3137=CARTESIAN_POINT('Ctrl Pts',(7.72994428267514,1.7505069004026,101.363444051696));
#3138=CARTESIAN_POINT('Ctrl Pts',(7.85984571256183,1.1768840172063,101.316185293252));
#3139=CARTESIAN_POINT('Ctrl Pts',(7.92452364426719,0.588490757994398,101.268926534807));
#3140=CARTESIAN_POINT('Ctrl Pts',(7.92436099800247,6.22937183450412E-5,
101.221667776362));
#3141=CARTESIAN_POINT('Ctrl Pts',(7.92543873039666,-0.000145346347566257,
99.7783322236379));
#3142=CARTESIAN_POINT('Ctrl Pts',(7.92445846992387,1.15622603125743,99.8712408048921));
#3143=CARTESIAN_POINT('Ctrl Pts',(7.66832564260751,2.31301741233245,99.9641493861463));
#3144=CARTESIAN_POINT('Ctrl Pts',(7.17810413944558,3.36022678898221,100.0570579674));
#3145=CARTESIAN_POINT('Ctrl Pts',(6.62134094723936,4.54958227765651,100.162577774159));
#3146=CARTESIAN_POINT('Ctrl Pts',(5.76262658082958,5.59758784930358,100.268097580917));
#3147=CARTESIAN_POINT('Ctrl Pts',(4.70595351100845,6.37732739181129,100.373617387676));
#3148=CARTESIAN_POINT('Ctrl Pts',(3.64928044118726,7.15706693431905,100.479137194434));
#3149=CARTESIAN_POINT('Ctrl Pts',(2.39464866795469,7.66854044768741,100.584657001192));
#3150=CARTESIAN_POINT('Ctrl Pts',(1.09399725642544,7.84980720228548,100.690176807951));
#3151=CARTESIAN_POINT('Ctrl Pts',(-0.206654155103805,8.03107395688356,100.795696614709));
#3152=CARTESIAN_POINT('Ctrl Pts',(-1.55332520492973,7.88213395271134,100.901216421467));
#3153=CARTESIAN_POINT('Ctrl Pts',(-2.78293063991834,7.42102419909295,101.006736228226));
#3154=CARTESIAN_POINT('Ctrl Pts',(-4.01253607490695,6.95991444547455,101.112256034984));
#3155=CARTESIAN_POINT('Ctrl Pts',(-5.12507589505824,6.18663494240996,101.217775841743));
#3156=CARTESIAN_POINT('Ctrl Pts',(-5.98581872836086,5.19483178373697,101.323295648501));
#3157=CARTESIAN_POINT('Ctrl Pts',(-6.84656156166348,4.20302862506398,101.428815455259));
#3158=CARTESIAN_POINT('Ctrl Pts',(-7.45550740811742,2.99270181078257,101.534335262018));
#3159=CARTESIAN_POINT('Ctrl Pts',(-7.7389113932586,1.71042496398168,101.639855068776));
#3160=CARTESIAN_POINT('Ctrl Pts',(-8.02231537839976,0.428148117180859,101.745374875534));
#3161=CARTESIAN_POINT('Ctrl Pts',(-7.98017750222819,-0.926078762139443,
101.850894682293));
#3162=CARTESIAN_POINT('Ctrl Pts',(-7.61760076759145,-2.18825539087866,101.956414489051));
#3163=CARTESIAN_POINT('Ctrl Pts',(-7.25502403295469,-3.45043201961796,102.061934295809));
#3164=CARTESIAN_POINT('Ctrl Pts',(-6.57200843985271,-4.62055839777616,102.167454102568));
#3165=CARTESIAN_POINT('Ctrl Pts',(-5.65126889547082,-5.55692927624632,102.272973909326));
#3166=CARTESIAN_POINT('Ctrl Pts',(-4.73052935108894,-6.49330015471648,102.378493716085));
#3167=CARTESIAN_POINT('Ctrl Pts',(-3.57206585542715,-7.1959155334986,102.484013522843));
#3168=CARTESIAN_POINT('Ctrl Pts',(-2.31617125317155,-7.57968692203716,102.589533329601));
#3169=CARTESIAN_POINT('Ctrl Pts',(-1.06027665091596,-7.96345831057571,102.69505313636));
#3170=CARTESIAN_POINT('Ctrl Pts',(0.293049057933437,-8.0283857088707,102.800572943118));
#3171=CARTESIAN_POINT('Ctrl Pts',(1.57991472428795,-7.76660624559386,102.906092749876));
#3172=CARTESIAN_POINT('Ctrl Pts',(2.86678039064245,-7.50482678231702,103.011612556635));
#3173=CARTESIAN_POINT('Ctrl Pts',(4.08718601450207,-6.91634045746836,103.117132363393));
#3174=CARTESIAN_POINT('Ctrl Pts',(5.09333740357388,-6.07241444595762,103.222652170151));
#3175=CARTESIAN_POINT('Ctrl Pts',(6.09948879264568,-5.22848843444688,103.32817197691));
#3176=CARTESIAN_POINT('Ctrl Pts',(6.89138594692966,-4.12912273627406,103.433691783668));
#3177=CARTESIAN_POINT('Ctrl Pts',(7.37312812817264,-2.90745330412525,103.539211590427));
#3178=CARTESIAN_POINT('Ctrl Pts',(7.73702346044007,-1.98463645054248,103.618918468164));
#3179=CARTESIAN_POINT('Ctrl Pts',(7.92394768495253,-0.99203439547776,103.698625345901));
#3180=CARTESIAN_POINT('Ctrl Pts',(7.92494460741164,0.000202615408051444,
103.778332223638));
#3181=CARTESIAN_POINT('Origin',(0.,0.,19.5));
#3182=CARTESIAN_POINT('',(7.92520243883537,0.000189243354206115,109.221667776362));
#3183=CARTESIAN_POINT('',(7.92445731789051,-0.000122809272047488,107.778332223638));
#3184=CARTESIAN_POINT('',(7.925,9.70532588324277E-16,19.5));
#3185=CARTESIAN_POINT('Ctrl Pts',(7.92520243883537,0.000189243354206115,
109.221667776362));
#3186=CARTESIAN_POINT('Ctrl Pts',(7.92412116078176,-1.07461336025724,109.135320270825));
#3187=CARTESIAN_POINT('Ctrl Pts',(7.7038483295599,-2.14984562282875,109.048972765287));
#3188=CARTESIAN_POINT('Ctrl Pts',(7.27855014049298,-3.13672135744865,108.96262525975));
#3189=CARTESIAN_POINT('Ctrl Pts',(6.75870014822722,-4.34299816792597,108.857081076305));
#3190=CARTESIAN_POINT('Ctrl Pts',(5.93252927996381,-5.41726472695576,108.75153689286));
#3191=CARTESIAN_POINT('Ctrl Pts',(4.90013418217091,-6.22936577976902,108.645992709414));
#3192=CARTESIAN_POINT('Ctrl Pts',(3.86773908437806,-7.04146683258224,108.540448525969));
#3193=CARTESIAN_POINT('Ctrl Pts',(2.62911975705573,-7.59140237917895,108.434904342524));
#3194=CARTESIAN_POINT('Ctrl Pts',(1.33434399558894,-7.8125437037583,108.329360159079));
#3195=CARTESIAN_POINT('Ctrl Pts',(0.0395682341221601,-8.03368502833765,
108.223815975634));
#3196=CARTESIAN_POINT('Ctrl Pts',(-1.31136396148908,-7.92603213089962,108.118271792188));
#3197=CARTESIAN_POINT('Ctrl Pts',(-2.55477726994158,-7.50262794776505,108.012727608743));
#3198=CARTESIAN_POINT('Ctrl Pts',(-3.79819057839409,-7.07922376463049,107.907183425298));
#3199=CARTESIAN_POINT('Ctrl Pts',(-4.93408499968786,-6.34006829579938,107.801639241853));
#3200=CARTESIAN_POINT('Ctrl Pts',(-5.82483861249521,-5.37471563526901,107.696095058408));
#3201=CARTESIAN_POINT('Ctrl Pts',(-6.71559222530256,-4.40936297473863,107.590550874962));
#3202=CARTESIAN_POINT('Ctrl Pts',(-7.3612050296235,-3.21781312250897,107.485006691517));
#3203=CARTESIAN_POINT('Ctrl Pts',(-7.68345630977508,-1.94443106265083,107.379462508072));
#3204=CARTESIAN_POINT('Ctrl Pts',(-8.00570758992666,-0.671049002792691,
107.273918324627));
#3205=CARTESIAN_POINT('Ctrl Pts',(-8.00459734590889,0.684165264693941,107.168374141182));
#3206=CARTESIAN_POINT('Ctrl Pts',(-7.68026009191094,1.957017614181,107.062829957737));
#3207=CARTESIAN_POINT('Ctrl Pts',(-7.355922837913,3.22986996366805,106.957285774291));
#3208=CARTESIAN_POINT('Ctrl Pts',(-6.70835857393488,4.42036039515554,106.851741590846));
#3209=CARTESIAN_POINT('Ctrl Pts',(-5.81602444927245,5.38425228115167,106.746197407401));
#3210=CARTESIAN_POINT('Ctrl Pts',(-4.92369032460996,6.34814416714786,106.640653223956));
#3211=CARTESIAN_POINT('Ctrl Pts',(-3.78658633926313,7.08543750765268,106.535109040511));
#3212=CARTESIAN_POINT('Ctrl Pts',(-2.54248096210425,7.50680381913337,106.429564857065));
#3213=CARTESIAN_POINT('Ctrl Pts',(-1.29837558494536,7.92817013061405,106.32402067362));
#3214=CARTESIAN_POINT('Ctrl Pts',(0.0527311840255623,8.03360941307061,106.218476490175));
#3215=CARTESIAN_POINT('Ctrl Pts',(1.3471428726812,7.81034692585443,106.11293230673));
#3216=CARTESIAN_POINT('Ctrl Pts',(2.64155456133677,7.58708443863827,106.007388123285));
#3217=CARTESIAN_POINT('Ctrl Pts',(3.87927116967706,7.0351201817494,105.901843939839));
#3218=CARTESIAN_POINT('Ctrl Pts',(4.91033427329609,6.2213286640486,105.796299756394));
#3219=CARTESIAN_POINT('Ctrl Pts',(5.94139737691512,5.40753714634781,105.690755572949));
#3220=CARTESIAN_POINT('Ctrl Pts',(6.76580697581288,4.3319183678351,105.585211389504));
#3221=CARTESIAN_POINT('Ctrl Pts',(7.28367981425647,3.12479141464064,105.479667206059));
#3222=CARTESIAN_POINT('Ctrl Pts',(7.70565442435941,2.14119681842691,105.39366739616));
#3223=CARTESIAN_POINT('Ctrl Pts',(7.92410817062756,1.07028917932427,105.307667586261));
#3224=CARTESIAN_POINT('Ctrl Pts',(7.92518904120829,-0.000190735288409655,
105.221667776362));
#3225=CARTESIAN_POINT('Ctrl Pts',(7.92494460741164,0.000202615408051444,
103.778332223638));
#3226=CARTESIAN_POINT('Ctrl Pts',(7.9252674589573,0.321536787081044,103.804145152659));
#3227=CARTESIAN_POINT('Ctrl Pts',(7.90609069054833,0.642832673775574,103.82995808168));
#3228=CARTESIAN_POINT('Ctrl Pts',(7.86711011005307,0.961707661620807,103.855771010702));
#3229=CARTESIAN_POINT('Ctrl Pts',(7.70776270248854,2.26522602909316,103.96129081746));
#3230=CARTESIAN_POINT('Ctrl Pts',(7.21748067915754,3.52828959791318,104.066810624219));
#3231=CARTESIAN_POINT('Ctrl Pts',(6.45563842691743,4.59793819130123,104.172330430977));
#3232=CARTESIAN_POINT('Ctrl Pts',(5.69379617467728,5.66758678468935,104.277850237735));
#3233=CARTESIAN_POINT('Ctrl Pts',(4.66039369352797,6.54382040264552,104.383370044494));
#3234=CARTESIAN_POINT('Ctrl Pts',(3.48057862457261,7.12052494892671,104.488889851252));
#3235=CARTESIAN_POINT('Ctrl Pts',(2.30076355561718,7.69722949520793,104.59440965801));
#3236=CARTESIAN_POINT('Ctrl Pts',(0.974535898855662,7.97440496981416,104.699929464769));
#3237=CARTESIAN_POINT('Ctrl Pts',(-0.337494838925354,7.91848472523741,104.805449271527));
#3238=CARTESIAN_POINT('Ctrl Pts',(-1.64952557670614,7.86256448066067,104.910969078285));
#3239=CARTESIAN_POINT('Ctrl Pts',(-2.94735939550648,7.47354851690107,105.016488885044));
#3240=CARTESIAN_POINT('Ctrl Pts',(-4.07382535377216,6.79854764615815,105.122008691802));
#3241=CARTESIAN_POINT('Ctrl Pts',(-5.20029131203797,6.12354677541515,105.22752849856));
#3242=CARTESIAN_POINT('Ctrl Pts',(-6.15538940976914,5.16256099768873,105.333048305319));
#3243=CARTESIAN_POINT('Ctrl Pts',(-6.8234548637534,4.03196810905537,105.438568112077));
#3244=CARTESIAN_POINT('Ctrl Pts',(-7.49152031773769,2.90137522042195,105.544087918836));
#3245=CARTESIAN_POINT('Ctrl Pts',(-7.87255312797503,1.60117522088175,105.649607725594));
#3246=CARTESIAN_POINT('Ctrl Pts',(-7.92040926224774,0.288825602430849,105.755127532352));
#3247=CARTESIAN_POINT('Ctrl Pts',(-7.96826539652045,-1.02352401601997,105.860647339111));
#3248=CARTESIAN_POINT('Ctrl Pts',(-7.68294485482849,-2.34802325338129,105.966167145869));
#3249=CARTESIAN_POINT('Ctrl Pts',(-7.09900067280161,-3.5242719188056,106.071686952627));
#3250=CARTESIAN_POINT('Ctrl Pts',(-6.51505649077472,-4.70052058422991,106.177206759386));
#3251=CARTESIAN_POINT('Ctrl Pts',(-5.63248866841289,-5.72851867771725,106.282726566144));
#3252=CARTESIAN_POINT('Ctrl Pts',(-4.55817839005317,-6.48377304311091,106.388246372903));
#3253=CARTESIAN_POINT('Ctrl Pts',(-3.48386811169345,-7.23902740850458,106.493766179661));
#3254=CARTESIAN_POINT('Ctrl Pts',(-2.21781537733579,-7.72153804580459,106.599285986419));
#3255=CARTESIAN_POINT('Ctrl Pts',(-0.913342359228944,-7.87287170255921,
106.704805793178));
#3256=CARTESIAN_POINT('Ctrl Pts',(0.391130658877898,-8.02420535931383,106.810325599936));
#3257=CARTESIAN_POINT('Ctrl Pts',(1.73402396073397,-7.84436203552305,106.915845406694));
#3258=CARTESIAN_POINT('Ctrl Pts',(2.95270978799145,-7.35512121028735,107.021365213453));
#3259=CARTESIAN_POINT('Ctrl Pts',(4.17139561524887,-6.86588038505167,107.126885020211));
#3260=CARTESIAN_POINT('Ctrl Pts',(5.26587396790775,-6.06724205837107,107.23240482697));
#3261=CARTESIAN_POINT('Ctrl Pts',(6.10360076312295,-5.05592334144069,107.337924633728));
#3262=CARTESIAN_POINT('Ctrl Pts',(6.94132755833819,-4.04460462451024,107.443444440486));
#3263=CARTESIAN_POINT('Ctrl Pts',(7.52230279610974,-2.82060551732995,107.548964247245));
#3264=CARTESIAN_POINT('Ctrl Pts',(7.77616891307544,-1.53215539206613,107.654484054003));
#3265=CARTESIAN_POINT('Ctrl Pts',(7.87548945735491,-1.02807249495605,107.695766777215));
#3266=CARTESIAN_POINT('Ctrl Pts',(7.92474187351435,-0.514124566192541,107.737049500426));
#3267=CARTESIAN_POINT('Ctrl Pts',(7.92445731789051,-0.000122809272047488,
107.778332223638));
#3268=CARTESIAN_POINT('Origin',(0.,0.,19.5));
#3269=CARTESIAN_POINT('',(7.92435759266333,-5.86853301381973E-5,113.221667776362));
#3270=CARTESIAN_POINT('',(7.92565902509049,-3.70838565133013E-5,111.778332223638));
#3271=CARTESIAN_POINT('',(7.925,9.70532588324277E-16,19.5));
#3272=CARTESIAN_POINT('Ctrl Pts',(7.92435759266333,-5.86853301381973E-5,
113.221667776362));
#3273=CARTESIAN_POINT('Ctrl Pts',(7.92451120662673,-0.592817016502976,113.174061322279));
#3274=CARTESIAN_POINT('Ctrl Pts',(7.85886943102042,-1.18554179726183,113.126454868196));
#3275=CARTESIAN_POINT('Ctrl Pts',(7.72706561671948,-1.76316973045068,113.078848414112));
#3276=CARTESIAN_POINT('Ctrl Pts',(7.43485469231372,-3.04377904524874,112.973304230667));
#3277=CARTESIAN_POINT('Ctrl Pts',(6.81744730136227,-4.25018506186242,112.867760047222));
#3278=CARTESIAN_POINT('Ctrl Pts',(5.94964632976676,-5.23622221721931,112.762215863777));
#3279=CARTESIAN_POINT('Ctrl Pts',(5.08184535817125,-6.2222593725762,112.656671680332));
#3280=CARTESIAN_POINT('Ctrl Pts',(3.96365080593168,-6.9879276666763,112.551127496886));
#3281=CARTESIAN_POINT('Ctrl Pts',(2.73054039365347,-7.44046110469108,112.445583313441));
#3282=CARTESIAN_POINT('Ctrl Pts',(1.49742998137527,-7.89299454270586,112.340039129996));
#3283=CARTESIAN_POINT('Ctrl Pts',(0.149403709058427,-8.03239312463532,112.234494946551));
#3284=CARTESIAN_POINT('Ctrl Pts',(-1.15021530942507,-7.84176753171318,112.128950763106));
#3285=CARTESIAN_POINT('Ctrl Pts',(-2.44983432790856,-7.65114193879104,112.02340657966));
#3286=CARTESIAN_POINT('Ctrl Pts',(-3.70104609255871,-7.13049217101728,111.917862396215));
#3287=CARTESIAN_POINT('Ctrl Pts',(-4.75225707546648,-6.34289883773292,111.81231821277));
#3288=CARTESIAN_POINT('Ctrl Pts',(-5.80346805837437,-5.55530550444847,111.706774029325));
#3289=CARTESIAN_POINT('Ctrl Pts',(-6.65467825953984,-4.50076860565335,111.60122984588));
#3290=CARTESIAN_POINT('Ctrl Pts',(-7.20275736732138,-3.30705296360952,111.495685662434));
#3291=CARTESIAN_POINT('Ctrl Pts',(-7.75083647510286,-2.11333732156582,111.390141478989));
#3292=CARTESIAN_POINT('Ctrl Pts',(-7.99578448950048,-0.780442936273449,
111.284597295544));
#3293=CARTESIAN_POINT('Ctrl Pts',(-7.90792414956462,0.530140263824825,111.179053112099));
#3294=CARTESIAN_POINT('Ctrl Pts',(-7.82006380962876,1.8407234639231,111.073508928654));
#3295=CARTESIAN_POINT('Ctrl Pts',(-7.39939511535942,3.12899547882728,110.967964745209));
#3296=CARTESIAN_POINT('Ctrl Pts',(-6.69688516565933,4.23887273657884,110.862420561763));
#3297=CARTESIAN_POINT('Ctrl Pts',(-5.99437521595924,5.34874999433041,110.756876378318));
#3298=CARTESIAN_POINT('Ctrl Pts',(-5.0100240108284,6.28023249492936,110.651332194873));
#3299=CARTESIAN_POINT('Ctrl Pts',(-3.86309289790014,6.92046431213178,110.545788011428));
#3300=CARTESIAN_POINT('Ctrl Pts',(-2.71616178497188,7.56069612933419,110.440243827983));
#3301=CARTESIAN_POINT('Ctrl Pts',(-1.40665076424618,7.90967726314006,110.334699644537));
#3302=CARTESIAN_POINT('Ctrl Pts',(-0.0932166806108419,7.9251260978914,110.229155461092));
#3303=CARTESIAN_POINT('Ctrl Pts',(1.2202174030245,7.94057493264274,110.123611277647));
#3304=CARTESIAN_POINT('Ctrl Pts',(2.53757454956949,7.62249146833955,110.018067094202));
#3305=CARTESIAN_POINT('Ctrl Pts',(3.69924730164548,7.0094138431122,109.912522910757));
#3306=CARTESIAN_POINT('Ctrl Pts',(4.86092005372148,6.39633621788485,109.806978727312));
#3307=CARTESIAN_POINT('Ctrl Pts',(5.86690841132848,5.48826443173333,109.701434543866));
#3308=CARTESIAN_POINT('Ctrl Pts',(6.59532952285855,4.395218027207,109.595890360421));
#3309=CARTESIAN_POINT('Ctrl Pts',(7.32375063438863,3.30217162268067,109.490346176976));
#3310=CARTESIAN_POINT('Ctrl Pts',(7.77460449984179,2.02415059977952,109.384801993531));
#3311=CARTESIAN_POINT('Ctrl Pts',(7.89326687443432,0.715996557366553,109.279257810086));
#3312=CARTESIAN_POINT('Ctrl Pts',(7.91484952646184,0.478065759228206,109.260061132178));
#3313=CARTESIAN_POINT('Ctrl Pts',(7.92544282732598,0.239138119382174,109.24086445427));
#3314=CARTESIAN_POINT('Ctrl Pts',(7.92520243883537,0.000189243354206115,
109.221667776362));
#3315=CARTESIAN_POINT('Ctrl Pts',(7.92445731789051,-0.000122809272047488,
107.778332223638));
#3316=CARTESIAN_POINT('Ctrl Pts',(7.92401454130118,0.799678444952715,107.842569307185));
#3317=CARTESIAN_POINT('Ctrl Pts',(7.80363166399146,1.59961002919842,107.906806390731));
#3318=CARTESIAN_POINT('Ctrl Pts',(7.56530981364093,2.36270830483795,107.971043474278));
#3319=CARTESIAN_POINT('Ctrl Pts',(7.17382760108086,3.61622073313083,108.076563281036));
#3320=CARTESIAN_POINT('Ctrl Pts',(6.46410617980087,4.77034444636916,108.182083087795));
#3321=CARTESIAN_POINT('Ctrl Pts',(5.52209459998731,5.68531215844003,108.287602894553));
#3322=CARTESIAN_POINT('Ctrl Pts',(4.58008302017375,6.60027987051089,108.393122701312));
#3323=CARTESIAN_POINT('Ctrl Pts',(3.40578128182667,7.27609158141423,108.49864250807));
#3324=CARTESIAN_POINT('Ctrl Pts',(2.14140028067649,7.63090479222765,108.604162314828));
#3325=CARTESIAN_POINT('Ctrl Pts',(0.877019279526376,7.98571800304104,108.709682121587));
#3326=CARTESIAN_POINT('Ctrl Pts',(-0.477440984426752,8.01953271376452,108.815201928345));
#3327=CARTESIAN_POINT('Ctrl Pts',(-1.75795196461011,7.72825387783321,108.920721735103));
#3328=CARTESIAN_POINT('Ctrl Pts',(-3.03846294479348,7.4369750419019,109.026241541862));
#3329=CARTESIAN_POINT('Ctrl Pts',(-4.24502464120718,6.82060265931568,109.13176134862));
#3330=CARTESIAN_POINT('Ctrl Pts',(-5.23151939602291,5.95378097675183,109.237281155378));
#3331=CARTESIAN_POINT('Ctrl Pts',(-6.21801415083869,5.08695929418793,109.342800962137));
#3332=CARTESIAN_POINT('Ctrl Pts',(-6.98444196405664,3.96968831164632,109.448320768895));
#3333=CARTESIAN_POINT('Ctrl Pts',(-7.4379864986983,2.73727235681422,109.553840575654));
#3334=CARTESIAN_POINT('Ctrl Pts',(-7.89153103333996,1.50485640198211,109.659360382412));
#3335=CARTESIAN_POINT('Ctrl Pts',(-8.03219228940532,0.157295474859565,109.76488018917));
#3336=CARTESIAN_POINT('Ctrl Pts',(-7.84293583484813,-1.14221740504767,109.870399995929));
#3337=CARTESIAN_POINT('Ctrl Pts',(-7.65367938029094,-2.4417302849549,109.975919802687));
#3338=CARTESIAN_POINT('Ctrl Pts',(-7.13450521511121,-3.69319511764675,110.081439609445));
#3339=CARTESIAN_POINT('Ctrl Pts',(-6.3482866371571,-4.74505636246136,110.186959416204));
#3340=CARTESIAN_POINT('Ctrl Pts',(-5.56206805920299,-5.79691760727597,110.292479222962));
#3341=CARTESIAN_POINT('Ctrl Pts',(-4.50880506847452,-6.64917526421329,110.397999029721));
#3342=CARTESIAN_POINT('Ctrl Pts',(-3.31605046395862,-7.19861878628027,110.503518836479));
#3343=CARTESIAN_POINT('Ctrl Pts',(-2.12329585944278,-7.74806230834721,110.609038643237));
#3344=CARTESIAN_POINT('Ctrl Pts',(-0.791049641139353,-7.99469169554386,
110.714558449996));
#3345=CARTESIAN_POINT('Ctrl Pts',(0.519349821603907,-7.90863950835236,110.820078256754));
#3346=CARTESIAN_POINT('Ctrl Pts',(1.82974928434724,-7.82258732116086,110.925598063512));
#3347=CARTESIAN_POINT('Ctrl Pts',(3.11830199153054,-7.40385355958124,111.031117870271));
#3348=CARTESIAN_POINT('Ctrl Pts',(4.22896096679448,-6.70314793604988,111.136637677029));
#3349=CARTESIAN_POINT('Ctrl Pts',(5.33961994205836,-6.00244231251856,111.242157483788));
#3350=CARTESIAN_POINT('Ctrl Pts',(6.27238518540282,-5.01976482703559,111.347677290546));
#3351=CARTESIAN_POINT('Ctrl Pts',(6.91429648004689,-3.87412019580703,111.453197097304));
#3352=CARTESIAN_POINT('Ctrl Pts',(7.55620777469099,-2.72847556457841,111.558716904063));
#3353=CARTESIAN_POINT('Ctrl Pts',(7.90726512063461,-1.41986378760426,111.664236710821));
#3354=CARTESIAN_POINT('Ctrl Pts',(7.92495458668571,-0.106761044835788,111.769756517579));
#3355=CARTESIAN_POINT('Ctrl Pts',(7.92543380054406,-0.0711886295942121,
111.772615086266));
#3356=CARTESIAN_POINT('Ctrl Pts',(7.92566835999571,-0.0356129184905034,
111.775473654952));
#3357=CARTESIAN_POINT('Ctrl Pts',(7.92565902509049,-3.70838565133013E-5,
111.778332223638));
#3358=CARTESIAN_POINT('Origin',(0.,0.,11.8329938588938));
#3359=CARTESIAN_POINT('',(5.64304253302151,-4.17906198558112E-5,113.832993858894));
#3360=CARTESIAN_POINT('',(5.64321299842242,0.000118823103703036,115.167006141106));
#3361=CARTESIAN_POINT('',(5.6435,-1.9445459673371E-13,11.8329938588938));
#3362=CARTESIAN_POINT('',(0.20832963806504,-5.63965344785508,116.8565));
#3363=CARTESIAN_POINT('Ctrl Pts',(5.64304253302151,-4.17906198560761E-5,
113.832993858894));
#3364=CARTESIAN_POINT('Ctrl Pts',(5.64290940312665,0.513673581165128,113.890931588256));
#3365=CARTESIAN_POINT('Ctrl Pts',(5.44671953004103,1.96331542260821,114.054413501063));
#3366=CARTESIAN_POINT('Ctrl Pts',(4.22079835970711,4.0959757058074,114.323439597315));
#3367=CARTESIAN_POINT('Ctrl Pts',(1.75518497341143,5.61350607620119,114.640072147651));
#3368=CARTESIAN_POINT('Ctrl Pts',(-1.13574779858718,5.77081664338909,114.956704697986));
#3369=CARTESIAN_POINT('Ctrl Pts',(-3.75144742124482,4.52974403358825,115.273337248322));
#3370=CARTESIAN_POINT('Ctrl Pts',(-5.45816625988139,2.1911080359192,115.589969798657));
#3371=CARTESIAN_POINT('Ctrl Pts',(-5.84219151599239,-0.678585757951965,
115.906602348993));
#3372=CARTESIAN_POINT('Ctrl Pts',(-4.8107694741092,-3.38360558231953,116.223234899329));
#3373=CARTESIAN_POINT('Ctrl Pts',(-2.61321676151489,-5.26923172637868,116.539867449664));
#3374=CARTESIAN_POINT('Ctrl Pts',(-0.726659571984491,-5.67419208848702,
116.750955816554));
#3375=CARTESIAN_POINT('Ctrl Pts',(0.208329638064823,-5.63965344785509,116.8565));
#3376=CARTESIAN_POINT('',(-4.98543023385628,2.64472638156609,116.856499999999));
#3377=CARTESIAN_POINT('Origin',(0.,0.,116.8565));
#3378=CARTESIAN_POINT('Ctrl Pts',(5.64321299842242,0.000118823103702793,
115.167006141106));
#3379=CARTESIAN_POINT('Ctrl Pts',(5.64345733561902,0.315439337568088,115.202571726945));
#3380=CARTESIAN_POINT('Ctrl Pts',(5.54037197532665,1.56612862993561,115.343657119543));
#3381=CARTESIAN_POINT('Ctrl Pts',(4.62875315646147,3.62847821596379,115.590262318899));
#3382=CARTESIAN_POINT('Ctrl Pts',(2.33727538985739,5.39699014291977,115.906821739174));
#3383=CARTESIAN_POINT('Ctrl Pts',(-0.519992186306021,5.85837656657765,116.223381159449));
#3384=CARTESIAN_POINT('Ctrl Pts',(-3.25195495846967,4.90073106368605,116.539940579725));
#3385=CARTESIAN_POINT('Ctrl Pts',(-4.54706650589195,3.4710620653078,116.750980193241));
#3386=CARTESIAN_POINT('Ctrl Pts',(-4.98543023385719,2.64472638156439,116.8565));
#3387=CARTESIAN_POINT('Origin',(0.,0.,11.8329938588938));
#3388=CARTESIAN_POINT('',(5.64364415944069,0.000134762759496411,109.832993858894));
#3389=CARTESIAN_POINT('',(5.6439693007064,-2.64079176304742E-5,111.167006141106));
#3390=CARTESIAN_POINT('',(5.6435,-1.9445459673371E-13,11.8329938588938));
#3391=CARTESIAN_POINT('Ctrl Pts',(5.64364415944068,0.000134762759496799,
109.832993858894));
#3392=CARTESIAN_POINT('Ctrl Pts',(5.64381534334564,0.170293498641369,109.852190536802));
#3393=CARTESIAN_POINT('Ctrl Pts',(5.59479648119642,1.27589421662903,109.976931398155));
#3394=CARTESIAN_POINT('Ctrl Pts',(4.89428301772714,3.26161731171491,110.207216442953));
#3395=CARTESIAN_POINT('Ctrl Pts',(2.74514915167476,5.20156802154939,110.523848993288));
#3396=CARTESIAN_POINT('Ctrl Pts',(-0.0691745290293282,5.88110267043084,
110.840481543624));
#3397=CARTESIAN_POINT('Ctrl Pts',(-2.86673621185537,5.13556007284091,111.15711409396));
#3398=CARTESIAN_POINT('Ctrl Pts',(-4.96964574857054,3.14559610105664,111.473746644295));
#3399=CARTESIAN_POINT('Ctrl Pts',(-5.86833739883269,0.393408170667294,111.790379194631));
#3400=CARTESIAN_POINT('Ctrl Pts',(-5.34504498775897,-2.45410834544543,112.107011744966));
#3401=CARTESIAN_POINT('Ctrl Pts',(-3.52656999585602,-4.70695843567249,112.423644295302));
#3402=CARTESIAN_POINT('Ctrl Pts',(-0.853555386214422,-5.81924372189252,
112.740276845637));
#3403=CARTESIAN_POINT('Ctrl Pts',(2.02628799592567,-5.52144085862988,113.056909395973));
#3404=CARTESIAN_POINT('Ctrl Pts',(4.41513252169125,-3.88571252383346,113.373541946308));
#3405=CARTESIAN_POINT('Ctrl Pts',(5.49277453008604,-1.78001404704714,113.632236767282));
#3406=CARTESIAN_POINT('Ctrl Pts',(5.64315192360856,-0.422153038818404,113.785387404811));
#3407=CARTESIAN_POINT('Ctrl Pts',(5.64304253302151,-4.17906198560761E-5,
113.832993858894));
#3408=CARTESIAN_POINT('Ctrl Pts',(5.6439693007064,-2.6407917630574E-5,111.167006141106));
#3409=CARTESIAN_POINT('Ctrl Pts',(5.64373056518816,0.909807716835819,111.269667379178));
#3410=CARTESIAN_POINT('Ctrl Pts',(5.18898965651446,2.75504007770573,111.477848424009));
#3411=CARTESIAN_POINT('Ctrl Pts',(3.27103771851371,4.88785675500012,111.791549275598));
#3412=CARTESIAN_POINT('Ctrl Pts',(0.543346793810811,5.85624500452378,112.108108695873));
#3413=CARTESIAN_POINT('Ctrl Pts',(-2.31594538683176,5.40622125099504,112.424668116148));
#3414=CARTESIAN_POINT('Ctrl Pts',(-4.61430408330535,3.64678347522807,112.741227536423));
#3415=CARTESIAN_POINT('Ctrl Pts',(-5.79505481527085,1.00407643694152,113.057786956698));
#3416=CARTESIAN_POINT('Ctrl Pts',(-5.57221468763491,-1.88182306837353,113.374346376973));
#3417=CARTESIAN_POINT('Ctrl Pts',(-3.99975494478999,-4.31193535368252,113.690905797249));
#3418=CARTESIAN_POINT('Ctrl Pts',(-1.45853677501265,-5.69767559775784,114.007465217524));
#3419=CARTESIAN_POINT('Ctrl Pts',(1.4359510628058,-5.70340932393887,114.324024637799));
#3420=CARTESIAN_POINT('Ctrl Pts',(3.98263485364078,-4.32775023293502,114.640584058074));
#3421=CARTESIAN_POINT('Ctrl Pts',(5.3869751184796,-2.17620728160654,114.92157789251));
#3422=CARTESIAN_POINT('Ctrl Pts',(5.64273240973459,-0.620087491754627,115.097051920187));
#3423=CARTESIAN_POINT('Ctrl Pts',(5.64321299842242,0.000118823103702793,
115.167006141106));
#3424=CARTESIAN_POINT('Origin',(0.,0.,11.8329938588938));
#3425=CARTESIAN_POINT('',(5.64363461880871,-0.000135825186514569,105.832993858894));
#3426=CARTESIAN_POINT('',(5.64311354870853,-8.74541487087821E-5,107.167006141106));
#3427=CARTESIAN_POINT('',(5.6435,-1.9445459673371E-13,11.8329938588938));
#3428=CARTESIAN_POINT('Ctrl Pts',(5.64363461880871,-0.000135825186514688,
105.832993858894));
#3429=CARTESIAN_POINT('Ctrl Pts',(5.64286491620656,0.762167442714746,105.918993668793));
#3430=CARTESIAN_POINT('Ctrl Pts',(5.29638361516106,2.46069391998778,106.110537662137));
#3431=CARTESIAN_POINT('Ctrl Pts',(3.64387640697051,4.61674327595585,106.407625838926));
#3432=CARTESIAN_POINT('Ctrl Pts',(0.999692048925641,5.79592697958454,106.724258389262));
#3433=CARTESIAN_POINT('Ctrl Pts',(-1.88673232357428,5.57067274972579,107.040890939597));
#3434=CARTESIAN_POINT('Ctrl Pts',(-4.31597384078744,3.99556298298557,107.357523489933));
#3435=CARTESIAN_POINT('Ctrl Pts',(-5.69939172990819,1.45226982837369,107.674156040268));
#3436=CARTESIAN_POINT('Ctrl Pts',(-5.70176358938366,-1.44292956035595,107.990788590604));
#3437=CARTESIAN_POINT('Ctrl Pts',(-4.32251468294134,-3.98848599861137,108.307421140939));
#3438=CARTESIAN_POINT('Ctrl Pts',(-1.89585720663673,-5.56757390587261,108.624053691275));
#3439=CARTESIAN_POINT('Ctrl Pts',(0.990194217690848,-5.79755717149717,108.94068624161));
#3440=CARTESIAN_POINT('Ctrl Pts',(3.63630709103232,-4.62270748422201,109.257318791946));
#3441=CARTESIAN_POINT('Ctrl Pts',(5.29428285224595,-2.46684846719133,109.554754664374));
#3442=CARTESIAN_POINT('Ctrl Pts',(5.64287416667152,-0.765246750613521,109.746646353356));
#3443=CARTESIAN_POINT('Ctrl Pts',(5.64364415944068,0.000134762759496799,
109.832993858894));
#3444=CARTESIAN_POINT('Ctrl Pts',(5.64311354870853,-8.74541487085739E-5,
107.167006141106));
#3445=CARTESIAN_POINT('Ctrl Pts',(5.64279824149317,0.569461868023888,107.231243224653));
#3446=CARTESIAN_POINT('Ctrl Pts',(5.41625267174762,2.07483340058993,107.401000114958));
#3447=CARTESIAN_POINT('Ctrl Pts',(4.09777544286596,4.2188941399047,107.676276812022));
#3448=CARTESIAN_POINT('Ctrl Pts',(1.58906685219277,5.66265819939356,107.992836232297));
#3449=CARTESIAN_POINT('Ctrl Pts',(-1.304521728105,5.73489794196822,108.309395652572));
#3450=CARTESIAN_POINT('Ctrl Pts',(-3.88214857998262,4.41811653838784,108.625955072847));
#3451=CARTESIAN_POINT('Ctrl Pts',(-5.51949950637843,2.03124507215176,108.942514493122));
#3452=CARTESIAN_POINT('Ctrl Pts',(-5.81999987178092,-0.84760417411304,109.259073913397));
#3453=CARTESIAN_POINT('Ctrl Pts',(-4.71086697543073,-3.5211594233105,109.575633333672));
#3454=CARTESIAN_POINT('Ctrl Pts',(-2.46073838684671,-5.3418721376042,109.892192753947));
#3455=CARTESIAN_POINT('Ctrl Pts',(0.38539342375061,-5.8687565338102,110.208752174222));
#3456=CARTESIAN_POINT('Ctrl Pts',(3.1381810084783,-4.9741985589934,110.525311594498));
#3457=CARTESIAN_POINT('Ctrl Pts',(5.13088535578996,-2.87486465767224,110.841871014773));
#3458=CARTESIAN_POINT('Ctrl Pts',(5.63764314197116,-0.985859300762455,111.055769196976));
#3459=CARTESIAN_POINT('Ctrl Pts',(5.64397594821903,-0.0253604423348008,
111.16414757242));
#3460=CARTESIAN_POINT('Ctrl Pts',(5.6439693007064,-2.6407917630574E-5,111.167006141106));
#3461=CARTESIAN_POINT('Origin',(0.,0.,11.8329938588938));
#3462=CARTESIAN_POINT('',(5.64304495800971,4.43602017711802E-5,101.832993858894));
#3463=CARTESIAN_POINT('',(5.64346055418645,0.000144285180268822,103.167006141106));
#3464=CARTESIAN_POINT('',(5.6435,-1.9445459673371E-13,11.8329938588938));
#3465=CARTESIAN_POINT('Ctrl Pts',(5.64304495800971,4.43602017708919E-5,
101.832993858894));
#3466=CARTESIAN_POINT('Ctrl Pts',(5.64316078062106,0.419072251449961,101.880252617339));
#3467=CARTESIAN_POINT('Ctrl Pts',(5.49424017636485,1.77384469688448,102.033055559228));
#3468=CARTESIAN_POINT('Ctrl Pts',(4.42149306377651,3.87847300265665,102.291402684563));
#3469=CARTESIAN_POINT('Ctrl Pts',(2.03533211587956,5.51811352940744,102.608035234899));
#3470=CARTESIAN_POINT('Ctrl Pts',(-0.84401959181372,5.82063438758995,102.924667785235));
#3471=CARTESIAN_POINT('Ctrl Pts',(-3.51885299975529,4.71273034572032,103.24130033557));
#3472=CARTESIAN_POINT('Ctrl Pts',(-5.34101682565617,2.46286276788165,103.557932885906));
#3473=CARTESIAN_POINT('Ctrl Pts',(-5.86897410620797,-0.38379250386161,103.874565436241));
#3474=CARTESIAN_POINT('Ctrl Pts',(-4.97479306541016,-3.13744923492113,104.191197986577));
#3475=CARTESIAN_POINT('Ctrl Pts',(-2.87514685624141,-5.13085609819701,104.507830536912));
#3476=CARTESIAN_POINT('Ctrl Pts',(-0.0788104845715099,-5.88098143619598,
104.824463087248));
#3477=CARTESIAN_POINT('Ctrl Pts',(2.73662282094146,-5.20605890105581,105.141095637584));
#3478=CARTESIAN_POINT('Ctrl Pts',(4.88893236507602,-3.26963210087497,105.457728187919));
#3479=CARTESIAN_POINT('Ctrl Pts',(5.59376102928211,-1.28206304077483,105.688360928356));
#3480=CARTESIAN_POINT('Ctrl Pts',(5.64380954192998,-0.17337736887118,105.813449485347));
#3481=CARTESIAN_POINT('Ctrl Pts',(5.64363461880871,-0.000135825186514688,
105.832993858894));
#3482=CARTESIAN_POINT('Ctrl Pts',(5.64346055418645,0.000144285180268162,
103.167006141106));
#3483=CARTESIAN_POINT('Ctrl Pts',(5.64369046115149,0.228970707620264,103.192819070128));
#3484=CARTESIAN_POINT('Ctrl Pts',(5.57421036898958,1.39307027553042,103.324151805907));
#3485=CARTESIAN_POINT('Ctrl Pts',(4.79052941503561,3.41198758314936,103.561004348445));
#3486=CARTESIAN_POINT('Ctrl Pts',(2.58282964126933,5.28392111864547,103.87756376872));
#3487=CARTESIAN_POINT('Ctrl Pts',(-0.250444471386669,5.87606236442728,104.194123188995));
#3488=CARTESIAN_POINT('Ctrl Pts',(-3.0230596725477,5.04499173042956,104.510682609271));
#3489=CARTESIAN_POINT('Ctrl Pts',(-5.06347460549875,2.9919987071114,104.827242029546));
#3490=CARTESIAN_POINT('Ctrl Pts',(-5.87749050376047,0.214328537746409,105.143801449821));
#3491=CARTESIAN_POINT('Ctrl Pts',(-5.26794861970804,-2.61525308220888,105.460360870096));
#3492=CARTESIAN_POINT('Ctrl Pts',(-3.38248306557598,-4.81140724268678,105.776920290371));
#3493=CARTESIAN_POINT('Ctrl Pts',(-0.677763088409797,-5.84221435244173,
106.093479710646));
#3494=CARTESIAN_POINT('Ctrl Pts',(2.19111452005374,-5.4580077412822,106.410039130921));
#3495=CARTESIAN_POINT('Ctrl Pts',(4.529293163548,-3.75184418420131,106.726598551196));
#3496=CARTESIAN_POINT('Ctrl Pts',(5.51859449051008,-1.66758333759702,106.978920887925));
#3497=CARTESIAN_POINT('Ctrl Pts',(5.64331618462815,-0.36611507751532,107.125723417895));
#3498=CARTESIAN_POINT('Ctrl Pts',(5.64311354870853,-8.74541487085739E-5,
107.167006141106));
#3499=CARTESIAN_POINT('Origin',(0.,0.,11.8329938588938));
#3500=CARTESIAN_POINT('',(5.64389714530492,7.4785059911144E-5,97.8329938588938));
#3501=CARTESIAN_POINT('',(5.6438124258667,-0.000103503106054156,99.1670061411063));
#3502=CARTESIAN_POINT('',(5.6435,-1.9445459673371E-13,11.8329938588938));
#3503=CARTESIAN_POINT('Ctrl Pts',(5.64389714530492,7.47850599115175E-5,
97.8329938588938));
#3504=CARTESIAN_POINT('Ctrl Pts',(5.64394678880866,0.0755656764628791,97.8415115658843));
#3505=CARTESIAN_POINT('Ctrl Pts',(5.62408236109785,1.08644936115718,97.9555734563201));
#3506=CARTESIAN_POINT('Ctrl Pts',(5.05215367436693,3.0112949035159,98.175179530201));
#3507=CARTESIAN_POINT('Ctrl Pts',(3.00332436428651,5.05689593607018,98.4918120805367));
#3508=CARTESIAN_POINT('Ctrl Pts',(0.226745605562811,5.87713707307545,98.8084446308721));
#3509=CARTESIAN_POINT('Ctrl Pts',(-2.6047769319258,5.27326188238999,99.1250771812078));
#3510=CARTESIAN_POINT('Ctrl Pts',(-4.80512389657613,3.39159816073679,99.4417097315434));
#3511=CARTESIAN_POINT('Ctrl Pts',(-5.84111901565851,0.688100566976153,99.7583422818789));
#3512=CARTESIAN_POINT('Ctrl Pts',(-5.46172550950468,-2.18213386486393,100.074974832214));
#3513=CARTESIAN_POINT('Ctrl Pts',(-3.75887597727236,-4.52360532461053,100.39160738255));
#3514=CARTESIAN_POINT('Ctrl Pts',(-1.14519578268888,-5.76894100894363,100.708239932886));
#3515=CARTESIAN_POINT('Ctrl Pts',(1.74598211056176,-5.61637785542945,101.024872483221));
#3516=CARTESIAN_POINT('Ctrl Pts',(4.21408298508874,-4.10288414900366,101.341505033557));
#3517=CARTESIAN_POINT('Ctrl Pts',(5.44508389773811,-1.96948388530354,101.610878825448));
#3518=CARTESIAN_POINT('Ctrl Pts',(5.64290211104653,-0.516753362214992,101.774708433893));
#3519=CARTESIAN_POINT('Ctrl Pts',(5.64304495800971,4.43602017708919E-5,
101.832993858894));
#3520=CARTESIAN_POINT('Ctrl Pts',(5.6438124258667,-0.000103503106054035,
99.1670061411062));
#3521=CARTESIAN_POINT('Ctrl Pts',(5.64311436908716,0.823364240681285,99.2599147223605));
#3522=CARTESIAN_POINT('Ctrl Pts',(5.25356502453345,2.58271437554959,99.458343110373));
#3523=CARTESIAN_POINT('Ctrl Pts',(3.49214240783323,4.73241722033251,99.762291305144));
#3524=CARTESIAN_POINT('Ctrl Pts',(0.811821494683246,5.82509890084771,100.078850725419));
#3525=CARTESIAN_POINT('Ctrl Pts',(-2.06512667050008,5.50691230896918,100.395410145694));
#3526=CARTESIAN_POINT('Ctrl Pts',(-4.44189076199176,3.85492383873135,100.711969565969));
#3527=CARTESIAN_POINT('Ctrl Pts',(-5.74280655421744,1.26925341233504,101.028528986244));
#3528=CARTESIAN_POINT('Ctrl Pts',(-5.65278569459315,-1.62383657887421,101.345088406519));
#3529=CARTESIAN_POINT('Ctrl Pts',(-4.19363168840859,-4.12362517766374,101.661647826795));
#3530=CARTESIAN_POINT('Ctrl Pts',(-1.71875898010552,-5.62465100359069,101.97820724707));
#3531=CARTESIAN_POINT('Ctrl Pts',(1.17240580395438,-5.76335804672424,102.294766667345));
#3532=CARTESIAN_POINT('Ctrl Pts',(3.77960800139986,-4.50615076308386,102.61132608762));
#3533=CARTESIAN_POINT('Ctrl Pts',(5.33342023318734,-2.34904253282004,102.902072578874));
#3534=CARTESIAN_POINT('Ctrl Pts',(5.64275063218036,-0.706441149637858,103.087299263369));
#3535=CARTESIAN_POINT('Ctrl Pts',(5.64346055418645,0.000144285180268162,
103.167006141106));
#3536=CARTESIAN_POINT('Origin',(0.,0.,11.8329938588938));
#3537=CARTESIAN_POINT('',(5.64334359275592,-0.000138745348075684,93.8329938588938));
#3538=CARTESIAN_POINT('',(5.64302652008085,-1.40605067333599E-5,95.1670061411062));
#3539=CARTESIAN_POINT('',(5.6435,-1.9445459673371E-13,11.8329938588938));
#3540=CARTESIAN_POINT('Ctrl Pts',(5.64334359275592,-0.000138745348075529,
93.8329938588938));
#3541=CARTESIAN_POINT('Ctrl Pts',(5.64272158775664,0.667605095504218,93.9083146978754));
#3542=CARTESIAN_POINT('Ctrl Pts',(5.35803049851116,2.27154892246018,94.0891797203023));
#3543=CARTESIAN_POINT('Ctrl Pts',(3.87149588071171,4.42760357202317,94.3755889261742));
#3544=CARTESIAN_POINT('Ctrl Pts',(1.28997451661939,5.7383028407215,94.6922214765098));
#3545=CARTESIAN_POINT('Ctrl Pts',(-1.60412655228174,5.65852734813793,95.0088540268453));
#3546=CARTESIAN_POINT('Ctrl Pts',(-4.10952428035864,4.20760786368015,95.325486577181));
#3547=CARTESIAN_POINT('Ctrl Pts',(-5.61912413033051,1.73712341337554,95.6421191275165));
#3548=CARTESIAN_POINT('Ctrl Pts',(-5.76712796478904,-1.15429146367294,95.9587516778521));
#3549=CARTESIAN_POINT('Ctrl Pts',(-4.51767228853375,-3.76600462543187,96.2753842281876));
#3550=CARTESIAN_POINT('Ctrl Pts',(-2.17351849833941,-5.46515974905916,96.5920167785233));
#3551=CARTESIAN_POINT('Ctrl Pts',(0.697310634549166,-5.84002668010212,96.9086493288587));
#3552=CARTESIAN_POINT('Ctrl Pts',(3.39917119519136,-4.79976967480121,97.2252818791943));
#3553=CARTESIAN_POINT('Ctrl Pts',(5.22683774331855,-2.65572933572432,97.5333967225395));
#3554=CARTESIAN_POINT('Ctrl Pts',(5.6433316487163,-0.859853268975945,97.7359673824392));
#3555=CARTESIAN_POINT('Ctrl Pts',(5.64389714530492,7.47850599115175E-5,
97.8329938588938));
#3556=CARTESIAN_POINT('Ctrl Pts',(5.64302652008085,-1.4060506733464E-5,
95.1670061411062));
#3557=CARTESIAN_POINT('Ctrl Pts',(5.64298434957228,0.483085989263386,95.221490567835));
#3558=CARTESIAN_POINT('Ctrl Pts',(5.4626833260394,1.90183518841911,95.3814948013222));
#3559=CARTESIAN_POINT('Ctrl Pts',(4.28727361930975,4.0261788655073,95.6470188415676));
#3560=CARTESIAN_POINT('Ctrl Pts',(1.84754357167559,5.58367388863706,95.9635782618428));
#3561=CARTESIAN_POINT('Ctrl Pts',(-1.03967082798607,5.78877499245925,96.2801376821178));
#3562=CARTESIAN_POINT('Ctrl Pts',(-3.67507172028813,4.59180565732319,96.5966971023929));
#3563=CARTESIAN_POINT('Ctrl Pts',(-5.42035174474173,2.28267788072746,96.913256522668));
#3564=CARTESIAN_POINT('Ctrl Pts',(-5.85279529516441,-0.579325967645349,
97.2298159429431));
#3565=CARTESIAN_POINT('Ctrl Pts',(-4.8676623670897,-3.30101415081878,97.5463753632182));
#3566=CARTESIAN_POINT('Ctrl Pts',(-2.70355711402107,-5.22318009215774,97.8629347834934));
#3567=CARTESIAN_POINT('Ctrl Pts',(0.115363279477427,-5.88026552611658,98.1794942037684));
#3568=CARTESIAN_POINT('Ctrl Pts',(2.90634210604558,-5.11312105337959,98.4960536240435));
#3569=CARTESIAN_POINT('Ctrl Pts',(4.99339024646783,-3.10755292639835,98.8126130443186));
#3570=CARTESIAN_POINT('Ctrl Pts',(5.61343598456449,-1.15884723479694,99.0362638833396));
#3571=CARTESIAN_POINT('Ctrl Pts',(5.64390717870161,-0.111879372160433,99.1543949156021));
#3572=CARTESIAN_POINT('Ctrl Pts',(5.6438124258667,-0.000103503106054035,
99.1670061411062));
#3573=CARTESIAN_POINT('Origin',(0.,0.,11.8329938588938));
#3574=CARTESIAN_POINT('',(5.64319703638979,0.000114997372510899,89.8329938588938));
#3575=CARTESIAN_POINT('',(5.64372769055498,0.000122349470388083,91.1670061411063));
#3576=CARTESIAN_POINT('',(5.6435,-1.9445459673371E-13,11.8329938588938));
#3577=CARTESIAN_POINT('Ctrl Pts',(5.64319703638979,0.000114997372510535,
89.8329938588939));
#3578=CARTESIAN_POINT('Ctrl Pts',(5.6434378124766,0.324430927164755,89.8695736464213));
#3579=CARTESIAN_POINT('Ctrl Pts',(5.53660248276333,1.58434335232682,90.0116976173939));
#3580=CARTESIAN_POINT('Ctrl Pts',(4.61099146813204,3.65115206834413,90.2593657718119));
#3581=CARTESIAN_POINT('Ctrl Pts',(2.31032887106179,5.4087460887805,90.5759983221474));
#3582=CARTESIAN_POINT('Ctrl Pts',(-0.550160224302598,5.85572177216059,90.892630872483));
#3583=CARTESIAN_POINT('Ctrl Pts',(-3.2773374454443,4.88377036868531,91.2092634228186));
#3584=CARTESIAN_POINT('Ctrl Pts',(-5.21036783805755,2.72840992841901,91.5258959731541));
#3585=CARTESIAN_POINT('Ctrl Pts',(-5.88084984713113,-0.088084169167603,
91.8425285234897));
#3586=CARTESIAN_POINT('Ctrl Pts',(-5.12631586902187,-2.8832341834084,92.1591610738253));
#3587=CARTESIAN_POINT('Ctrl Pts',(-3.12960052961347,-4.97973435741338,92.4757936241608));
#3588=CARTESIAN_POINT('Ctrl Pts',(-0.37453717858722,-5.86957201567678,92.7924261744965));
#3589=CARTESIAN_POINT('Ctrl Pts',(2.47128201235247,-5.33712647037555,93.109058724832));
#3590=CARTESIAN_POINT('Ctrl Pts',(4.71827340323232,-3.51141706974698,93.4256912751676));
#3591=CARTESIAN_POINT('Ctrl Pts',(5.55941257634035,-1.47154652747277,93.6670029865215));
#3592=CARTESIAN_POINT('Ctrl Pts',(5.64359317934584,-0.268078566364122,93.8027705144302));
#3593=CARTESIAN_POINT('Ctrl Pts',(5.64334359275592,-0.000138745348075529,
93.8329938588938));
#3594=CARTESIAN_POINT('Ctrl Pts',(5.64372769055498,0.000122349470388031,
91.1670061411063));
#3595=CARTESIAN_POINT('Ctrl Pts',(5.64386317830558,0.142474005966185,91.1830664133096));
#3596=CARTESIAN_POINT('Ctrl Pts',(5.60390958879726,1.22003401180376,91.3046464922712));
#3597=CARTESIAN_POINT('Ctrl Pts',(4.94222510391164,3.18829772232028,91.5317463779913));
#3598=CARTESIAN_POINT('Ctrl Pts',(2.82285705890603,5.15968113054201,91.8483057982664));
#3599=CARTESIAN_POINT('Ctrl Pts',(0.0197788263646586,5.88136379948686,92.1648652185415));
#3600=CARTESIAN_POINT('Ctrl Pts',(-2.78808993747208,5.17855055439781,92.4814246388166));
#3601=CARTESIAN_POINT('Ctrl Pts',(-4.92066928557255,3.22146630060132,92.7979840590917));
#3602=CARTESIAN_POINT('Ctrl Pts',(-5.86143776623068,0.484126694669488,93.1145434793668));
#3603=CARTESIAN_POINT('Ctrl Pts',(-5.38253651840029,-2.37047083339454,93.4311028996419));
#3604=CARTESIAN_POINT('Ctrl Pts',(-3.59995783468869,-4.65092839467032,93.7476623199169));
#3605=CARTESIAN_POINT('Ctrl Pts',(-0.945451244280349,-5.80490768992718,
94.0642217401922));
#3606=CARTESIAN_POINT('Ctrl Pts',(1.93804839609254,-5.55290912570069,94.3807811604671));
#3607=CARTESIAN_POINT('Ctrl Pts',(4.35214296043959,-3.95596802259361,94.6973405807424));
#3608=CARTESIAN_POINT('Ctrl Pts',(5.47805386171935,-1.84064038494016,94.9594155742886));
#3609=CARTESIAN_POINT('Ctrl Pts',(5.64306602105499,-0.452532259057215,95.1159707610766));
#3610=CARTESIAN_POINT('Ctrl Pts',(5.64302652008085,-1.4060506733464E-5,
95.1670061411062));
#3611=CARTESIAN_POINT('Origin',(0.,0.,11.8329938588938));
#3612=CARTESIAN_POINT('',(5.64397413164652,-2.00443775057645E-5,85.8329938588938));
#3613=CARTESIAN_POINT('',(5.64355617307386,-0.000142022428710128,87.1670061411063));
#3614=CARTESIAN_POINT('',(5.6435,-1.9445459673371E-13,11.8329938588938));
#3615=CARTESIAN_POINT('Ctrl Pts',(5.64397413164652,-2.00443775056182E-5,
85.8329938588938));
#3616=CARTESIAN_POINT('Ctrl Pts',(5.64378856684694,0.916207670893002,85.9363767784124));
#3617=CARTESIAN_POINT('Ctrl Pts',(5.18396790725999,2.76799676160118,86.145303881376));
#3618=CARTESIAN_POINT('Ctrl Pts',(3.25389540938615,4.89942021163075,86.4597751677851));
#3619=CARTESIAN_POINT('Ctrl Pts',(0.522091639847928,5.85829105328175,86.7764077181205));
#3620=CARTESIAN_POINT('Ctrl Pts',(-2.3362225751016,5.39761223365903,87.0930402684561));
#3621=CARTESIAN_POINT('Ctrl Pts',(-4.62843586830065,3.6290129730256,87.4096728187918));
#3622=CARTESIAN_POINT('Ctrl Pts',(-5.79911141110189,0.981050756580906,87.7263053691272));
#3623=CARTESIAN_POINT('Ctrl Pts',(-5.56457738605369,-1.90463441635921,88.0429379194629));
#3624=CARTESIAN_POINT('Ctrl Pts',(-3.98166481994976,-4.32879879492388,88.3595704697984));
#3625=CARTESIAN_POINT('Ctrl Pts',(-1.43393659428609,-5.70403187131061,88.6762030201339));
#3626=CARTESIAN_POINT('Ctrl Pts',(1.46125545456314,-5.6970945438767,88.9928355704697));
#3627=CARTESIAN_POINT('Ctrl Pts',(4.00236392055632,-4.30966782859063,89.3094681208051));
#3628=CARTESIAN_POINT('Ctrl Pts',(5.39211521341115,-2.15887648073976,89.5895208836133));
#3629=CARTESIAN_POINT('Ctrl Pts',(5.64274309779418,-0.611322457473703,89.7640294629762));
#3630=CARTESIAN_POINT('Ctrl Pts',(5.64319703638979,0.000114997372510535,
89.8329938588939));
#3631=CARTESIAN_POINT('Ctrl Pts',(5.64355617307386,-0.00014202242871025,
87.1670061411063));
#3632=CARTESIAN_POINT('Ctrl Pts',(5.642802019326,0.736982565301631,87.2501620655425));
#3633=CARTESIAN_POINT('Ctrl Pts',(5.31338380238831,2.41012762716647,87.438837796737));
#3634=CARTESIAN_POINT('Ctrl Pts',(3.70587241761448,4.56698379329851,87.7330333346901));
#3635=CARTESIAN_POINT('Ctrl Pts',(1.0785817782363,5.78165138101076,88.049592754965));
#3636=CARTESIAN_POINT('Ctrl Pts',(-1.80994679649674,5.59597390431175,88.3661521752403));
#3637=CARTESIAN_POINT('Ctrl Pts',(-4.26009714738088,4.054923382601,88.6827115955152));
#3638=CARTESIAN_POINT('Ctrl Pts',(-5.67843052745274,1.53175000857836,88.9992710157905));
#3639=CARTESIAN_POINT('Ctrl Pts',(-5.72141945337134,-1.36242092705266,89.3158304360654));
#3640=CARTESIAN_POINT('Ctrl Pts',(-4.37865179090938,-3.92660665687986,89.6323898563408));
#3641=CARTESIAN_POINT('Ctrl Pts',(-1.97535262626896,-5.53974849120239,89.9489492766157));
#3642=CARTESIAN_POINT('Ctrl Pts',(0.906386886703862,-5.81113535855931,90.2655086968909));
#3643=CARTESIAN_POINT('Ctrl Pts',(3.56859493373401,-4.67503599374538,90.5820681171659));
#3644=CARTESIAN_POINT('Ctrl Pts',(5.27525816904378,-2.52170484667138,90.8825672652378));
#3645=CARTESIAN_POINT('Ctrl Pts',(5.64297299157146,-0.792810221787319,91.0775466065512));
#3646=CARTESIAN_POINT('Ctrl Pts',(5.64372769055498,0.000122349470388031,
91.1670061411063));
#3647=CARTESIAN_POINT('Origin',(0.,0.,11.8329938588938));
#3648=CARTESIAN_POINT('',(5.6431191661646,-9.00894913043963E-5,81.8329938588939));
#3649=CARTESIAN_POINT('',(5.6430686044362,6.3395431101898E-5,83.1670061411063));
#3650=CARTESIAN_POINT('',(5.6435,-1.9445459673371E-13,11.8329938588938));
#3651=CARTESIAN_POINT('Ctrl Pts',(5.6431191661646,-9.00894913046305E-5,
81.8329938588938));
#3652=CARTESIAN_POINT('Ctrl Pts',(5.6427920066326,0.573046548889056,81.8976357269583));
#3653=CARTESIAN_POINT('Ctrl Pts',(5.41419889006485,2.08222870507247,82.0678217784678));
#3654=CARTESIAN_POINT('Ctrl Pts',(4.08931304930323,4.22725354457932,82.3435520134226));
#3655=CARTESIAN_POINT('Ctrl Pts',(1.57699087626664,5.66614979695489,82.6601845637583));
#3656=CARTESIAN_POINT('Ctrl Pts',(-1.31745926615139,5.73205502654954,82.9768171140936));
#3657=CARTESIAN_POINT('Ctrl Pts',(-3.89266974669575,4.40899943167605,83.2934496644294));
#3658=CARTESIAN_POINT('Ctrl Pts',(-5.52462937641786,2.01757874656254,83.6100822147648));
#3659=CARTESIAN_POINT('Ctrl Pts',(-5.81789045247843,-0.862730797132292,
83.9267147651005));
#3660=CARTESIAN_POINT('Ctrl Pts',(-4.7013915241232,-3.53398804217878,84.2433473154361));
#3661=CARTESIAN_POINT('Ctrl Pts',(-2.44567662222131,-5.34890826289628,84.5599798657715));
#3662=CARTESIAN_POINT('Ctrl Pts',(0.402661518963707,-5.86770972752623,84.8766124161073));
#3663=CARTESIAN_POINT('Ctrl Pts',(3.15342888094812,-4.96467924826594,85.1932449664427));
#3664=CARTESIAN_POINT('Ctrl Pts',(5.14007427304626,-2.85863432654967,85.5098775167783));
#3665=CARTESIAN_POINT('Ctrl Pts',(5.63921984281251,-0.973708215689067,85.7231271475954));
#3666=CARTESIAN_POINT('Ctrl Pts',(5.64397801095762,-0.0191741746616705,
85.8308325949672));
#3667=CARTESIAN_POINT('Ctrl Pts',(5.64397413164652,-2.00443775056182E-5,
85.8329938588938));
#3668=CARTESIAN_POINT('Ctrl Pts',(5.6430686044362,6.33954311018287E-5,83.1670061411063));
#3669=CARTESIAN_POINT('Ctrl Pts',(5.6432261529438,0.396680564140649,83.211737911017));
#3670=CARTESIAN_POINT('Ctrl Pts',(5.50474735131299,1.72878757507171,83.3619894876861));
#3671=CARTESIAN_POINT('Ctrl Pts',(4.4677179538525,3.82496112773855,83.6177608711137));
#3672=CARTESIAN_POINT('Ctrl Pts',(2.10211865835455,5.49289800470432,83.9343202913888));
#3673=CARTESIAN_POINT('Ctrl Pts',(-0.772624356479716,5.8304273383399,84.2508797116638));
#3674=CARTESIAN_POINT('Ctrl Pts',(-3.46023386343869,4.7557978252023,84.5674391319391));
#3675=CARTESIAN_POINT('Ctrl Pts',(-5.30975731278972,2.52929014214722,84.8839985522141));
#3676=CARTESIAN_POINT('Ctrl Pts',(-5.87323081616723,-0.309824343637795,
85.2005579724892));
#3677=CARTESIAN_POINT('Ctrl Pts',(-5.01417825500536,-3.07389781400073,85.5171173927643));
#3678=CARTESIAN_POINT('Ctrl Pts',(-2.94066648335964,-5.09345776241762,85.8336768130394));
#3679=CARTESIAN_POINT('Ctrl Pts',(-0.154910488622718,-5.87935660462959,
86.1502362333144));
#3680=CARTESIAN_POINT('Ctrl Pts',(2.66836560614664,-5.2412456855046,86.4667956535897));
#3681=CARTESIAN_POINT('Ctrl Pts',(4.8453501208175,-3.333678681364,86.7833550738646));
#3682=CARTESIAN_POINT('Ctrl Pts',(5.58518240424577,-1.33187229707282,87.0167585697036));
#3683=CARTESIAN_POINT('Ctrl Pts',(5.64375899452988,-0.198383670856394,87.1446422587841));
#3684=CARTESIAN_POINT('Ctrl Pts',(5.64355617307386,-0.00014202242871025,
87.1670061411063));
#3685=CARTESIAN_POINT('Origin',(0.,0.,11.8329938588938));
#3686=CARTESIAN_POINT('',(5.64345826078554,0.000144434700671995,77.8329938588938));
#3687=CARTESIAN_POINT('',(5.64393219260397,5.6781130000072E-5,79.1670061411062));
#3688=CARTESIAN_POINT('',(5.6435,-1.9445459673371E-13,11.8329938588938));
#3689=CARTESIAN_POINT('Ctrl Pts',(5.64345826078554,0.000144434700672415,
77.8329938588938));
#3690=CARTESIAN_POINT('Ctrl Pts',(5.6436889125247,0.229750225450165,77.8588946755041));
#3691=CARTESIAN_POINT('Ctrl Pts',(5.57391211851666,1.39484576180289,77.9903396755596));
#3692=CARTESIAN_POINT('Ctrl Pts',(4.78881522609615,3.41458672106447,78.2273288590602));
#3693=CARTESIAN_POINT('Ctrl Pts',(2.57947606594791,5.28568415350009,78.5439614093958));
#3694=CARTESIAN_POINT('Ctrl Pts',(-0.254907896921184,5.87598295687174,78.8605939597313));
#3695=CARTESIAN_POINT('Ctrl Pts',(-3.0275239456598,5.04244509179987,79.177226510067));
#3696=CARTESIAN_POINT('Ctrl Pts',(-5.0665266330152,2.98704898224114,79.4938590604025));
#3697=CARTESIAN_POINT('Ctrl Pts',(-5.87783576600168,0.207847187307124,79.8104916107381));
#3698=CARTESIAN_POINT('Ctrl Pts',(-5.26485926777562,-2.62171902306047,80.1271241610736));
#3699=CARTESIAN_POINT('Ctrl Pts',(-3.37613031507944,-4.8160043439517,80.4437567114092));
#3700=CARTESIAN_POINT('Ctrl Pts',(-0.669315575658429,-5.84330132763502,
80.7603892617447));
#3701=CARTESIAN_POINT('Ctrl Pts',(2.19968412351789,-5.45468087995104,81.0770218120803));
#3702=CARTESIAN_POINT('Ctrl Pts',(4.53566816607198,-3.74431142303114,81.3936543624159));
#3703=CARTESIAN_POINT('Ctrl Pts',(5.52006993048579,-1.66104904511986,81.6456450446871));
#3704=CARTESIAN_POINT('Ctrl Pts',(5.64332617723589,-0.362743834521688,81.7920915435131));
#3705=CARTESIAN_POINT('Ctrl Pts',(5.6431191661646,-9.00894913046305E-5,
81.8329938588938));
#3706=CARTESIAN_POINT('Ctrl Pts',(5.64393219260397,5.67811300000026E-5,
79.1670061411063));
#3707=CARTESIAN_POINT('Ctrl Pts',(5.64396137325273,0.0559590245405223,79.1733137564916));
#3708=CARTESIAN_POINT('Ctrl Pts',(5.62954109371291,1.04703223424634,79.2851411786353));
#3709=CARTESIAN_POINT('Ctrl Pts',(5.08348382778403,2.95787483111526,79.5024884075373));
#3710=CARTESIAN_POINT('Ctrl Pts',(3.0569231818396,5.02454495494056,79.8190478278124));
#3711=CARTESIAN_POINT('Ctrl Pts',(0.289960355294456,5.87424500138056,80.1356072480876));
#3712=CARTESIAN_POINT('Ctrl Pts',(-2.54723232871756,5.30117334251796,80.4521666683626));
#3713=CARTESIAN_POINT('Ctrl Pts',(-4.76747252210658,3.44413081848609,80.7687260886378));
#3714=CARTESIAN_POINT('Ctrl Pts',(-5.83300687522735,0.752902475382822,81.0852855089128));
#3715=CARTESIAN_POINT('Ctrl Pts',(-5.48575760475757,-2.12068263673079,81.401844929188));
#3716=CARTESIAN_POINT('Ctrl Pts',(-3.80983023176343,-4.48062774051007,81.7184043494631));
#3717=CARTESIAN_POINT('Ctrl Pts',(-1.21114280118138,-5.75534225385715,82.0349637697382));
#3718=CARTESIAN_POINT('Ctrl Pts',(1.68088951171266,-5.63608390580742,82.3515231900132));
#3719=CARTESIAN_POINT('Ctrl Pts',(4.16580192469742,-4.15173766850391,82.6680826102884));
#3720=CARTESIAN_POINT('Ctrl Pts',(5.43317766946928,-2.01366021650311,82.9399102606527));
#3721=CARTESIAN_POINT('Ctrl Pts',(5.6428545046028,-0.538917716069811,83.1062181042587));
#3722=CARTESIAN_POINT('Ctrl Pts',(5.6430686044362,6.33954311018287E-5,83.1670061411063));
#3723=CARTESIAN_POINT('Origin',(0.,0.,11.8329938588938));
#3724=CARTESIAN_POINT('',(5.64380747643548,-0.00010502239715902,73.8329938588938));
#3725=CARTESIAN_POINT('',(5.64329664947301,-0.000133298842409368,75.1670061411063));
#3726=CARTESIAN_POINT('',(5.6435,-1.9445459673371E-13,11.8329938588938));
#3727=CARTESIAN_POINT('Ctrl Pts',(5.64380747643548,-0.000105022397159163,
73.8329938588938));
#3728=CARTESIAN_POINT('Ctrl Pts',(5.64310359804788,0.821551088385855,73.9256978074952));
#3729=CARTESIAN_POINT('Ctrl Pts',(5.25482311439034,2.57931268535852,74.1239459395416));
#3730=CARTESIAN_POINT('Ctrl Pts',(3.49622786229531,4.72953956324188,74.4277382550335));
#3731=CARTESIAN_POINT('Ctrl Pts',(0.816115781580994,5.82461232842276,74.7443708053689));
#3732=CARTESIAN_POINT('Ctrl Pts',(-2.06175309727912,5.50829628026852,75.0610033557046));
#3733=CARTESIAN_POINT('Ctrl Pts',(-4.44002902586529,3.85723942669285,75.3776359060401));
#3734=CARTESIAN_POINT('Ctrl Pts',(-5.74242093940552,1.27151700737235,75.6942684563757));
#3735=CARTESIAN_POINT('Ctrl Pts',(-5.65334021608217,-1.62231259213138,76.0109010067112));
#3736=CARTESIAN_POINT('Ctrl Pts',(-4.19437241889812,-4.12303210719328,76.3275335570468));
#3737=CARTESIAN_POINT('Ctrl Pts',(-1.71904679784544,-5.62468060001432,76.6441661073824));
#3738=CARTESIAN_POINT('Ctrl Pts',(1.17282902144779,-5.76338666339592,76.960798657718));
#3739=CARTESIAN_POINT('Ctrl Pts',(3.78051120389609,-4.50553978814705,77.2774312080535));
#3740=CARTESIAN_POINT('Ctrl Pts',(5.33374511291145,-2.34813441229514,77.5681629417788));
#3741=CARTESIAN_POINT('Ctrl Pts',(5.6427490213299,-0.705878795965885,77.7533504920589));
#3742=CARTESIAN_POINT('Ctrl Pts',(5.64345826078554,0.000144434700672415,
77.8329938588938));
#3743=CARTESIAN_POINT('Ctrl Pts',(5.64329664947301,-0.000133298842409507,
75.1670061411063));
#3744=CARTESIAN_POINT('Ctrl Pts',(5.64272165504355,0.650626204200666,75.2404094087245));
#3745=CARTESIAN_POINT('Ctrl Pts',(5.3685515599499,2.23734764259862,75.419332483101));
#3746=CARTESIAN_POINT('Ctrl Pts',(3.91177638549814,4.39190583388875,75.7037753642361));
#3747=CARTESIAN_POINT('Ctrl Pts',(1.34306431845799,5.72599420016926,76.0203347845111));
#3748=CARTESIAN_POINT('Ctrl Pts',(-1.55094468635962,5.67321795136938,76.3368942047863));
#3749=CARTESIAN_POINT('Ctrl Pts',(-4.06930708200054,4.24635976057932,76.6534536250613));
#3750=CARTESIAN_POINT('Ctrl Pts',(-5.60206282093967,1.79101186320262,76.9700130453365));
#3751=CARTESIAN_POINT('Ctrl Pts',(-5.77797074861325,-1.09812812187675,77.2865724656115));
#3752=CARTESIAN_POINT('Ctrl Pts',(-4.55442507956747,-3.72129594879174,77.6031318858867));
#3753=CARTESIAN_POINT('Ctrl Pts',(-2.22777473313657,-5.4431471670611,77.9196913061618));
#3754=CARTESIAN_POINT('Ctrl Pts',(0.63845386638896,-5.846640745281,78.2362507264369));
#3755=CARTESIAN_POINT('Ctrl Pts',(3.35004572603972,-4.83404850796204,78.552810146712));
#3756=CARTESIAN_POINT('Ctrl Pts',(5.21237727156323,-2.69413126232289,78.8630619516018));
#3757=CARTESIAN_POINT('Ctrl Pts',(5.6434732115259,-0.879227026240304,79.0677939497332));
#3758=CARTESIAN_POINT('Ctrl Pts',(5.64393219260397,5.67811300000026E-5,
79.1670061411063));
#3759=CARTESIAN_POINT('Origin',(0.,0.,11.8329938588938));
#3760=CARTESIAN_POINT('',(5.64302497825963,-9.72587964892866E-6,69.8329938588938));
#3761=CARTESIAN_POINT('',(5.64323083085538,0.000122371724069759,71.1670061411062));
#3762=CARTESIAN_POINT('',(5.6435,-1.9445459673371E-13,11.8329938588938));
#3763=CARTESIAN_POINT('Ctrl Pts',(5.64302497825963,-9.72587964880034E-6,
69.8329938588938));
#3764=CARTESIAN_POINT('Ctrl Pts',(5.64299610737292,0.478466408942033,69.886956756041));
#3765=CARTESIAN_POINT('Ctrl Pts',(5.46501683048086,1.892798727619,70.0464638366334));
#3766=CARTESIAN_POINT('Ctrl Pts',(4.29677641781417,4.0162004632085,70.311515100671));
#3767=CARTESIAN_POINT('Ctrl Pts',(1.86001442634799,5.57965053378232,70.6281476510066));
#3768=CARTESIAN_POINT('Ctrl Pts',(-1.02745628287767,5.79106961900263,70.9447802013421));
#3769=CARTESIAN_POINT('Ctrl Pts',(-3.66595929741781,4.59922778029487,71.2614127516777));
#3770=CARTESIAN_POINT('Ctrl Pts',(-5.41614672101825,2.29292573838826,71.5780453020132));
#3771=CARTESIAN_POINT('Ctrl Pts',(-5.85392252605916,-0.568985768062011,
71.8946778523488));
#3772=CARTESIAN_POINT('Ctrl Pts',(-4.87320722790802,-3.2930236955153,72.2113104026844));
#3773=CARTESIAN_POINT('Ctrl Pts',(-2.71164249657305,-5.21911378647172,72.52794295302));
#3774=CARTESIAN_POINT('Ctrl Pts',(0.106992897946073,-5.88053622258627,72.8445755033555));
#3775=CARTESIAN_POINT('Ctrl Pts',(2.8997023473975,-5.11701866733527,73.1612080536912));
#3776=CARTESIAN_POINT('Ctrl Pts',(4.98977147945859,-3.11357259882304,73.4778406040267));
#3777=CARTESIAN_POINT('Ctrl Pts',(5.61281349483307,-1.16312564828307,73.7017692057609));
#3778=CARTESIAN_POINT('Ctrl Pts',(5.64390496919533,-0.113910934470214,73.82015362405));
#3779=CARTESIAN_POINT('Ctrl Pts',(5.64380747643548,-0.000105022397159163,
73.8329938588938));
#3780=CARTESIAN_POINT('Ctrl Pts',(5.64323083085538,0.000122371724069759,
71.1670061411062));
#3781=CARTESIAN_POINT('Ctrl Pts',(5.64347802837218,0.310241426157236,71.201985254199));
#3782=CARTESIAN_POINT('Ctrl Pts',(5.54253059393105,1.55572243372219,71.3424841740502));
#3783=CARTESIAN_POINT('Ctrl Pts',(4.63872738509758,3.61566585716001,71.5885029006597));
#3784=CARTESIAN_POINT('Ctrl Pts',(2.35225450189709,5.39052224762979,71.9050623209348));
#3785=CARTESIAN_POINT('Ctrl Pts',(-0.503946260917425,5.85976701840562,72.22162174121));
#3786=CARTESIAN_POINT('Ctrl Pts',(-3.23808870289961,4.90974672422529,72.538181161485));
#3787=CARTESIAN_POINT('Ctrl Pts',(-5.18794976324676,2.77056106193581,72.8547405817601));
#3788=CARTESIAN_POINT('Ctrl Pts',(-5.88126327919558,-0.0396684342095986,
73.1713000020353));
#3789=CARTESIAN_POINT('Ctrl Pts',(-5.15010522763093,-2.84029003593215,73.4878594223103));
#3790=CARTESIAN_POINT('Ctrl Pts',(-3.17156576867146,-4.95297909534033,73.8044188425855));
#3791=CARTESIAN_POINT('Ctrl Pts',(-0.424857117567056,-5.86603168876026,
74.1209782628605));
#3792=CARTESIAN_POINT('Ctrl Pts',(2.42475406578259,-5.35830188253311,74.4375376831357));
#3793=CARTESIAN_POINT('Ctrl Pts',(4.68707761024382,-3.55276439120834,74.7540971034107));
#3794=CARTESIAN_POINT('Ctrl Pts',(5.55281968371589,-1.50492518733557,74.9972532560676));
#3795=CARTESIAN_POINT('Ctrl Pts',(5.64354822997751,-0.284863716553411,75.1348896019661));
#3796=CARTESIAN_POINT('Ctrl Pts',(5.64329664947301,-0.000133298842409507,
75.1670061411063));
#3797=CARTESIAN_POINT('Origin',(0.,0.,11.8329938588938));
#3798=CARTESIAN_POINT('',(5.64374947443594,0.00011838698679157,65.8329938588938));
#3799=CARTESIAN_POINT('',(5.64396474834189,-3.17273257775634E-5,67.1670061411063));
#3800=CARTESIAN_POINT('',(5.6435,-1.9445459673371E-13,11.8329938588938));
#3801=CARTESIAN_POINT('Ctrl Pts',(5.64374947443594,0.000118386986791095,
65.8329938588938));
#3802=CARTESIAN_POINT('Ctrl Pts',(5.64387515762618,0.135037067003625,65.8482157045869));
#3803=CARTESIAN_POINT('Ctrl Pts',(5.60626524119619,1.20537564746075,65.9689817337252));
#3804=CARTESIAN_POINT('Ctrl Pts',(4.95451410272288,3.16937592457574,66.1952919463086));
#3805=CARTESIAN_POINT('Ctrl Pts',(2.84209224225516,5.14923930613767,66.5119244966441));
#3806=CARTESIAN_POINT('Ctrl Pts',(0.0409898360262885,5.88136664209115,66.8285570469797));
#3807=CARTESIAN_POINT('Ctrl Pts',(-2.77004500737881,5.18835276387947,67.1451895973153));
#3808=CARTESIAN_POINT('Ctrl Pts',(-4.90985740448115,3.23812507680321,67.4618221476509));
#3809=CARTESIAN_POINT('Ctrl Pts',(-5.85993949422207,0.503252292013161,67.7784546979864));
#3810=CARTESIAN_POINT('Ctrl Pts',(-5.39007248132366,-2.35356588848441,68.095087248322));
#3811=CARTESIAN_POINT('Ctrl Pts',(-3.61411201975351,-4.64008060857065,68.4117197986575));
#3812=CARTESIAN_POINT('Ctrl Pts',(-0.962399321432924,-5.80223588726498,
68.7283523489932));
#3813=CARTESIAN_POINT('Ctrl Pts',(1.92251681767349,-5.55842449180724,69.0449848993286));
#3814=CARTESIAN_POINT('Ctrl Pts',(4.34157899484799,-3.96772549162045,69.3616174496643));
#3815=CARTESIAN_POINT('Ctrl Pts',(5.47563283185975,-1.85054288187863,69.6242871028526));
#3816=CARTESIAN_POINT('Ctrl Pts',(5.64305257495202,-0.457368685493509,69.7814125725958));
#3817=CARTESIAN_POINT('Ctrl Pts',(5.64302497825963,-9.72587964880034E-6,
69.8329938588938));
#3818=CARTESIAN_POINT('Ctrl Pts',(5.6439647483419,-3.1727325777494E-5,67.1670061411063));
#3819=CARTESIAN_POINT('Ctrl Pts',(5.6436835468083,0.904606914505083,67.269080906432));
#3820=CARTESIAN_POINT('Ctrl Pts',(5.19300927193458,2.74468608468995,67.476675478516));
#3821=CARTESIAN_POINT('Ctrl Pts',(3.28453371046147,4.87879797170668,67.7897898573584));
#3822=CARTESIAN_POINT('Ctrl Pts',(0.559529547469627,5.85472100354879,68.1063492776336));
#3823=CARTESIAN_POINT('Ctrl Pts',(-2.30099548811666,5.41260114063043,68.4229086979086));
#3824=CARTESIAN_POINT('Ctrl Pts',(-4.60420783522093,3.65952203900688,68.7394681181838));
#3825=CARTESIAN_POINT('Ctrl Pts',(-5.79225787095664,1.02008828060506,69.0560275384588));
#3826=CARTESIAN_POINT('Ctrl Pts',(-5.57739389703213,-1.86641599361873,69.372586958734));
#3827=CARTESIAN_POINT('Ctrl Pts',(-4.01165704937494,-4.30086492023258,69.689146379009));
#3828=CARTESIAN_POINT('Ctrl Pts',(-1.47427667307932,-5.69362271625905,70.0057057992842));
#3829=CARTESIAN_POINT('Ctrl Pts',(1.42018093369476,-5.7073564335388,70.3222652195593));
#3830=CARTESIAN_POINT('Ctrl Pts',(3.97066357034144,-4.33873969662279,70.6388246398344));
#3831=CARTESIAN_POINT('Ctrl Pts',(5.38387617598017,-2.18660568259632,70.9204049470167));
#3832=CARTESIAN_POINT('Ctrl Pts',(5.64273231952201,-0.625279797867702,71.0964654474407));
#3833=CARTESIAN_POINT('Ctrl Pts',(5.64323083085538,0.000122371724069759,
71.1670061411062));
#3834=CARTESIAN_POINT('Origin',(0.,0.,11.8329938588938));
#3835=CARTESIAN_POINT('',(5.64352414503039,-0.000143615600342494,61.8329938588938));
#3836=CARTESIAN_POINT('',(5.64310487574041,-8.35696511020112E-5,63.1670061411063));
#3837=CARTESIAN_POINT('',(5.6435,-1.9445459673371E-13,11.8329938588938));
#3838=CARTESIAN_POINT('Ctrl Pts',(5.64352414503039,-0.00014361560034256,
61.8329938588938));
#3839=CARTESIAN_POINT('Ctrl Pts',(5.64278113331686,0.726967711612039,61.9150188365779));
#3840=CARTESIAN_POINT('Ctrl Pts',(5.31997775727819,2.39031722143741,62.1025879977073));
#3841=CARTESIAN_POINT('Ctrl Pts',(3.72970815742492,4.54768411455745,62.3957013422818));
#3842=CARTESIAN_POINT('Ctrl Pts',(1.10807358612172,5.77618617022507,62.7123338926173));
#3843=CARTESIAN_POINT('Ctrl Pts',(-1.78206343231822,5.60503377943027,63.0289664429529));
#3844=CARTESIAN_POINT('Ctrl Pts',(-4.24038039970445,4.0756996713647,63.3455989932884));
#3845=CARTESIAN_POINT('Ctrl Pts',(-5.6711911361225,1.55876388299375,63.6622315436241));
#3846=CARTESIAN_POINT('Ctrl Pts',(-5.72778925949677,-1.33588320752735,63.9788640939595));
#3847=CARTESIAN_POINT('Ctrl Pts',(-4.39646021619143,-3.90682624553562,64.2954966442953));
#3848=CARTESIAN_POINT('Ctrl Pts',(-1.9998045180758,-5.53108810586522,64.6121291946306));
#3849=CARTESIAN_POINT('Ctrl Pts',(0.881433082923968,-5.81508636786139,64.9287617449664));
#3850=CARTESIAN_POINT('Ctrl Pts',(3.54908654771062,-4.69000409618367,65.2453942953018));
#3851=CARTESIAN_POINT('Ctrl Pts',(5.26984275620458,-2.53718678747077,65.5468049999444));
#3852=CARTESIAN_POINT('Ctrl Pts',(5.64300370419311,-0.800452767870169,65.7426715211417));
#3853=CARTESIAN_POINT('Ctrl Pts',(5.64374947443594,0.000118386986791095,
65.8329938588938));
#3854=CARTESIAN_POINT('Ctrl Pts',(5.64310487574041,-8.35696511020806E-5,
63.1670061411063));
#3855=CARTESIAN_POINT('Ctrl Pts',(5.64280691997651,0.564268355946032,63.2306567519065));
#3856=CARTESIAN_POINT('Ctrl Pts',(5.41916981101839,2.06443229894425,63.3998271694651));
#3857=CARTESIAN_POINT('Ctrl Pts',(4.10941948456684,4.20755307081794,63.6745173937821));
#3858=CARTESIAN_POINT('Ctrl Pts',(1.60471058250954,5.65824489486526,63.9910768140572));
#3859=CARTESIAN_POINT('Ctrl Pts',(-1.2886672993839,5.73848132656939,64.3076362343323));
#3860=CARTESIAN_POINT('Ctrl Pts',(-3.86992347530813,4.4288286983294,64.6241956546074));
#3861=CARTESIAN_POINT('Ctrl Pts',(-5.51386470759947,2.04649146838583,64.9407550748826));
#3862=CARTESIAN_POINT('Ctrl Pts',(-5.82232015559082,-0.831516295503505,
65.2573144951576));
#3863=CARTESIAN_POINT('Ctrl Pts',(-4.7205803572755,-3.50812662747395,65.5738739154327));
#3864=CARTESIAN_POINT('Ctrl Pts',(-2.47549223702938,-5.3350510333355,65.8904333357079));
#3865=CARTESIAN_POINT('Ctrl Pts',(0.369172562554048,-5.8697992268002,66.2069927559829));
#3866=CARTESIAN_POINT('Ctrl Pts',(3.12442190938526,-4.98285250394193,66.5235521762581));
#3867=CARTESIAN_POINT('Ctrl Pts',(5.12292054407284,-2.88903382517467,66.8401115965331));
#3868=CARTESIAN_POINT('Ctrl Pts',(5.63630076019755,-0.996260726799631,67.0545962514826));
#3869=CARTESIAN_POINT('Ctrl Pts',(5.64397423894352,-0.0305634419248967,
67.1635610996736));
#3870=CARTESIAN_POINT('Ctrl Pts',(5.6439647483419,-3.1727325777494E-5,67.1670061411063));
#3871=CARTESIAN_POINT('Origin',(0.,0.,11.8329938588938));
#3872=CARTESIAN_POINT('',(5.64308539259224,7.39927246013747E-5,57.8329938588938));
#3873=CARTESIAN_POINT('',(5.64347666946605,0.00014432507915163,59.1670061411062));
#3874=CARTESIAN_POINT('',(5.6435,-1.9445459673371E-13,11.8329938588938));
#3875=CARTESIAN_POINT('Ctrl Pts',(5.64308539259224,7.39927246014294E-5,
57.8329938588938));
#3876=CARTESIAN_POINT('Ctrl Pts',(5.64326393113894,0.383850481011455,57.8762777851238));
#3877=CARTESIAN_POINT('Ctrl Pts',(5.51060474593561,1.70331165736085,58.0251058947989));
#3878=CARTESIAN_POINT('Ctrl Pts',(4.49336070627302,3.79497869673621,58.2794781879194));
#3879=CARTESIAN_POINT('Ctrl Pts',(2.13832857480475,5.47902406013456,58.5961107382549));
#3880=CARTESIAN_POINT('Ctrl Pts',(-0.734851865862932,5.83542170546379,58.9127432885905));
#3881=CARTESIAN_POINT('Ctrl Pts',(-3.42996694450195,4.77781126720009,59.229375838926));
#3882=CARTESIAN_POINT('Ctrl Pts',(-5.29395083318066,2.56246723320043,59.5460083892617));
#3883=CARTESIAN_POINT('Ctrl Pts',(-5.87513295532175,-0.273800114412469,
59.8626409395972));
#3884=CARTESIAN_POINT('Ctrl Pts',(-5.03268437683508,-3.04372168709956,60.1792734899328));
#3885=CARTESIAN_POINT('Ctrl Pts',(-2.97074271795054,-5.0761049485904,60.4959060402683));
#3886=CARTESIAN_POINT('Ctrl Pts',(-0.188946620178786,-5.87847368966496,
60.8125385906039));
#3887=CARTESIAN_POINT('Ctrl Pts',(2.63863400899199,-5.256402221287,61.1291711409395));
#3888=CARTESIAN_POINT('Ctrl Pts',(4.82683500003577,-3.36062756457627,61.445803691275));
#3889=CARTESIAN_POINT('Ctrl Pts',(5.58155371514489,-1.35258733952238,61.6804112639265));
#3890=CARTESIAN_POINT('Ctrl Pts',(5.64373719044493,-0.208629876721532,61.8094746531327));
#3891=CARTESIAN_POINT('Ctrl Pts',(5.64352414503039,-0.00014361560034256,
61.8329938588938));
#3892=CARTESIAN_POINT('Ctrl Pts',(5.64347666946605,0.000144325079151665,
59.1670061411062));
#3893=CARTESIAN_POINT('Ctrl Pts',(5.64370263053327,0.22376994751094,59.192232597381));
#3894=CARTESIAN_POINT('Ctrl Pts',(5.57611243112982,1.38266400174165,59.3229788604142));
#3895=CARTESIAN_POINT('Ctrl Pts',(4.79994077622679,3.39873504242423,59.5592449302057));
#3896=CARTESIAN_POINT('Ctrl Pts',(2.59742286674329,5.27676281399931,59.8758043504809));
#3897=CARTESIAN_POINT('Ctrl Pts',(-0.234203934289618,5.87673207327424,60.1923637707559));
#3898=CARTESIAN_POINT('Ctrl Pts',(-3.00910536365358,5.05332724591613,60.5089231910311));
#3899=CARTESIAN_POINT('Ctrl Pts',(-5.05518632865583,3.00598112543277,60.8254826113061));
#3900=CARTESIAN_POINT('Ctrl Pts',(-5.87687572133625,0.230571246809591,61.1420420315813));
#3901=CARTESIAN_POINT('Ctrl Pts',(-5.27515623510004,-2.60068414829101,61.4586014518564));
#3902=CARTESIAN_POINT('Ctrl Pts',(-3.39576735805922,-4.80204075303684,61.7751608721315));
#3903=CARTESIAN_POINT('Ctrl Pts',(-0.693906535483008,-5.84031891799591,
62.0917202924065));
#3904=CARTESIAN_POINT('Ctrl Pts',(2.17602194252428,-5.46404244580328,62.4082797126818));
#3905=CARTESIAN_POINT('Ctrl Pts',(4.51890695380288,-3.76434739188069,62.7248391329567));
#3906=CARTESIAN_POINT('Ctrl Pts',(5.51627755396578,-1.67799054789127,62.9777479424317));
#3907=CARTESIAN_POINT('Ctrl Pts',(5.64330087021883,-0.371312707362219,63.1251369451482));
#3908=CARTESIAN_POINT('Ctrl Pts',(5.64310487574041,-8.35696511020806E-5,
63.1670061411063));
#3909=CARTESIAN_POINT('Origin',(0.,0.,11.8329938588938));
#3910=CARTESIAN_POINT('',(5.64395464929062,4.15744153462495E-5,53.8329938588938));
#3911=CARTESIAN_POINT('',(5.64379874837171,-0.000107081399459974,55.1670061411062));
#3912=CARTESIAN_POINT('',(5.6435,-1.9445459673371E-13,11.8329938588938));
#3913=CARTESIAN_POINT('Ctrl Pts',(5.64395464929062,4.15744153464551E-5,
53.8329938588938));
#3914=CARTESIAN_POINT('Ctrl Pts',(5.64397063084024,0.0403030570856495,53.8375367336697));
#3915=CARTESIAN_POINT('Ctrl Pts',(5.6337473751963,1.01594765051192,53.9476237918907));
#3916=CARTESIAN_POINT('Ctrl Pts',(5.10766856225614,2.91614053219327,54.1632550335569));
#3917=CARTESIAN_POINT('Ctrl Pts',(3.09751247769605,4.99975701368351,54.4798875838925));
#3918=CARTESIAN_POINT('Ctrl Pts',(0.336783786122622,5.87185919677618,54.7965201342281));
#3919=CARTESIAN_POINT('Ctrl Pts',(-2.50555254582996,5.32112395884976,55.1131526845637));
#3920=CARTESIAN_POINT('Ctrl Pts',(-4.74075682589449,3.48100250834366,55.4297852348992));
#3921=CARTESIAN_POINT('Ctrl Pts',(-5.82720634366201,0.797383203827002,55.7464177852348));
#3922=CARTESIAN_POINT('Ctrl Pts',(-5.50163848023715,-2.07945372108492,56.0630503355704));
#3923=CARTESIAN_POINT('Ctrl Pts',(-3.84294309377875,-4.45240857551711,56.3796828859059));
#3924=CARTESIAN_POINT('Ctrl Pts',(-1.25304635227469,-5.74647966884173,56.6963154362415));
#3925=CARTESIAN_POINT('Ctrl Pts',(1.64048185935502,-5.64809463575878,57.0129479865771));
#3926=CARTESIAN_POINT('Ctrl Pts',(4.13649730717816,-4.18109360969924,57.3295805369126));
#3927=CARTESIAN_POINT('Ctrl Pts',(5.42599143109103,-2.03998972154527,57.6029291610183));
#3928=CARTESIAN_POINT('Ctrl Pts',(5.64282858003367,-0.551955939747954,57.7707336016786));
#3929=CARTESIAN_POINT('Ctrl Pts',(5.64308539259224,7.39927246014294E-5,
57.8329938588938));
#3930=CARTESIAN_POINT('Ctrl Pts',(5.64379874837171,-0.000107081399460009,
55.1670061411062));
#3931=CARTESIAN_POINT('Ctrl Pts',(5.64308774125754,0.818168375065631,55.2593282496139));
#3932=CARTESIAN_POINT('Ctrl Pts',(5.25729555236735,2.57234257959549,55.4571701648801));
#3933=CARTESIAN_POINT('Ctrl Pts',(3.50520797805343,4.72274796855365,55.7605318869045));
#3934=CARTESIAN_POINT('Ctrl Pts',(0.827917128086705,5.82283303666759,56.0770913071797));
#3935=CARTESIAN_POINT('Ctrl Pts',(-2.0498994173354,5.51259863609668,56.3936507274547));
#3936=CARTESIAN_POINT('Ctrl Pts',(-4.43122000642344,3.86718510011606,56.7102101477299));
#3937=CARTESIAN_POINT('Ctrl Pts',(-5.73927680695168,1.28511986875675,57.0267695680049));
#3938=CARTESIAN_POINT('Ctrl Pts',(-5.65725187818348,-1.60820786301913,57.3433289882801));
#3939=CARTESIAN_POINT('Ctrl Pts',(-4.20501207071038,-4.1120195560171,57.6598884085551));
#3940=CARTESIAN_POINT('Ctrl Pts',(-1.73429717524614,-5.61987941612809,57.9764478288303));
#3941=CARTESIAN_POINT('Ctrl Pts',(1.15647322504408,-5.76657619594532,58.2930072491053));
#3942=CARTESIAN_POINT('Ctrl Pts',(3.76713998952305,-4.51657919704983,58.6095666693804));
#3943=CARTESIAN_POINT('Ctrl Pts',(5.33005410391029,-2.35943096734525,58.9008996333808));
#3944=CARTESIAN_POINT('Ctrl Pts',(5.64275745742262,-0.711634225321207,59.0867127906227));
#3945=CARTESIAN_POINT('Ctrl Pts',(5.64347666946605,0.000144325079151665,
59.1670061411062));
#3946=CARTESIAN_POINT('Origin',(0.,0.,11.8329938588938));
#3947=CARTESIAN_POINT('',(5.64324803561037,-0.000125870436844493,49.8329938588938));
#3948=CARTESIAN_POINT('',(5.64302535724769,-9.28686616080698E-6,51.1670061411062));
#3949=CARTESIAN_POINT('',(5.6435,-1.9445459673371E-13,11.8329938588938));
#3950=CARTESIAN_POINT('Ctrl Pts',(5.64324803561037,-0.000125870436844464,
49.8329938588938));
#3951=CARTESIAN_POINT('Ctrl Pts',(5.64272731079175,0.632410524060757,49.9043398656607));
#3952=CARTESIAN_POINT('Ctrl Pts',(5.3795700836591,2.2010985086302,50.0812300558728));
#3953=CARTESIAN_POINT('Ctrl Pts',(3.95374514211202,4.35431430842856,50.3636644295301));
#3954=CARTESIAN_POINT('Ctrl Pts',(1.39722584062334,5.71313518968828,50.6802969798657));
#3955=CARTESIAN_POINT('Ctrl Pts',(-1.49786173115786,5.68757979985273,50.9969295302013));
#3956=CARTESIAN_POINT('Ctrl Pts',(-4.02999548351269,4.28384058389518,51.3135620805368));
#3957=CARTESIAN_POINT('Ctrl Pts',(-5.58560234918265,1.84206409827817,51.6301946308724));
#3958=CARTESIAN_POINT('Ctrl Pts',(-5.78773601751972,-1.04607147789486,51.946827181208));
#3959=CARTESIAN_POINT('Ctrl Pts',(-4.58741654235696,-3.68072862518683,52.2634597315435));
#3960=CARTESIAN_POINT('Ctrl Pts',(-2.27549889981122,-5.42349135726406,52.5800922818791));
#3961=CARTESIAN_POINT('Ctrl Pts',(0.587805429240352,-5.85206275792696,52.8967248322147));
#3962=CARTESIAN_POINT('Ctrl Pts',(3.30867589995614,-4.86259370443486,53.2133573825502));
#3963=CARTESIAN_POINT('Ctrl Pts',(5.20027112516143,-2.72594870171537,53.5254470581099));
#3964=CARTESIAN_POINT('Ctrl Pts',(5.64359933299743,-0.895088192374273,53.7319925502245));
#3965=CARTESIAN_POINT('Ctrl Pts',(5.64395464929062,4.15744153464551E-5,
53.8329938588938));
#3966=CARTESIAN_POINT('Ctrl Pts',(5.64302535724769,-9.28686616104984E-6,
51.1670061411062));
#3967=CARTESIAN_POINT('Ctrl Pts',(5.64299781064081,0.477890934648715,51.2209040950885));
#3968=CARTESIAN_POINT('Ctrl Pts',(5.46533534263554,1.89143006715502,51.3803218558291));
#3969=CARTESIAN_POINT('Ctrl Pts',(4.2983843331625,4.01431481928238,51.6452594233282));
#3970=CARTESIAN_POINT('Ctrl Pts',(1.86296802718551,5.57854653772571,51.9618188436032));
#3971=CARTESIAN_POINT('Ctrl Pts',(-1.02366851157713,5.79162620705898,52.2783782638784));
#3972=CARTESIAN_POINT('Ctrl Pts',(-3.66236738455654,4.60194485890731,52.5949376841535));
#3973=CARTESIAN_POINT('Ctrl Pts',(-5.41402244374448,2.29764930364013,52.9114971044285));
#3974=CARTESIAN_POINT('Ctrl Pts',(-5.8543740174594,-0.56314847738698,53.2280565247037));
#3975=CARTESIAN_POINT('Ctrl Pts',(-4.87676673819111,-3.28754886277905,53.5446159449787));
#3976=CARTESIAN_POINT('Ctrl Pts',(-2.71798200942446,-5.21568836687278,53.861175365254));
#3977=CARTESIAN_POINT('Ctrl Pts',(0.0991116420414887,-5.88056189715735,
54.1777347855289));
#3978=CARTESIAN_POINT('Ctrl Pts',(2.89219995496103,-5.12113373818829,54.4942942058041));
#3979=CARTESIAN_POINT('Ctrl Pts',(4.98478288190689,-3.12134121238532,54.8108536260792));
#3980=CARTESIAN_POINT('Ctrl Pts',(5.61185190242503,-1.16925105526227,55.0350909378465));
#3981=CARTESIAN_POINT('Ctrl Pts',(5.6439003887859,-0.11708179888466,55.1538084428556));
#3982=CARTESIAN_POINT('Ctrl Pts',(5.64379874837171,-0.000107081399460009,
55.1670061411062));
#3983=CARTESIAN_POINT('Origin',(0.,0.,11.8329938588938));
#3984=CARTESIAN_POINT('',(5.64328491734653,0.000131860217399088,45.8329938588938));
#3985=CARTESIAN_POINT('',(5.64374275823106,0.000119528077752451,47.1670061411062));
#3986=CARTESIAN_POINT('',(5.6435,-1.9445459673371E-13,11.8329938588938));
#3987=CARTESIAN_POINT('Ctrl Pts',(5.64328491734653,0.000131860217399173,
45.8329938588938));
#3988=CARTESIAN_POINT('Ctrl Pts',(5.64353666185758,0.289194067170568,45.8655988142065));
#3989=CARTESIAN_POINT('Ctrl Pts',(5.55107451253165,1.51380831668734,46.0037479529645));
#3990=CARTESIAN_POINT('Ctrl Pts',(4.67856817963314,3.56414836025162,46.2474412751678));
#3991=CARTESIAN_POINT('Ctrl Pts',(2.4112286533913,5.36452515386263,46.5640738255032));
#3992=CARTESIAN_POINT('Ctrl Pts',(-0.440386865122658,5.86499899014377,46.8807063758389));
#3993=CARTESIAN_POINT('Ctrl Pts',(-3.18529020093206,4.94429773387548,47.1973389261744));
#3994=CARTESIAN_POINT('Ctrl Pts',(-5.15835110271653,2.82552077438183,47.51397147651));
#3995=CARTESIAN_POINT('Ctrl Pts',(-5.88146803722573,0.0220787783245278,
47.8306040268455));
#3996=CARTESIAN_POINT('Ctrl Pts',(-5.17941918804464,-2.78671322885493,48.1472365771811));
#3997=CARTESIAN_POINT('Ctrl Pts',(-3.22232126617118,-4.92024383572004,48.4638691275167));
#3998=CARTESIAN_POINT('Ctrl Pts',(-0.484407741196889,-5.86152735092387,
48.7805016778522));
#3999=CARTESIAN_POINT('Ctrl Pts',(2.37088486902261,-5.38247700257045,49.0971342281878));
#4000=CARTESIAN_POINT('Ctrl Pts',(4.65167737637429,-3.59917370121084,49.4137667785234));
#4001=CARTESIAN_POINT('Ctrl Pts',(5.5453574411792,-1.54208051938244,49.6590533220921));
#4002=CARTESIAN_POINT('Ctrl Pts',(5.64349763387319,-0.303318611764896,49.7987956822155));
#4003=CARTESIAN_POINT('Ctrl Pts',(5.64324803561037,-0.000125870436844464,
49.8329938588938));
#4004=CARTESIAN_POINT('Ctrl Pts',(5.64374275823106,0.000119528077752278,
47.1670061411062));
#4005=CARTESIAN_POINT('Ctrl Pts',(5.64387134245553,0.137271872740824,47.1824799405631));
#4006=CARTESIAN_POINT('Ctrl Pts',(5.60556526726103,1.20962955014377,47.3034735467783));
#4007=CARTESIAN_POINT('Ctrl Pts',(4.95101767764788,3.17462679688576,47.5299869597518));
#4008=CARTESIAN_POINT('Ctrl Pts',(2.83710600762873,5.15185994038696,47.8465463800269));
#4009=CARTESIAN_POINT('Ctrl Pts',(0.0360329829760018,5.88128667623207,48.163105800302));
#4010=CARTESIAN_POINT('Ctrl Pts',(-2.77376741151299,5.18623617768372,48.4796652205771));
#4011=CARTESIAN_POINT('Ctrl Pts',(-4.91174737814043,3.23505317378518,48.7962246408523));
#4012=CARTESIAN_POINT('Ctrl Pts',(-5.86007740821092,0.500324008681378,49.1127840611273));
#4013=CARTESIAN_POINT('Ctrl Pts',(-5.38906719535215,-2.35558614953186,49.4293434814024));
#4014=CARTESIAN_POINT('Ctrl Pts',(-3.61279778378453,-4.64096148630524,49.7459029016776));
#4015=CARTESIAN_POINT('Ctrl Pts',(-0.961490565223776,-5.8022725924307,50.0624623219526));
#4016=CARTESIAN_POINT('Ctrl Pts',(1.92269450756237,-5.55824407294934,50.3790217422278));
#4017=CARTESIAN_POINT('Ctrl Pts',(4.34119329340315,-3.96798086351213,50.6955811625028));
#4018=CARTESIAN_POINT('Ctrl Pts',(5.47547863431277,-1.85104625689628,50.9582426287957));
#4019=CARTESIAN_POINT('Ctrl Pts',(5.64305174056615,-0.457727865289651,51.1153842883301));
#4020=CARTESIAN_POINT('Ctrl Pts',(5.64302535724769,-9.28686616104984E-6,
51.1670061411062));
#4021=CARTESIAN_POINT('Origin',(0.,0.,11.8329938588938));
#4022=CARTESIAN_POINT('',(5.64393501445863,-5.53845724922604E-5,41.8329938588938));
#4023=CARTESIAN_POINT('',(5.64353982504313,-0.000142833555341754,43.1670061411062));
#4024=CARTESIAN_POINT('',(5.6435,-1.9445459673371E-13,11.8329938588938));
#4025=CARTESIAN_POINT('Ctrl Pts',(5.64393501445863,-5.53845724922224E-5,
41.8329938588938));
#4026=CARTESIAN_POINT('Ctrl Pts',(5.64348501808806,0.880963283259236,41.9324019461976));
#4027=CARTESIAN_POINT('Ctrl Pts',(5.21101601002225,2.69780902482398,42.1373542169467));
#4028=CARTESIAN_POINT('Ctrl Pts',(3.3450900695059,4.83761575285316,42.4478506711409));
#4029=CARTESIAN_POINT('Ctrl Pts',(0.631725027720048,5.84748469298657,42.7644832214765));
#4030=CARTESIAN_POINT('Ctrl Pts',(-2.23471623389886,5.44042251110233,43.081115771812));
#4031=CARTESIAN_POINT('Ctrl Pts',(-4.55965304583751,3.7150663314327,43.3977483221476));
#4032=CARTESIAN_POINT('Ctrl Pts',(-5.77971919193269,1.08949520777519,43.7143808724831));
#4033=CARTESIAN_POINT('Ctrl Pts',(-5.59927478869809,-1.80007655004168,44.0310134228188));
#4034=CARTESIAN_POINT('Ctrl Pts',(-4.06204415593295,-4.25346341474934,44.3476459731542));
#4035=CARTESIAN_POINT('Ctrl Pts',(-1.5405207741069,-5.67617384246687,44.6642785234899));
#4036=CARTESIAN_POINT('Ctrl Pts',(1.35429333758881,-5.72346427446898,44.9809110738254));
#4037=CARTESIAN_POINT('Ctrl Pts',(3.92094235281626,-4.38387554696205,45.297543624161));
#4038=CARTESIAN_POINT('Ctrl Pts',(5.37102713042321,-2.2293396228075,45.5815712191838));
#4039=CARTESIAN_POINT('Ctrl Pts',(5.64272174987253,-0.646517523447035,45.7600546307614));
#4040=CARTESIAN_POINT('Ctrl Pts',(5.64328491734653,0.000131860217399173,
45.8329938588938));
#4041=CARTESIAN_POINT('Ctrl Pts',(5.64353982504313,-0.000142833555341684,
43.1670061411062));
#4042=CARTESIAN_POINT('Ctrl Pts',(5.6427913220023,0.731789151808694,43.249575592796));
#4043=CARTESIAN_POINT('Ctrl Pts',(5.31683169655368,2.39974239639223,43.4376648512441));
#4044=CARTESIAN_POINT('Ctrl Pts',(3.7184799658568,4.55672449105808,43.7312739164505));
#4045=CARTESIAN_POINT('Ctrl Pts',(1.09455631766334,5.77864844157786,44.0478333367257));
#4046=CARTESIAN_POINT('Ctrl Pts',(-1.79447437973656,5.60095465473129,44.3643927570008));
#4047=CARTESIAN_POINT('Ctrl Pts',(-4.24887435050189,4.06668146005244,44.6809521772759));
#4048=CARTESIAN_POINT('Ctrl Pts',(-5.67417556834503,1.54743754752278,44.997511597551));
#4049=CARTESIAN_POINT('Ctrl Pts',(-5.72516290454666,-1.34660352750533,45.3140710178261));
#4050=CARTESIAN_POINT('Ctrl Pts',(-4.38948696965174,-3.91449045051135,45.6306304381012));
#4051=CARTESIAN_POINT('Ctrl Pts',(-1.99065519775187,-5.53426808417792,45.9471898583763));
#4052=CARTESIAN_POINT('Ctrl Pts',(0.89032328231378,-5.81361813304392,46.2637492786514));
#4053=CARTESIAN_POINT('Ctrl Pts',(3.55566098227059,-4.68488060926269,46.5803086989265));
#4054=CARTESIAN_POINT('Ctrl Pts',(5.27161125863681,-2.5320810109173,46.8813943197447));
#4055=CARTESIAN_POINT('Ctrl Pts',(5.64299449365338,-0.798005138292146,47.0769601338047));
#4056=CARTESIAN_POINT('Ctrl Pts',(5.64374275823106,0.000119528077752278,
47.1670061411062));
#4057=CARTESIAN_POINT('Origin',(0.,0.,11.8329938588938));
#4058=CARTESIAN_POINT('',(5.64306672551761,-6.24726894914853E-5,37.8329938588938));
#4059=CARTESIAN_POINT('',(5.64307519698611,6.76783877651133E-5,39.1670061411062));
#4060=CARTESIAN_POINT('',(5.6435,-1.9445459673371E-13,11.8329938588938));
#4061=CARTESIAN_POINT('Ctrl Pts',(5.64306672551761,-6.24726894917979E-5,
37.8329938588938));
#4062=CARTESIAN_POINT('Ctrl Pts',(5.64285632641268,0.537846272550222,37.8936608947435));
#4063=CARTESIAN_POINT('Ctrl Pts',(5.43373240365147,2.0117304928513,38.0598721140384));
#4064=CARTESIAN_POINT('Ctrl Pts',(4.16777157336931,4.1499197411004,38.3316275167785));
#4065=CARTESIAN_POINT('Ctrl Pts',(1.68284043565817,5.63561902664418,38.648260067114));
#4066=CARTESIAN_POINT('Ctrl Pts',(-1.209867568837,5.75572534188668,38.9648926174496));
#4067=CARTESIAN_POINT('Ctrl Pts',(-3.80940695437691,4.48113516882774,39.2815251677852));
#4068=CARTESIAN_POINT('Ctrl Pts',(-5.48587128226667,2.1207003606738,39.5981577181207));
#4069=CARTESIAN_POINT('Ctrl Pts',(-5.83302870995207,-0.753611182397776,
39.9147902684563));
#4070=CARTESIAN_POINT('Ctrl Pts',(-4.76675791187976,-3.44531170649214,40.2314228187918));
#4071=CARTESIAN_POINT('Ctrl Pts',(-2.54543190783709,-5.3021627802176,40.5480553691275));
#4072=CARTESIAN_POINT('Ctrl Pts',(0.292689501162677,-5.87422221245241,40.864687919463));
#4073=CARTESIAN_POINT('Ctrl Pts',(3.0598879603713,-5.02287163038583,41.1813204697986));
#4074=CARTESIAN_POINT('Ctrl Pts',(5.08563078376828,-2.9544057400006,41.4979530201342));
#4075=CARTESIAN_POINT('Ctrl Pts',(5.62995335875717,-1.04420585188313,41.7151774831659));
#4076=CARTESIAN_POINT('Ctrl Pts',(5.64396279108192,-0.0544374312929027,
41.8268577627525));
#4077=CARTESIAN_POINT('Ctrl Pts',(5.64393501445863,-5.53845724922224E-5,
41.8329938588938));
#4078=CARTESIAN_POINT('Ctrl Pts',(5.64307519698611,6.76783877654602E-5,
39.1670061411062));
#4079=CARTESIAN_POINT('Ctrl Pts',(5.64324142879045,0.39148353909872,39.2111514382705));
#4080=CARTESIAN_POINT('Ctrl Pts',(5.50713958055506,1.71838057846086,39.3608165421932));
#4081=CARTESIAN_POINT('Ctrl Pts',(4.47827187631091,3.81259915880619,39.6160014528742));
#4082=CARTESIAN_POINT('Ctrl Pts',(2.11729126577136,5.48706743532237,39.9325608731493));
#4083=CARTESIAN_POINT('Ctrl Pts',(-0.756507945986889,5.83254036175883,40.2491202934244));
#4084=CARTESIAN_POINT('Ctrl Pts',(-3.4470771256076,4.76534265651483,40.5656797136995));
#4085=CARTESIAN_POINT('Ctrl Pts',(-5.30274687574286,2.54395497516884,40.8822391339747));
#4086=CARTESIAN_POINT('Ctrl Pts',(-5.87406464304194,-0.293591405275216,
41.1987985542497));
#4087=CARTESIAN_POINT('Ctrl Pts',(-5.02265438873583,-3.06002846967142,41.5153579745248));
#4088=CARTESIAN_POINT('Ctrl Pts',(-2.95473196169471,-5.0853112371247,41.8319173947999));
#4089=CARTESIAN_POINT('Ctrl Pts',(-0.171158581915926,-5.87890602780173,
42.1484768150751));
#4090=CARTESIAN_POINT('Ctrl Pts',(2.65387026787006,-5.24860018911731,42.4650362353501));
#4091=CARTESIAN_POINT('Ctrl Pts',(4.83611838144536,-3.34705696762593,42.7815956556253));
#4092=CARTESIAN_POINT('Ctrl Pts',(5.58335307006932,-1.34227811077816,43.0155856242106));
#4093=CARTESIAN_POINT('Ctrl Pts',(5.64374787305853,-0.20358488877578,43.1440557860376));
#4094=CARTESIAN_POINT('Ctrl Pts',(5.64353982504313,-0.000142833555341684,
43.1670061411062));
#4095=CARTESIAN_POINT('Origin',(0.,0.,11.8329938588938));
#4096=CARTESIAN_POINT('',(5.64356857373757,0.000141458882194468,33.8329938588938));
#4097=CARTESIAN_POINT('',(5.64394017334012,5.17951112422033E-5,35.1670061411062));
#4098=CARTESIAN_POINT('',(5.6435,-1.9445459673371E-13,11.8329938588938));
#4099=CARTESIAN_POINT('Ctrl Pts',(5.64356857373757,0.000141458882194287,
33.8329938588938));
#4100=CARTESIAN_POINT('Ctrl Pts',(5.64376748490868,0.194500184456493,33.8549198432894));
#4101=CARTESIAN_POINT('Ctrl Pts',(5.58652859752941,1.32431869112517,33.9823900111301));
#4102=CARTESIAN_POINT('Ctrl Pts',(4.8519299079961,3.32429389694308,34.215404362416));
#4103=CARTESIAN_POINT('Ctrl Pts',(2.67802370183588,5.23644371666166,34.5320369127517));
#4104=CARTESIAN_POINT('Ctrl Pts',(-0.144806841515565,5.87972658582101,34.8486694630872));
#4105=CARTESIAN_POINT('Ctrl Pts',(-2.93254856784615,5.09826565045247,35.1653020134228));
#4106=CARTESIAN_POINT('Ctrl Pts',(-5.00969085685059,3.08142033227336,35.4819345637583));
#4107=CARTESIAN_POINT('Ctrl Pts',(-5.87291173187126,0.317901769433557,35.7985671140939));
#4108=CARTESIAN_POINT('Ctrl Pts',(-5.31304014121492,-2.52264904479378,36.1151996644295));
#4109=CARTESIAN_POINT('Ctrl Pts',(-3.46574116530257,-4.75192507521818,36.431832214765));
#4110=CARTESIAN_POINT('Ctrl Pts',(-0.77864238215605,-5.82974011308141,36.7484647651006));
#4111=CARTESIAN_POINT('Ctrl Pts',(2.09713284601342,-5.49492380033898,37.0650973154362));
#4112=CARTESIAN_POINT('Ctrl Pts',(4.46474209299004,-3.82860702977507,37.3817298657718));
#4113=CARTESIAN_POINT('Ctrl Pts',(5.50413082683106,-1.73158358748606,37.6376953802576));
#4114=CARTESIAN_POINT('Ctrl Pts',(5.64322236377409,-0.397969009821556,37.7881167112983));
#4115=CARTESIAN_POINT('Ctrl Pts',(5.64306672551761,-6.24726894917979E-5,
37.8329938588938));
#4116=CARTESIAN_POINT('Ctrl Pts',(5.64394017334012,5.17951112423594E-5,
35.1670061411062));
#4117=CARTESIAN_POINT('Ctrl Pts',(5.64396461787887,0.0507561221843705,35.1727272837451));
#4118=CARTESIAN_POINT('Ctrl Pts',(5.63095407822115,1.03663008242422,35.2839682331423));
#4119=CARTESIAN_POINT('Ctrl Pts',(5.09163904595431,2.94381439115996,35.5007289892979));
#4120=CARTESIAN_POINT('Ctrl Pts',(3.07079776295587,5.01607739602492,35.8172884095729));
#4121=CARTESIAN_POINT('Ctrl Pts',(0.306193805977481,5.87342120889248,36.1338478298481));
#4122=CARTESIAN_POINT('Ctrl Pts',(-2.53257183192863,5.30819284314433,36.4504072501232));
#4123=CARTESIAN_POINT('Ctrl Pts',(-4.75793582532254,3.45729345384497,36.7669666703983));
#4124=CARTESIAN_POINT('Ctrl Pts',(-5.83090381440891,0.76902018894076,37.0835260906734));
#4125=CARTESIAN_POINT('Ctrl Pts',(-5.49159755182002,-2.10551363632042,37.4000855109484));
#4126=CARTESIAN_POINT('Ctrl Pts',(-3.82219872213491,-4.47008146149455,37.7166449312236));
#4127=CARTESIAN_POINT('Ctrl Pts',(-1.22704412424141,-5.75197305809508,38.0332043514986));
#4128=CARTESIAN_POINT('Ctrl Pts',(1.66530673644301,-5.64070782947003,38.3497637717738));
#4129=CARTESIAN_POINT('Ctrl Pts',(4.15431192381893,-4.16323477400721,38.6663231920489));
#4130=CARTESIAN_POINT('Ctrl Pts',(5.43033892219091,-2.02406274997502,38.9387373151597));
#4131=CARTESIAN_POINT('Ctrl Pts',(5.64284408753333,-0.544111612309236,39.1056316315122));
#4132=CARTESIAN_POINT('Ctrl Pts',(5.64307519698611,6.76783877654602E-5,
39.1670061411062));
#4133=CARTESIAN_POINT('Origin',(0.,0.,11.8329938588938));
#4134=CARTESIAN_POINT('',(5.64370826859269,-0.000125870513680296,29.8329938588938));
#4135=CARTESIAN_POINT('',(5.64328262750825,-0.000131342871460688,31.1670061411062));
#4136=CARTESIAN_POINT('',(5.6435,-1.9445459673371E-13,11.8329938588938));
#4137=CARTESIAN_POINT('Ctrl Pts',(5.64370826859269,-0.000125870513680345,
29.8329938588938));
#4138=CARTESIAN_POINT('Ctrl Pts',(5.64294639512656,0.786340375236637,29.9217229752804));
#4139=CARTESIAN_POINT('Ctrl Pts',(5.27973292070774,2.50899781641642,30.1159962751122));
#4140=CARTESIAN_POINT('Ctrl Pts',(3.58419817185577,4.66322605182211,30.4158137583892));
#4141=CARTESIAN_POINT('Ctrl Pts',(0.925066794150111,5.80830484493289,30.7324463087248));
#4142=CARTESIAN_POINT('Ctrl Pts',(-1.95822180656811,5.54594636663966,31.0490788590604));
#4143=CARTESIAN_POINT('Ctrl Pts',(-4.36700460400067,3.93972391596255,31.3657114093959));
#4144=CARTESIAN_POINT('Ctrl Pts',(-5.71759827254658,1.37884870059148,31.6823439597315));
#4145=CARTESIAN_POINT('Ctrl Pts',(-5.68273419970516,-1.51614173508525,31.9989765100671));
#4146=CARTESIAN_POINT('Ctrl Pts',(-4.27086046057332,-4.04374883884605,32.3156090604027));
#4147=CARTESIAN_POINT('Ctrl Pts',(-1.8240947256346,-5.59149641663777,32.6322416107382));
#4148=CARTESIAN_POINT('Ctrl Pts',(1.06467585787819,-5.78434257828937,32.9488741610738));
#4149=CARTESIAN_POINT('Ctrl Pts',(3.69545989895518,-4.57555787643147,33.2655067114094));
#4150=CARTESIAN_POINT('Ctrl Pts',(5.31061350250547,-2.41853005766994,33.5602132773493));
#4151=CARTESIAN_POINT('Ctrl Pts',(5.64280999461976,-0.741076189953953,33.7493756598442));
#4152=CARTESIAN_POINT('Ctrl Pts',(5.64356857373757,0.000141458882194287,
33.8329938588938));
#4153=CARTESIAN_POINT('Ctrl Pts',(5.64328262750825,-0.000131342871460619,
31.1670061411062));
#4154=CARTESIAN_POINT('Ctrl Pts',(5.64272273343517,0.645433366805987,31.239822935978));
#4155=CARTESIAN_POINT('Ctrl Pts',(5.37172304637798,2.22695273305075,31.4181595376081));
#4156=CARTESIAN_POINT('Ctrl Pts',(3.9238992872082,4.38107814672726,31.7020159459966));
#4157=CARTESIAN_POINT('Ctrl Pts',(1.35888402896015,5.72226052707537,32.0185753662717));
#4158=CARTESIAN_POINT('Ctrl Pts',(-1.53525978057245,5.67748260675834,32.3351347865468));
#4159=CARTESIAN_POINT('Ctrl Pts',(-4.05755594405427,4.25758982345138,32.6516942068219));
#4160=CARTESIAN_POINT('Ctrl Pts',(-5.59709163559027,1.80648735580753,32.968253627097));
#4161=CARTESIAN_POINT('Ctrl Pts',(-5.78098356197307,-1.08215544173838,33.2848130473722));
#4162=CARTESIAN_POINT('Ctrl Pts',(-4.56469217307681,-3.70869474464242,33.6013724676472));
#4163=CARTESIAN_POINT('Ctrl Pts',(-2.2428093650716,-5.43696951396953,33.9179318879224));
#4164=CARTESIAN_POINT('Ctrl Pts',(0.622293159554472,-5.84838290191901,34.2344913081974));
#4165=CARTESIAN_POINT('Ctrl Pts',(3.33667314884038,-4.84328851522338,34.5510507284725));
#4166=CARTESIAN_POINT('Ctrl Pts',(5.20844319146635,-2.70449097132612,34.8618890061088));
#4167=CARTESIAN_POINT('Ctrl Pts',(5.64351376685704,-0.884426083943606,35.0672074769867));
#4168=CARTESIAN_POINT('Ctrl Pts',(5.64394017334012,5.17951112423594E-5,
35.1670061411062));
#4169=CARTESIAN_POINT('Origin',(0.,0.,11.8329938588938));
#4170=CARTESIAN_POINT('',(5.64302926611901,2.26245524040538E-5,25.8329938588938));
#4171=CARTESIAN_POINT('',(5.64324375686497,0.000124887806228491,27.1670061411062));
#4172=CARTESIAN_POINT('',(5.6435,-1.9445459673371E-13,11.8329938588938));
#4173=CARTESIAN_POINT('Ctrl Pts',(5.64302926611901,2.26245524036564E-5,
25.8329938588938));
#4174=CARTESIAN_POINT('Ctrl Pts',(5.6430917037211,0.443253908146429,25.8829819238263));
#4175=CARTESIAN_POINT('Ctrl Pts',(5.48259022872105,1.822273844336,26.0385141722039));
#4176=CARTESIAN_POINT('Ctrl Pts',(4.37124542495116,3.93501786941604,26.2995906040268));
#4177=CARTESIAN_POINT('Ctrl Pts',(1.9641942832279,5.54383397206808,26.6162231543624));
#4178=CARTESIAN_POINT('Ctrl Pts',(-0.918810154674132,5.8092978534835,26.932855704698));
#4179=CARTESIAN_POINT('Ctrl Pts',(-3.57917330809056,4.66708389928916,27.2494882550335));
#4180=CARTESIAN_POINT('Ctrl Pts',(-5.37225045410094,2.39396718308716,27.5661208053691));
#4181=CARTESIAN_POINT('Ctrl Pts',(-5.86355265549581,-0.459242804512092,
27.8827533557047));
#4182=CARTESIAN_POINT('Ctrl Pts',(-4.93403024932801,-3.20117154629941,28.1993859060403));
#4183=CARTESIAN_POINT('Ctrl Pts',(-2.8089200932703,-5.16740956817221,28.5160184563758));
#4184=CARTESIAN_POINT('Ctrl Pts',(-0.0031674928485298,-5.88150862574689,
28.8326510067114));
#4185=CARTESIAN_POINT('Ctrl Pts',(2.80335263954512,-5.17043206357516,29.149283557047));
#4186=CARTESIAN_POINT('Ctrl Pts',(4.93057939784286,-3.20648414093149,29.4659161073825));
#4187=CARTESIAN_POINT('Ctrl Pts',(5.60174950344686,-1.23364073764867,29.6938195413315));
#4188=CARTESIAN_POINT('Ctrl Pts',(5.64385265133812,-0.149169196990207,29.8161787918352));
#4189=CARTESIAN_POINT('Ctrl Pts',(5.64370826859269,-0.000125870513680345,
29.8329938588938));
#4190=CARTESIAN_POINT('Ctrl Pts',(5.64324375686497,0.000124887806228456,
27.1670061411062));
#4191=CARTESIAN_POINT('Ctrl Pts',(5.64349263428455,0.305042368152501,27.2013987814525));
#4192=CARTESIAN_POINT('Ctrl Pts',(5.54466799469551,1.54531522722077,27.3413112285572));
#4193=CARTESIAN_POINT('Ctrl Pts',(4.64870223033579,3.602832072436,27.5867434824203));
#4194=CARTESIAN_POINT('Ctrl Pts',(2.36714321884541,5.38400077225727,27.9033029026953));
#4195=CARTESIAN_POINT('Ctrl Pts',(-0.487749790421809,5.86113738861405,28.2198623229705));
#4196=CARTESIAN_POINT('Ctrl Pts',(-3.22450734753284,4.91867702842105,28.5364217432456));
#4197=CARTESIAN_POINT('Ctrl Pts',(-5.18027299463766,2.78488833600933,28.8529811635207));
#4198=CARTESIAN_POINT('Ctrl Pts',(-5.88135044983696,-0.0234143284064923,
29.1695405837958));
#4199=CARTESIAN_POINT('Ctrl Pts',(-5.15793522410692,-2.82604592450671,29.4861000040709));
#4200=CARTESIAN_POINT('Ctrl Pts',(-3.18524212654945,-4.9441949738362,29.802659424346));
#4201=CARTESIAN_POINT('Ctrl Pts',(-0.441067354072271,-5.86483511558585,
30.1192188446211));
#4202=CARTESIAN_POINT('Ctrl Pts',(2.40993615148961,-5.36498267374956,30.4357782648962));
#4203=CARTESIAN_POINT('Ctrl Pts',(4.67724099160092,-3.56570442554976,30.7523376851713));
#4204=CARTESIAN_POINT('Ctrl Pts',(5.5507410811702,-1.51533224911345,30.9960803105746));
#4205=CARTESIAN_POINT('Ctrl Pts',(5.64353408354334,-0.290063224813408,31.1343031292196));
#4206=CARTESIAN_POINT('Ctrl Pts',(5.64328262750825,-0.000131342871460619,
31.1670061411062));
#4207=CARTESIAN_POINT('Origin',(0.,0.,11.8329938588938));
#4208=CARTESIAN_POINT('',(5.6435,-1.9445459673371E-13,22.5));
#4209=CARTESIAN_POINT('',(5.64396836301462,-3.24003212200802E-5,23.1670061411062));
#4210=CARTESIAN_POINT('',(5.6435,-1.9445459673371E-13,11.8329938588938));
#4211=CARTESIAN_POINT('',(2.81914340867623,4.88891835596764,22.5));
#4212=CARTESIAN_POINT('Origin',(0.,0.,22.5));
#4213=CARTESIAN_POINT('Ctrl Pts',(2.81914340867628,4.88891835596761,22.5));
#4214=CARTESIAN_POINT('Ctrl Pts',(2.00861738009911,5.35629967523934,22.6055441834452));
#4215=CARTESIAN_POINT('Ctrl Pts',(0.151428179675733,5.87969168709873,22.8166325503356));
#4216=CARTESIAN_POINT('Ctrl Pts',(-2.67251964048085,5.23926792987043,23.1332651006711));
#4217=CARTESIAN_POINT('Ctrl Pts',(-4.84827838377531,3.32954607324269,23.4498976510067));
#4218=CARTESIAN_POINT('Ctrl Pts',(-5.84951961374154,0.612905893290656,23.7665302013423));
#4219=CARTESIAN_POINT('Ctrl Pts',(-5.43319201985556,-2.2521907644715,24.0831627516779));
#4220=CARTESIAN_POINT('Ctrl Pts',(-3.7003945193685,-4.57157830455083,24.3997953020134));
#4221=CARTESIAN_POINT('Ctrl Pts',(-1.07090136722917,-5.78319073004718,24.716427852349));
#4222=CARTESIAN_POINT('Ctrl Pts',(1.81806896477552,-5.59345877031293,25.0330604026845));
#4223=CARTESIAN_POINT('Ctrl Pts',(4.26650349742123,-4.04834621471837,25.3496929530201));
#4224=CARTESIAN_POINT('Ctrl Pts',(5.45776967660254,-1.92106512018227,25.6163374384232));
#4225=CARTESIAN_POINT('Ctrl Pts',(5.64295987373854,-0.492579154555017,25.7774377403811));
#4226=CARTESIAN_POINT('Ctrl Pts',(5.64302926611901,2.26245524036564E-5,
25.8329938588938));
#4227=CARTESIAN_POINT('Ctrl Pts',(5.64396836301462,-3.24003212200845E-5,
23.1670061411062));
#4228=CARTESIAN_POINT('Ctrl Pts',(5.64365293682953,0.899414247238341,23.2684944336854));
#4229=CARTESIAN_POINT('Ctrl Pts',(5.19699542475329,2.73432269952344,23.475502533023));
#4230=CARTESIAN_POINT('Ctrl Pts',(3.29801269508713,4.86970608408162,23.788030439119));
#4231=CARTESIAN_POINT('Ctrl Pts',(0.575703988471066,5.85315020939681,24.1045898593941));
#4232=CARTESIAN_POINT('Ctrl Pts',(-2.28602597623768,5.41894072740537,24.4211492796692));
#4233=CARTESIAN_POINT('Ctrl Pts',(-4.59407748735389,3.67223212522545,24.7377086999443));
#4234=CARTESIAN_POINT('Ctrl Pts',(-5.78941605089888,1.03609261280226,25.0542681202194));
#4235=CARTESIAN_POINT('Ctrl Pts',(-5.5825310294313,-1.8509948382407,25.3708275404946));
#4236=CARTESIAN_POINT('Ctrl Pts',(-4.02352783773037,-4.28976147847684,25.6873869607696));
#4237=CARTESIAN_POINT('Ctrl Pts',(-1.49000647950591,-5.68952656900689,26.0039463810448));
#4238=CARTESIAN_POINT('Ctrl Pts',(1.40440220999476,-5.71125955302853,26.3205058013198));
#4239=CARTESIAN_POINT('Ctrl Pts',(3.95865748485315,-4.34969679506174,26.637065221595));
#4240=CARTESIAN_POINT('Ctrl Pts',(5.38076833502392,-2.19700237067239,26.9192320015237));
#4241=CARTESIAN_POINT('Ctrl Pts',(5.64272905530499,-0.630472709474671,27.0958789746942));
#4242=CARTESIAN_POINT('Ctrl Pts',(5.64324375686497,0.000124887806228456,
27.1670061411062));
#4243=CARTESIAN_POINT('Origin',(5.55111512312578E-16,0.,21.));
#4244=CARTESIAN_POINT('',(13.,-1.59204083889156E-15,22.5));
#4245=CARTESIAN_POINT('Origin',(5.55111512312578E-16,0.,22.5));
#4246=CARTESIAN_POINT('',(16.,1.95943487863577E-15,19.5));
#4247=CARTESIAN_POINT('',(14.5,1.77573785876366E-15,21.));
#4248=CARTESIAN_POINT('Origin',(5.55111512312578E-16,0.,19.5));
#4249=CARTESIAN_POINT('Origin',(0.,0.,22.5));
#4250=CARTESIAN_POINT('Ctrl Pts',(2.81914340867628,4.88891835596761,22.5));
#4251=CARTESIAN_POINT('Ctrl Pts',(2.73378905935849,5.00137019090213,22.5));
#4252=CARTESIAN_POINT('Ctrl Pts',(2.64399511413611,5.11025564517134,22.5));
#4253=CARTESIAN_POINT('Ctrl Pts',(2.55017847607418,5.21545387779316,22.5));
#4254=CARTESIAN_POINT('Ctrl Pts',(2.45475906713686,5.32244932535332,22.5));
#4255=CARTESIAN_POINT('Ctrl Pts',(2.35517851822718,5.42563112506183,22.5));
#4256=CARTESIAN_POINT('Ctrl Pts',(2.25182647646223,5.52489764853474,22.5));
#4257=CARTESIAN_POINT('Ctrl Pts',(2.14677270510841,5.62579863202696,22.5));
#4258=CARTESIAN_POINT('Ctrl Pts',(2.03782228989822,5.72265501630044,22.5));
#4259=CARTESIAN_POINT('Ctrl Pts',(1.92533238315894,5.81537620319942,22.5));
#4260=CARTESIAN_POINT('Ctrl Pts',(1.81114719290076,5.90949474835531,22.5));
#4261=CARTESIAN_POINT('Ctrl Pts',(1.69331498115495,5.9993532269615,22.5));
#4262=CARTESIAN_POINT('Ctrl Pts',(1.57215588839935,6.08486281740718,22.5));
#4263=CARTESIAN_POINT('Ctrl Pts',(1.52057898062407,6.12126388446713,22.5));
#4264=CARTESIAN_POINT('Ctrl Pts',(1.46839853666672,6.15687686944557,22.5));
#4265=CARTESIAN_POINT('Ctrl Pts',(1.41563643700053,6.19169475693312,22.5));
#4266=CARTESIAN_POINT('Ctrl Pts',(1.39479611899516,6.20544735306001,22.5));
#4267=CARTESIAN_POINT('Ctrl Pts',(1.37386833304944,6.21907367564177,22.5));
#4268=CARTESIAN_POINT('Ctrl Pts',(1.35286293886733,6.23256808766655,22.5));
#4269=CARTESIAN_POINT('Ctrl Pts',(1.22078314630063,6.31741958464829,22.5));
#4270=CARTESIAN_POINT('Ctrl Pts',(1.08554543074208,6.39711674755856,22.5));
#4271=CARTESIAN_POINT('Ctrl Pts',(0.947581695816828,6.47158218440287,22.5));
#4272=CARTESIAN_POINT('Ctrl Pts',(0.806100943438149,6.54794591894985,22.5));
#4273=CARTESIAN_POINT('Ctrl Pts',(0.661753405705147,6.61880845462364,22.5));
#4274=CARTESIAN_POINT('Ctrl Pts',(0.514949813498459,6.684092798108,22.5));
#4275=CARTESIAN_POINT('Ctrl Pts',(0.403152724377559,6.73380956223488,22.5));
#4276=CARTESIAN_POINT('Ctrl Pts',(0.289930078339422,6.78029148131263,22.5));
#4277=CARTESIAN_POINT('Ctrl Pts',(0.175443100518471,6.82350334962503,22.5));
#4278=CARTESIAN_POINT('Ctrl Pts',(0.0359062307947406,6.87617002800182,22.5));
#4279=CARTESIAN_POINT('Ctrl Pts',(-0.105507999786882,6.92397991019566,22.5));
#4280=CARTESIAN_POINT('Ctrl Pts',(-0.248533457814607,6.96699518070286,22.5));
#4281=CARTESIAN_POINT('Ctrl Pts',(-0.311107095701736,6.98581436154976,22.5));
#4282=CARTESIAN_POINT('Ctrl Pts',(-0.373989566802017,7.00371564338816,22.5));
#4283=CARTESIAN_POINT('Ctrl Pts',(-0.437160516730707,7.0207032866718,22.5));
#4284=CARTESIAN_POINT('Ctrl Pts',(-0.466851844563749,7.02868774291972,22.5));
#4285=CARTESIAN_POINT('Ctrl Pts',(-0.496606917634045,7.03647035391476,22.5));
#4286=CARTESIAN_POINT('Ctrl Pts',(-0.526423705626534,7.04405151109413,22.5));
#4287=CARTESIAN_POINT('Ctrl Pts',(-0.550610113216701,7.0502010989569,22.5));
#4288=CARTESIAN_POINT('Ctrl Pts',(-0.574836049645288,7.05621780794291,22.5));
#4289=CARTESIAN_POINT('Ctrl Pts',(-0.599087993814197,7.06209899180314,22.5));
#4290=CARTESIAN_POINT('Ctrl Pts',(-0.766803221613876,7.10277053895744,22.5));
#4291=CARTESIAN_POINT('Ctrl Pts',(-0.935912684268257,7.13700130755208,22.5));
#4292=CARTESIAN_POINT('Ctrl Pts',(-1.10596401187451,7.16493399529578,22.5));
#4293=CARTESIAN_POINT('Ctrl Pts',(-1.27876959639184,7.19331909819756,22.5));
#4294=CARTESIAN_POINT('Ctrl Pts',(-1.45254808949944,7.21520096333598,22.5));
#4295=CARTESIAN_POINT('Ctrl Pts',(-1.62687615128097,7.23071342729491,22.5));
#4296=CARTESIAN_POINT('Ctrl Pts',(-1.8052441611595,7.24658538328633,22.5));
#4297=CARTESIAN_POINT('Ctrl Pts',(-1.98418784483136,7.25578984442684,22.5));
#4298=CARTESIAN_POINT('Ctrl Pts',(-2.16330238873825,7.25844553590616,22.5));
#4299=CARTESIAN_POINT('Ctrl Pts',(-2.34442257016813,7.26113096452666,22.5));
#4300=CARTESIAN_POINT('Ctrl Pts',(-2.52571798947603,7.25712062161795,22.5));
#4301=CARTESIAN_POINT('Ctrl Pts',(-2.70681249101614,7.24650464005669,22.5));
#4302=CARTESIAN_POINT('Ctrl Pts',(-2.88979199673556,7.23577815724089,22.5));
#4303=CARTESIAN_POINT('Ctrl Pts',(-3.072567005737,7.21830826212216,22.5));
#4304=CARTESIAN_POINT('Ctrl Pts',(-3.25478376962846,7.19414770208232,22.5));
#4305=CARTESIAN_POINT('Ctrl Pts',(-3.28849818350015,7.18967742666332,22.5));
#4306=CARTESIAN_POINT('Ctrl Pts',(-3.3221935645997,7.18497798399782,22.5));
#4307=CARTESIAN_POINT('Ctrl Pts',(-3.35586777155522,7.18004954032571,22.5));
#4308=CARTESIAN_POINT('',(2.8191434086761,-4.88891835596772,22.5));
#4309=CARTESIAN_POINT('Origin',(0.,0.,22.5));
#4310=CARTESIAN_POINT('Ctrl Pts',(-3.35550383771905,-7.1795695549979,22.5));
#4311=CARTESIAN_POINT('Ctrl Pts',(-3.17291913021794,-7.20640527326674,22.5));
#4312=CARTESIAN_POINT('Ctrl Pts',(-2.989640768523,-7.22647659704857,22.5));
#4313=CARTESIAN_POINT('Ctrl Pts',(-2.80602961361954,-7.23973625643024,22.5));
#4314=CARTESIAN_POINT('Ctrl Pts',(-2.62450488649141,-7.25284524238665,22.5));
#4315=CARTESIAN_POINT('Ctrl Pts',(-2.44265429497151,-7.25929603073312,22.5));
#4316=CARTESIAN_POINT('Ctrl Pts',(-2.26086003655763,-7.2590053404837,22.5));
#4317=CARTESIAN_POINT('Ctrl Pts',(-2.08178308500493,-7.25871899522635,22.5));
#4318=CARTESIAN_POINT('Ctrl Pts',(-1.90276032408358,-7.25189071380287,22.5));
#4319=CARTESIAN_POINT('Ctrl Pts',(-1.72419754770844,-7.23841117591593,22.5));
#4320=CARTESIAN_POINT('Ctrl Pts',(-1.54143546625203,-7.22461463639465,22.5));
#4321=CARTESIAN_POINT('Ctrl Pts',(-1.35915449695194,-7.2038499232046,22.5));
#4322=CARTESIAN_POINT('Ctrl Pts',(-1.17784220295012,-7.17597485499235,22.5));
#4323=CARTESIAN_POINT('Ctrl Pts',(-1.10348644623307,-7.16454335332904,22.5));
#4324=CARTESIAN_POINT('Ctrl Pts',(-1.02929426853843,-7.15191578016183,22.5));
#4325=CARTESIAN_POINT('Ctrl Pts',(-0.955302210972579,-7.13808142374171,
22.5));
#4326=CARTESIAN_POINT('Ctrl Pts',(-0.921116110783595,-7.13168962021324,
22.5));
#4327=CARTESIAN_POINT('Ctrl Pts',(-0.886968227819031,-7.12503920897203,
22.5));
#4328=CARTESIAN_POINT('Ctrl Pts',(-0.852890606591445,-7.11813507236727,
22.5));
#4329=CARTESIAN_POINT('Ctrl Pts',(-0.689060694701956,-7.08494308152738,
22.5));
#4330=CARTESIAN_POINT('Ctrl Pts',(-0.526734084250564,-7.0458688423527,22.5));
#4331=CARTESIAN_POINT('Ctrl Pts',(-0.366241850883423,-7.00085306808789,
22.5));
#4332=CARTESIAN_POINT('Ctrl Pts',(-0.20845703165993,-6.95659668473799,22.5));
#4333=CARTESIAN_POINT('Ctrl Pts',(-0.0524448978855243,-6.90659698438708,
22.5));
#4334=CARTESIAN_POINT('Ctrl Pts',(0.101435050812973,-6.85077560231139,22.5));
#4335=CARTESIAN_POINT('Ctrl Pts',(0.203496486004052,-6.8137518677886,22.5));
#4336=CARTESIAN_POINT('Ctrl Pts',(0.304619030193064,-6.77416670082479,22.5));
#4337=CARTESIAN_POINT('Ctrl Pts',(0.404685617406794,-6.73199359292486,22.5));
#4338=CARTESIAN_POINT('Ctrl Pts',(0.551564668727084,-6.67009135110722,22.5));
#4339=CARTESIAN_POINT('Ctrl Pts',(0.696171038541997,-6.60261293253951,22.5));
#4340=CARTESIAN_POINT('Ctrl Pts',(0.838099883647323,-6.52964021345792,22.5));
#4341=CARTESIAN_POINT('Ctrl Pts',(0.934425774432792,-6.48011425442292,22.5));
#4342=CARTESIAN_POINT('Ctrl Pts',(1.02951732132035,-6.42805745672974,22.5));
#4343=CARTESIAN_POINT('Ctrl Pts',(1.12323426708378,-6.37349716054551,22.5));
#4344=CARTESIAN_POINT('Ctrl Pts',(1.14491743357402,-6.36087361657187,22.5));
#4345=CARTESIAN_POINT('Ctrl Pts',(1.16652835867343,-6.34811523314898,22.5));
#4346=CARTESIAN_POINT('Ctrl Pts',(1.18806086914952,-6.33522497581097,22.5));
#4347=CARTESIAN_POINT('Ctrl Pts',(1.31739642321307,-6.25779932789667,22.5));
#4348=CARTESIAN_POINT('Ctrl Pts',(1.44363459473311,-6.17578073260598,22.5));
#4349=CARTESIAN_POINT('Ctrl Pts',(1.56648831315329,-6.08927397745898,22.5));
#4350=CARTESIAN_POINT('Ctrl Pts',(1.68668542611779,-6.00463785610828,22.5));
#4351=CARTESIAN_POINT('Ctrl Pts',(1.8036429427212,-5.91570487280598,22.5));
#4352=CARTESIAN_POINT('Ctrl Pts',(1.91704281498579,-5.82256972876621,22.5));
#4353=CARTESIAN_POINT('Ctrl Pts',(2.02879223352631,-5.73079009988049,22.5));
#4354=CARTESIAN_POINT('Ctrl Pts',(2.13708684688756,-5.63492908227099,22.5));
#4355=CARTESIAN_POINT('Ctrl Pts',(2.24157315537933,-5.53508393231987,22.5));
#4356=CARTESIAN_POINT('Ctrl Pts',(2.34604371191895,-5.43525383463777,22.5));
#4357=CARTESIAN_POINT('Ctrl Pts',(2.446707174615,-5.33144010715994,22.5));
#4358=CARTESIAN_POINT('Ctrl Pts',(2.5431598009112,-5.22375675429081,22.5));
#4359=CARTESIAN_POINT('Ctrl Pts',(2.63961242720741,-5.11607340142169,22.5));
#4360=CARTESIAN_POINT('Ctrl Pts',(2.73185417030255,-5.00451967545412,22.5));
#4361=CARTESIAN_POINT('Ctrl Pts',(2.81943073361741,-4.88923721425297,22.5));
#4362=CARTESIAN_POINT('Ctrl Pts',(-2.38949979913796,-5.11266886859687,21.8886739174684));
#4363=CARTESIAN_POINT('Ctrl Pts',(-1.54207429579942,-5.5087287586573,21.9941937242268));
#4364=CARTESIAN_POINT('Ctrl Pts',(0.352672809406785,-5.87094523053978,22.2052333377435));
#4365=CARTESIAN_POINT('Ctrl Pts',(3.11077094707675,-4.99139980210649,22.5217927580186));
#4366=CARTESIAN_POINT('Ctrl Pts',(5.11485129524894,-2.90321461113307,22.8383521782937));
#4367=CARTESIAN_POINT('Ctrl Pts',(5.88036822384898,-0.111711678544005,23.1549115985688));
#4368=CARTESIAN_POINT('Ctrl Pts',(5.22149171980808,2.70677690849224,23.4714710188439));
#4369=CARTESIAN_POINT('Ctrl Pts',(3.29801269508713,4.86970608408162,23.788030439119));
#4370=CARTESIAN_POINT('Ctrl Pts',(0.575703988471066,5.85315020939681,24.1045898593941));
#4371=CARTESIAN_POINT('Ctrl Pts',(-2.28602597623768,5.41894072740537,24.4211492796692));
#4372=CARTESIAN_POINT('Ctrl Pts',(-4.59407748735389,3.67223212522545,24.7377086999443));
#4373=CARTESIAN_POINT('Ctrl Pts',(-5.78941605089888,1.03609261280226,25.0542681202194));
#4374=CARTESIAN_POINT('Ctrl Pts',(-5.5825310294313,-1.8509948382407,25.3708275404946));
#4375=CARTESIAN_POINT('Ctrl Pts',(-4.02352783773037,-4.28976147847684,25.6873869607696));
#4376=CARTESIAN_POINT('Ctrl Pts',(-1.49000647950591,-5.68952656900689,26.0039463810448));
#4377=CARTESIAN_POINT('Ctrl Pts',(1.40440220999476,-5.71125955302853,26.3205058013198));
#4378=CARTESIAN_POINT('Ctrl Pts',(3.95865748485315,-4.34969679506174,26.637065221595));
#4379=CARTESIAN_POINT('Ctrl Pts',(5.55410605753988,-1.93461554706322,26.9536246418701));
#4380=CARTESIAN_POINT('Ctrl Pts',(5.80432215594798,0.94903930691372,27.2701840621452));
#4381=CARTESIAN_POINT('Ctrl Pts',(4.64870223033579,3.602832072436,27.5867434824203));
#4382=CARTESIAN_POINT('Ctrl Pts',(2.36714321884541,5.38400077225727,27.9033029026953));
#4383=CARTESIAN_POINT('Ctrl Pts',(-0.487749790421809,5.86113738861405,28.2198623229705));
#4384=CARTESIAN_POINT('Ctrl Pts',(-3.22450734753284,4.91867702842105,28.5364217432456));
#4385=CARTESIAN_POINT('Ctrl Pts',(-5.18027299463766,2.78488833600933,28.8529811635207));
#4386=CARTESIAN_POINT('Ctrl Pts',(-5.88135044983696,-0.0234143284064923,
29.1695405837958));
#4387=CARTESIAN_POINT('Ctrl Pts',(-5.15793522410692,-2.82604592450671,29.4861000040709));
#4388=CARTESIAN_POINT('Ctrl Pts',(-3.18524212654945,-4.9441949738362,29.802659424346));
#4389=CARTESIAN_POINT('Ctrl Pts',(-0.441067354072271,-5.86483511558585,
30.1192188446211));
#4390=CARTESIAN_POINT('Ctrl Pts',(2.40993615148961,-5.36498267374956,30.4357782648962));
#4391=CARTESIAN_POINT('Ctrl Pts',(4.67724099160092,-3.56570442554976,30.7523376851713));
#4392=CARTESIAN_POINT('Ctrl Pts',(5.81169452227383,-0.902794618753226,31.0688971054464));
#4393=CARTESIAN_POINT('Ctrl Pts',(5.53852638851367,1.97877658860988,31.3854565257215));
#4394=CARTESIAN_POINT('Ctrl Pts',(3.9238992872082,4.38107814672726,31.7020159459966));
#4395=CARTESIAN_POINT('Ctrl Pts',(1.35888402896015,5.72226052707537,32.0185753662717));
#4396=CARTESIAN_POINT('Ctrl Pts',(-1.53525978057245,5.67748260675834,32.3351347865468));
#4397=CARTESIAN_POINT('Ctrl Pts',(-4.05755594405427,4.25758982345138,32.6516942068219));
#4398=CARTESIAN_POINT('Ctrl Pts',(-5.59709163559027,1.80648735580753,32.968253627097));
#4399=CARTESIAN_POINT('Ctrl Pts',(-5.78098356197307,-1.08215544173838,33.2848130473722));
#4400=CARTESIAN_POINT('Ctrl Pts',(-4.56469217307681,-3.70869474464242,33.6013724676472));
#4401=CARTESIAN_POINT('Ctrl Pts',(-2.2428093650716,-5.43696951396953,33.9179318879224));
#4402=CARTESIAN_POINT('Ctrl Pts',(0.622293159554472,-5.84838290191901,34.2344913081974));
#4403=CARTESIAN_POINT('Ctrl Pts',(3.33667314884038,-4.84328851522338,34.5510507284725));
#4404=CARTESIAN_POINT('Ctrl Pts',(5.24289410749386,-2.66512527313315,34.8676101487477));
#4405=CARTESIAN_POINT('Ctrl Pts',(5.87925972502916,0.158544724090623,35.1841695690227));
#4406=CARTESIAN_POINT('Ctrl Pts',(5.09163904595431,2.94381439115996,35.5007289892979));
#4407=CARTESIAN_POINT('Ctrl Pts',(3.07079776295587,5.01607739602492,35.8172884095729));
#4408=CARTESIAN_POINT('Ctrl Pts',(0.306193805977481,5.87342120889248,36.1338478298481));
#4409=CARTESIAN_POINT('Ctrl Pts',(-2.53257183192863,5.30819284314433,36.4504072501232));
#4410=CARTESIAN_POINT('Ctrl Pts',(-4.75793582532254,3.45729345384497,36.7669666703983));
#4411=CARTESIAN_POINT('Ctrl Pts',(-5.83090381440891,0.76902018894076,37.0835260906734));
#4412=CARTESIAN_POINT('Ctrl Pts',(-5.49159755182002,-2.10551363632042,37.4000855109484));
#4413=CARTESIAN_POINT('Ctrl Pts',(-3.82219872213491,-4.47008146149455,37.7166449312236));
#4414=CARTESIAN_POINT('Ctrl Pts',(-1.22704412424141,-5.75197305809508,38.0332043514986));
#4415=CARTESIAN_POINT('Ctrl Pts',(1.66530673644301,-5.64070782947003,38.3497637717738));
#4416=CARTESIAN_POINT('Ctrl Pts',(4.15431192381893,-4.16323477400721,38.6663231920489));
#4417=CARTESIAN_POINT('Ctrl Pts',(5.63712185396235,-1.67740530208624,38.982882612324));
#4418=CARTESIAN_POINT('Ctrl Pts',(5.75459249858473,1.21470017663592,39.2994420325991));
#4419=CARTESIAN_POINT('Ctrl Pts',(4.47827187631091,3.81259915880619,39.6160014528742));
#4420=CARTESIAN_POINT('Ctrl Pts',(2.11729126577136,5.48706743532237,39.9325608731493));
#4421=CARTESIAN_POINT('Ctrl Pts',(-0.756507945986889,5.83254036175883,40.2491202934244));
#4422=CARTESIAN_POINT('Ctrl Pts',(-3.4470771256076,4.76534265651483,40.5656797136995));
#4423=CARTESIAN_POINT('Ctrl Pts',(-5.30274687574286,2.54395497516884,40.8822391339747));
#4424=CARTESIAN_POINT('Ctrl Pts',(-5.87406464304194,-0.293591405275216,
41.1987985542497));
#4425=CARTESIAN_POINT('Ctrl Pts',(-5.02265438873583,-3.06002846967142,41.5153579745248));
#4426=CARTESIAN_POINT('Ctrl Pts',(-2.95473196169471,-5.0853112371247,41.8319173947999));
#4427=CARTESIAN_POINT('Ctrl Pts',(-0.171158581915926,-5.87890602780173,
42.1484768150751));
#4428=CARTESIAN_POINT('Ctrl Pts',(2.65387026787006,-5.24860018911731,42.4650362353501));
#4429=CARTESIAN_POINT('Ctrl Pts',(4.83611838144536,-3.34705696762593,42.7815956556253));
#4430=CARTESIAN_POINT('Ctrl Pts',(5.84703428211551,-0.634839702328924,43.0981550759003));
#4431=CARTESIAN_POINT('Ctrl Pts',(5.44176905064471,2.23113893411688,43.4147144961755));
#4432=CARTESIAN_POINT('Ctrl Pts',(3.7184799658568,4.55672449105808,43.7312739164505));
#4433=CARTESIAN_POINT('Ctrl Pts',(1.09455631766334,5.77864844157786,44.0478333367257));
#4434=CARTESIAN_POINT('Ctrl Pts',(-1.79447437973656,5.60095465473129,44.3643927570008));
#4435=CARTESIAN_POINT('Ctrl Pts',(-4.24887435050189,4.06668146005244,44.6809521772759));
#4436=CARTESIAN_POINT('Ctrl Pts',(-5.67417556834503,1.54743754752278,44.997511597551));
#4437=CARTESIAN_POINT('Ctrl Pts',(-5.72516290454666,-1.34660352750533,45.3140710178261));
#4438=CARTESIAN_POINT('Ctrl Pts',(-4.38948696965174,-3.91449045051135,45.6306304381012));
#4439=CARTESIAN_POINT('Ctrl Pts',(-1.99065519775187,-5.53426808417792,45.9471898583763));
#4440=CARTESIAN_POINT('Ctrl Pts',(0.89032328231378,-5.81361813304392,46.2637492786514));
#4441=CARTESIAN_POINT('Ctrl Pts',(3.55566098227059,-4.68488060926269,46.5803086989265));
#4442=CARTESIAN_POINT('Ctrl Pts',(5.35979969613912,-2.42144142220164,46.8968681192016));
#4443=CARTESIAN_POINT('Ctrl Pts',(5.865767946916,0.428483064799482,47.2134275394767));
#4444=CARTESIAN_POINT('Ctrl Pts',(4.95101767764788,3.17462679688576,47.5299869597518));
#4445=CARTESIAN_POINT('Ctrl Pts',(2.83710600762873,5.15185994038696,47.8465463800269));
#4446=CARTESIAN_POINT('Ctrl Pts',(0.0360329829760018,5.88128667623207,48.163105800302));
#4447=CARTESIAN_POINT('Ctrl Pts',(-2.77376741151299,5.18623617768372,48.4796652205771));
#4448=CARTESIAN_POINT('Ctrl Pts',(-4.91174737814043,3.23505317378518,48.7962246408523));
#4449=CARTESIAN_POINT('Ctrl Pts',(-5.86007740821092,0.500324008681378,49.1127840611273));
#4450=CARTESIAN_POINT('Ctrl Pts',(-5.38906719535215,-2.35558614953186,49.4293434814024));
#4451=CARTESIAN_POINT('Ctrl Pts',(-3.61279778378453,-4.64096148630524,49.7459029016776));
#4452=CARTESIAN_POINT('Ctrl Pts',(-0.961490565223776,-5.8022725924307,50.0624623219526));
#4453=CARTESIAN_POINT('Ctrl Pts',(1.92269450756237,-5.55824407294934,50.3790217422278));
#4454=CARTESIAN_POINT('Ctrl Pts',(4.34119329340315,-3.96798086351213,50.6955811625028));
#4455=CARTESIAN_POINT('Ctrl Pts',(5.7082332136958,-1.4166527174813,51.012140582778));
#4456=CARTESIAN_POINT('Ctrl Pts',(5.69271031922565,1.47779584695204,51.328700003053));
#4457=CARTESIAN_POINT('Ctrl Pts',(4.2983843331625,4.01431481928238,51.6452594233282));
#4458=CARTESIAN_POINT('Ctrl Pts',(1.86296802718551,5.57854653772571,51.9618188436032));
#4459=CARTESIAN_POINT('Ctrl Pts',(-1.02366851157713,5.79162620705898,52.2783782638784));
#4460=CARTESIAN_POINT('Ctrl Pts',(-3.66236738455654,4.60194485890731,52.5949376841535));
#4461=CARTESIAN_POINT('Ctrl Pts',(-5.41402244374448,2.29764930364013,52.9114971044285));
#4462=CARTESIAN_POINT('Ctrl Pts',(-5.8543740174594,-0.56314847738698,53.2280565247037));
#4463=CARTESIAN_POINT('Ctrl Pts',(-4.87676673819111,-3.28754886277905,53.5446159449787));
#4464=CARTESIAN_POINT('Ctrl Pts',(-2.71798200942446,-5.21568836687278,53.861175365254));
#4465=CARTESIAN_POINT('Ctrl Pts',(0.0991116420414887,-5.88056189715735,
54.1777347855289));
#4466=CARTESIAN_POINT('Ctrl Pts',(2.89219995496103,-5.12113373818829,54.4942942058041));
#4467=CARTESIAN_POINT('Ctrl Pts',(4.98478288190689,-3.12134121238532,54.8108536260792));
#4468=CARTESIAN_POINT('Ctrl Pts',(5.87002630568477,-0.365544134757704,55.1274130463542));
#4469=CARTESIAN_POINT('Ctrl Pts',(5.33351981349091,2.47878957214741,55.4439724666295));
#4470=CARTESIAN_POINT('Ctrl Pts',(3.50520797805343,4.72274796855365,55.7605318869045));
#4471=CARTESIAN_POINT('Ctrl Pts',(0.827917128086705,5.82283303666759,56.0770913071797));
#4472=CARTESIAN_POINT('Ctrl Pts',(-2.0498994173354,5.51259863609668,56.3936507274547));
#4473=CARTESIAN_POINT('Ctrl Pts',(-4.43122000642344,3.86718510011606,56.7102101477299));
#4474=CARTESIAN_POINT('Ctrl Pts',(-5.73927680695168,1.28511986875675,57.0267695680049));
#4475=CARTESIAN_POINT('Ctrl Pts',(-5.65725187818348,-1.60820786301913,57.3433289882801));
#4476=CARTESIAN_POINT('Ctrl Pts',(-4.20501207071038,-4.1120195560171,57.6598884085551));
#4477=CARTESIAN_POINT('Ctrl Pts',(-1.73429717524614,-5.61987941612809,57.9764478288303));
#4478=CARTESIAN_POINT('Ctrl Pts',(1.15647322504408,-5.76657619594532,58.2930072491053));
#4479=CARTESIAN_POINT('Ctrl Pts',(3.76713998952305,-4.51657919704983,58.6095666693804));
#4480=CARTESIAN_POINT('Ctrl Pts',(5.46538648795121,-2.17264398399907,58.9261260896556));
#4481=CARTESIAN_POINT('Ctrl Pts',(5.83988887087641,0.697516537223765,59.2426855099307));
#4482=CARTESIAN_POINT('Ctrl Pts',(4.79994077622679,3.39873504242423,59.5592449302057));
#4483=CARTESIAN_POINT('Ctrl Pts',(2.59742286674329,5.27676281399931,59.8758043504809));
#4484=CARTESIAN_POINT('Ctrl Pts',(-0.234203934289618,5.87673207327424,60.1923637707559));
#4485=CARTESIAN_POINT('Ctrl Pts',(-3.00910536365358,5.05332724591613,60.5089231910311));
#4486=CARTESIAN_POINT('Ctrl Pts',(-5.05518632865583,3.00598112543277,60.8254826113061));
#4487=CARTESIAN_POINT('Ctrl Pts',(-5.87687572133625,0.230571246809591,61.1420420315813));
#4488=CARTESIAN_POINT('Ctrl Pts',(-5.27515623510004,-2.60068414829101,61.4586014518564));
#4489=CARTESIAN_POINT('Ctrl Pts',(-3.39576735805922,-4.80204075303684,61.7751608721315));
#4490=CARTESIAN_POINT('Ctrl Pts',(-0.693906535483008,-5.84031891799591,
62.0917202924065));
#4491=CARTESIAN_POINT('Ctrl Pts',(2.17602194252428,-5.46404244580328,62.4082797126818));
#4492=CARTESIAN_POINT('Ctrl Pts',(4.51890695380288,-3.76434739188069,62.7248391329567));
#4493=CARTESIAN_POINT('Ctrl Pts',(5.76728995652465,-1.15290845311187,63.041398553232));
#4494=CARTESIAN_POINT('Ctrl Pts',(5.61880630412897,1.73777071576417,63.357957973507));
#4495=CARTESIAN_POINT('Ctrl Pts',(4.10941948456684,4.20755307081794,63.6745173937821));
#4496=CARTESIAN_POINT('Ctrl Pts',(1.60471058250954,5.65824489486526,63.9910768140572));
#4497=CARTESIAN_POINT('Ctrl Pts',(-1.2886672993839,5.73848132656939,64.3076362343323));
#4498=CARTESIAN_POINT('Ctrl Pts',(-3.86992347530813,4.4288286983294,64.6241956546074));
#4499=CARTESIAN_POINT('Ctrl Pts',(-5.51386470759947,2.04649146838583,64.9407550748826));
#4500=CARTESIAN_POINT('Ctrl Pts',(-5.82232015559082,-0.831516295503505,
65.2573144951576));
#4501=CARTESIAN_POINT('Ctrl Pts',(-4.7205803572755,-3.50812662747395,65.5738739154327));
#4502=CARTESIAN_POINT('Ctrl Pts',(-2.47549223702938,-5.3350510333355,65.8904333357079));
#4503=CARTESIAN_POINT('Ctrl Pts',(0.369172562554048,-5.8697992268002,66.2069927559829));
#4504=CARTESIAN_POINT('Ctrl Pts',(3.12442190938526,-4.98285250394193,66.5235521762581));
#4505=CARTESIAN_POINT('Ctrl Pts',(5.12292054407284,-2.88903382517467,66.8401115965331));
#4506=CARTESIAN_POINT('Ctrl Pts',(5.88062203854799,-0.0954766130036116,
67.1566710168083));
#4507=CARTESIAN_POINT('Ctrl Pts',(5.214007277222,2.72120551538523,67.4732304370834));
#4508=CARTESIAN_POINT('Ctrl Pts',(3.28453371046147,4.87879797170668,67.7897898573584));
#4509=CARTESIAN_POINT('Ctrl Pts',(0.559529547469627,5.85472100354879,68.1063492776336));
#4510=CARTESIAN_POINT('Ctrl Pts',(-2.30099548811666,5.41260114063043,68.4229086979086));
#4511=CARTESIAN_POINT('Ctrl Pts',(-4.60420783522093,3.65952203900688,68.7394681181838));
#4512=CARTESIAN_POINT('Ctrl Pts',(-5.79225787095664,1.02008828060506,69.0560275384588));
#4513=CARTESIAN_POINT('Ctrl Pts',(-5.57739389703213,-1.86641599361873,69.372586958734));
#4514=CARTESIAN_POINT('Ctrl Pts',(-4.01165704937494,-4.30086492023258,69.689146379009));
#4515=CARTESIAN_POINT('Ctrl Pts',(-1.47427667307932,-5.69362271625905,70.0057057992842));
#4516=CARTESIAN_POINT('Ctrl Pts',(1.42018093369476,-5.7073564335388,70.3222652195593));
#4517=CARTESIAN_POINT('Ctrl Pts',(3.97066357034144,-4.33873969662279,70.6388246398344));
#4518=CARTESIAN_POINT('Ctrl Pts',(5.55943150529796,-1.91925836764814,70.9553840601095));
#4519=CARTESIAN_POINT('Ctrl Pts',(5.80167714820728,0.965076997890069,71.2719434803846));
#4520=CARTESIAN_POINT('Ctrl Pts',(4.63872738509758,3.61566585716001,71.5885029006597));
#4521=CARTESIAN_POINT('Ctrl Pts',(2.35225450189709,5.39052224762979,71.9050623209348));
#4522=CARTESIAN_POINT('Ctrl Pts',(-0.503946260917425,5.85976701840562,72.22162174121));
#4523=CARTESIAN_POINT('Ctrl Pts',(-3.23808870289961,4.90974672422529,72.538181161485));
#4524=CARTESIAN_POINT('Ctrl Pts',(-5.18794976324676,2.77056106193581,72.8547405817601));
#4525=CARTESIAN_POINT('Ctrl Pts',(-5.88126327919558,-0.0396684342095986,
73.1713000020353));
#4526=CARTESIAN_POINT('Ctrl Pts',(-5.15010522763093,-2.84029003593215,73.4878594223103));
#4527=CARTESIAN_POINT('Ctrl Pts',(-3.17156576867146,-4.95297909534033,73.8044188425855));
#4528=CARTESIAN_POINT('Ctrl Pts',(-0.424857117567056,-5.86603168876026,
74.1209782628605));
#4529=CARTESIAN_POINT('Ctrl Pts',(2.42475406578259,-5.35830188253311,74.4375376831357));
#4530=CARTESIAN_POINT('Ctrl Pts',(4.68707761024382,-3.55276439120834,74.7540971034107));
#4531=CARTESIAN_POINT('Ctrl Pts',(5.81416736672976,-0.886729482729567,75.0706565236859));
#4532=CARTESIAN_POINT('Ctrl Pts',(5.53303652340535,1.99407576951061,75.3872159439609));
#4533=CARTESIAN_POINT('Ctrl Pts',(3.91177638549814,4.39190583388875,75.7037753642361));
#4534=CARTESIAN_POINT('Ctrl Pts',(1.34306431845799,5.72599420016926,76.0203347845111));
#4535=CARTESIAN_POINT('Ctrl Pts',(-1.55094468635962,5.67321795136938,76.3368942047863));
#4536=CARTESIAN_POINT('Ctrl Pts',(-4.06930708200054,4.24635976057932,76.6534536250613));
#4537=CARTESIAN_POINT('Ctrl Pts',(-5.60206282093967,1.79101186320262,76.9700130453365));
#4538=CARTESIAN_POINT('Ctrl Pts',(-5.77797074861325,-1.09812812187675,77.2865724656115));
#4539=CARTESIAN_POINT('Ctrl Pts',(-4.55442507956747,-3.72129594879174,77.6031318858867));
#4540=CARTESIAN_POINT('Ctrl Pts',(-2.22777473313657,-5.4431471670611,77.9196913061618));
#4541=CARTESIAN_POINT('Ctrl Pts',(0.63845386638896,-5.846640745281,78.2362507264369));
#4542=CARTESIAN_POINT('Ctrl Pts',(3.35004572603972,-4.83404850796204,78.552810146712));
#4543=CARTESIAN_POINT('Ctrl Pts',(5.25023964955415,-2.65062539151356,78.8693695669871));
#4544=CARTESIAN_POINT('Ctrl Pts',(5.87879910469218,0.174792535760106,79.1859289872622));
#4545=CARTESIAN_POINT('Ctrl Pts',(5.08348382778403,2.95787483111526,79.5024884075373));
#4546=CARTESIAN_POINT('Ctrl Pts',(3.0569231818396,5.02454495494056,79.8190478278124));
#4547=CARTESIAN_POINT('Ctrl Pts',(0.289960355294456,5.87424500138056,80.1356072480876));
#4548=CARTESIAN_POINT('Ctrl Pts',(-2.54723232871756,5.30117334251796,80.4521666683626));
#4549=CARTESIAN_POINT('Ctrl Pts',(-4.76747252210658,3.44413081848609,80.7687260886378));
#4550=CARTESIAN_POINT('Ctrl Pts',(-5.83300687522735,0.752902475382822,81.0852855089128));
#4551=CARTESIAN_POINT('Ctrl Pts',(-5.48575760475757,-2.12068263673079,81.401844929188));
#4552=CARTESIAN_POINT('Ctrl Pts',(-3.80983023176343,-4.48062774051007,81.7184043494631));
#4553=CARTESIAN_POINT('Ctrl Pts',(-1.21114280118138,-5.75534225385715,82.0349637697382));
#4554=CARTESIAN_POINT('Ctrl Pts',(1.68088951171266,-5.63608390580742,82.3515231900132));
#4555=CARTESIAN_POINT('Ctrl Pts',(4.16580192469742,-4.15173766850391,82.6680826102884));
#4556=CARTESIAN_POINT('Ctrl Pts',(5.64173614440601,-1.66181967156183,82.9846420305635));
#4557=CARTESIAN_POINT('Ctrl Pts',(5.75121347422366,1.23059941402359,83.3012014508385));
#4558=CARTESIAN_POINT('Ctrl Pts',(4.4677179538525,3.82496112773855,83.6177608711137));
#4559=CARTESIAN_POINT('Ctrl Pts',(2.10211865835455,5.49289800470432,83.9343202913888));
#4560=CARTESIAN_POINT('Ctrl Pts',(-0.772624356479716,5.8304273383399,84.2508797116638));
#4561=CARTESIAN_POINT('Ctrl Pts',(-3.46023386343869,4.7557978252023,84.5674391319391));
#4562=CARTESIAN_POINT('Ctrl Pts',(-5.30975731278972,2.52929014214722,84.8839985522141));
#4563=CARTESIAN_POINT('Ctrl Pts',(-5.87323081616723,-0.309824343637795,
85.2005579724892));
#4564=CARTESIAN_POINT('Ctrl Pts',(-5.01417825500536,-3.07389781400073,85.5171173927643));
#4565=CARTESIAN_POINT('Ctrl Pts',(-2.94066648335964,-5.09345776241762,85.8336768130394));
#4566=CARTESIAN_POINT('Ctrl Pts',(-0.154910488622718,-5.87935660462959,
86.1502362333144));
#4567=CARTESIAN_POINT('Ctrl Pts',(2.66836560614664,-5.2412456855046,86.4667956535897));
#4568=CARTESIAN_POINT('Ctrl Pts',(4.8453501208175,-3.333678681364,86.7833550738646));
#4569=CARTESIAN_POINT('Ctrl Pts',(5.84876644884254,-0.618677921685368,87.0999144941399));
#4570=CARTESIAN_POINT('Ctrl Pts',(5.4355821052271,2.24616974452554,87.4164739144148));
#4571=CARTESIAN_POINT('Ctrl Pts',(3.70587241761448,4.56698379329851,87.7330333346901));
#4572=CARTESIAN_POINT('Ctrl Pts',(1.0785817782363,5.78165138101076,88.049592754965));
#4573=CARTESIAN_POINT('Ctrl Pts',(-1.80994679649674,5.59597390431175,88.3661521752403));
#4574=CARTESIAN_POINT('Ctrl Pts',(-4.26009714738088,4.054923382601,88.6827115955152));
#4575=CARTESIAN_POINT('Ctrl Pts',(-5.67843052745274,1.53175000857836,88.9992710157905));
#4576=CARTESIAN_POINT('Ctrl Pts',(-5.72141945337134,-1.36242092705266,89.3158304360654));
#4577=CARTESIAN_POINT('Ctrl Pts',(-4.37865179090938,-3.92660665687986,89.6323898563408));
#4578=CARTESIAN_POINT('Ctrl Pts',(-1.97535262626896,-5.53974849120239,89.9489492766157));
#4579=CARTESIAN_POINT('Ctrl Pts',(0.906386886703862,-5.81113535855931,90.2655086968909));
#4580=CARTESIAN_POINT('Ctrl Pts',(3.56859493373401,-4.67503599374538,90.5820681171659));
#4581=CARTESIAN_POINT('Ctrl Pts',(5.36647132653294,-2.40661938107938,90.8986275374411));
#4582=CARTESIAN_POINT('Ctrl Pts',(5.86456135377946,0.444692558565344,91.2151869577161));
#4583=CARTESIAN_POINT('Ctrl Pts',(4.94222510391164,3.18829772232028,91.5317463779913));
#4584=CARTESIAN_POINT('Ctrl Pts',(2.82285705890603,5.15968113054201,91.8483057982664));
#4585=CARTESIAN_POINT('Ctrl Pts',(0.0197788263646586,5.88136379948686,92.1648652185415));
#4586=CARTESIAN_POINT('Ctrl Pts',(-2.78808993747208,5.17855055439781,92.4814246388166));
#4587=CARTESIAN_POINT('Ctrl Pts',(-4.92066928557255,3.22146630060132,92.7979840590917));
#4588=CARTESIAN_POINT('Ctrl Pts',(-5.86143776623068,0.484126694669488,93.1145434793668));
#4589=CARTESIAN_POINT('Ctrl Pts',(-5.38253651840029,-2.37047083339454,93.4311028996419));
#4590=CARTESIAN_POINT('Ctrl Pts',(-3.59995783468869,-4.65092839467032,93.7476623199169));
#4591=CARTESIAN_POINT('Ctrl Pts',(-0.945451244280349,-5.80490768992718,
94.0642217401922));
#4592=CARTESIAN_POINT('Ctrl Pts',(1.93804839609254,-5.55290912570069,94.3807811604671));
#4593=CARTESIAN_POINT('Ctrl Pts',(4.35214296043959,-3.95596802259361,94.6973405807424));
#4594=CARTESIAN_POINT('Ctrl Pts',(5.71212659477094,-1.40087155342579,95.0139000010173));
#4595=CARTESIAN_POINT('Ctrl Pts',(5.68860441784712,1.49352305678128,95.3304594212925));
#4596=CARTESIAN_POINT('Ctrl Pts',(4.28727361930975,4.0261788655073,95.6470188415676));
#4597=CARTESIAN_POINT('Ctrl Pts',(1.84754357167559,5.58367388863706,95.9635782618428));
#4598=CARTESIAN_POINT('Ctrl Pts',(-1.03967082798607,5.78877499245925,96.2801376821178));
#4599=CARTESIAN_POINT('Ctrl Pts',(-3.67507172028813,4.59180565732319,96.5966971023929));
#4600=CARTESIAN_POINT('Ctrl Pts',(-5.42035174474173,2.28267788072746,96.913256522668));
#4601=CARTESIAN_POINT('Ctrl Pts',(-5.85279529516441,-0.579325967645349,
97.2298159429431));
#4602=CARTESIAN_POINT('Ctrl Pts',(-4.8676623670897,-3.30101415081878,97.5463753632182));
#4603=CARTESIAN_POINT('Ctrl Pts',(-2.70355711402107,-5.22318009215774,97.8629347834934));
#4604=CARTESIAN_POINT('Ctrl Pts',(0.115363279477427,-5.88026552611658,98.1794942037684));
#4605=CARTESIAN_POINT('Ctrl Pts',(2.90634210604558,-5.11312105337959,98.4960536240435));
#4606=CARTESIAN_POINT('Ctrl Pts',(4.99339024646783,-3.10755292639835,98.8126130443186));
#4607=CARTESIAN_POINT('Ctrl Pts',(5.87101413670324,-0.34931983985707,99.1291724645938));
#4608=CARTESIAN_POINT('Ctrl Pts',(5.32664885332231,2.49352027007741,99.4457318848688));
#4609=CARTESIAN_POINT('Ctrl Pts',(3.49214240783323,4.73241722033251,99.762291305144));
#4610=CARTESIAN_POINT('Ctrl Pts',(0.811821494683246,5.82509890084771,100.078850725419));
#4611=CARTESIAN_POINT('Ctrl Pts',(-2.06512667050008,5.50691230896918,100.395410145694));
#4612=CARTESIAN_POINT('Ctrl Pts',(-4.44189076199176,3.85492383873135,100.711969565969));
#4613=CARTESIAN_POINT('Ctrl Pts',(-5.74280655421744,1.26925341233504,101.028528986244));
#4614=CARTESIAN_POINT('Ctrl Pts',(-5.65278569459315,-1.62383657887421,101.345088406519));
#4615=CARTESIAN_POINT('Ctrl Pts',(-4.19363168840859,-4.12362517766374,101.661647826795));
#4616=CARTESIAN_POINT('Ctrl Pts',(-1.71875898010552,-5.62465100359069,101.97820724707));
#4617=CARTESIAN_POINT('Ctrl Pts',(1.17240580395438,-5.76335804672424,102.294766667345));
#4618=CARTESIAN_POINT('Ctrl Pts',(3.77960800139986,-4.50615076308386,102.61132608762));
#4619=CARTESIAN_POINT('Ctrl Pts',(5.47137011756455,-2.15753108448262,102.927885507895));
#4620=CARTESIAN_POINT('Ctrl Pts',(5.83793885301739,0.713653481962242,103.24444492817));
#4621=CARTESIAN_POINT('Ctrl Pts',(4.79052941503561,3.41198758314936,103.561004348445));
#4622=CARTESIAN_POINT('Ctrl Pts',(2.58282964126933,5.28392111864547,103.87756376872));
#4623=CARTESIAN_POINT('Ctrl Pts',(-0.250444471386669,5.87606236442728,104.194123188995));
#4624=CARTESIAN_POINT('Ctrl Pts',(-3.0230596725477,5.04499173042956,104.510682609271));
#4625=CARTESIAN_POINT('Ctrl Pts',(-5.06347460549875,2.9919987071114,104.827242029546));
#4626=CARTESIAN_POINT('Ctrl Pts',(-5.87749050376047,0.214328537746409,105.143801449821));
#4627=CARTESIAN_POINT('Ctrl Pts',(-5.26794861970804,-2.61525308220888,105.460360870096));
#4628=CARTESIAN_POINT('Ctrl Pts',(-3.38248306557598,-4.81140724268678,105.776920290371));
#4629=CARTESIAN_POINT('Ctrl Pts',(-0.677763088409797,-5.84221435244173,
106.093479710646));
#4630=CARTESIAN_POINT('Ctrl Pts',(2.19111452005374,-5.4580077412822,106.410039130921));
#4631=CARTESIAN_POINT('Ctrl Pts',(4.529293163548,-3.75184418420131,106.726598551196));
#4632=CARTESIAN_POINT('Ctrl Pts',(5.77045420620931,-1.13696508210475,107.043157971471));
#4633=CARTESIAN_POINT('Ctrl Pts',(5.61398219655442,1.75329268539593,107.359717391746));
#4634=CARTESIAN_POINT('Ctrl Pts',(4.09777544286596,4.2188941399047,107.676276812022));
#4635=CARTESIAN_POINT('Ctrl Pts',(1.58906685219277,5.66265819939356,107.992836232297));
#4636=CARTESIAN_POINT('Ctrl Pts',(-1.304521728105,5.73489794196822,108.309395652572));
#4637=CARTESIAN_POINT('Ctrl Pts',(-3.88214857998262,4.41811653838784,108.625955072847));
#4638=CARTESIAN_POINT('Ctrl Pts',(-5.51949950637843,2.03124507215176,108.942514493122));
#4639=CARTESIAN_POINT('Ctrl Pts',(-5.81999987178092,-0.84760417411304,109.259073913397));
#4640=CARTESIAN_POINT('Ctrl Pts',(-4.71086697543073,-3.5211594233105,109.575633333672));
#4641=CARTESIAN_POINT('Ctrl Pts',(-2.46073838684671,-5.3418721376042,109.892192753947));
#4642=CARTESIAN_POINT('Ctrl Pts',(0.38539342375061,-5.8687565338102,110.208752174222));
#4643=CARTESIAN_POINT('Ctrl Pts',(3.1381810084783,-4.9741985589934,110.525311594498));
#4644=CARTESIAN_POINT('Ctrl Pts',(5.13088535578996,-2.87486465767224,110.841871014773));
#4645=CARTESIAN_POINT('Ctrl Pts',(5.88086344985921,-0.0792240658664099,
111.158430435048));
#4646=CARTESIAN_POINT('Ctrl Pts',(5.20646680815042,2.73560499190288,111.474989855323));
#4647=CARTESIAN_POINT('Ctrl Pts',(3.27103771851371,4.88785675500012,111.791549275598));
#4648=CARTESIAN_POINT('Ctrl Pts',(0.543346793810811,5.85624500452378,112.108108695873));
#4649=CARTESIAN_POINT('Ctrl Pts',(-2.31594538683176,5.40622125099504,112.424668116148));
#4650=CARTESIAN_POINT('Ctrl Pts',(-4.61430408330535,3.64678347522807,112.741227536423));
#4651=CARTESIAN_POINT('Ctrl Pts',(-5.79505481527085,1.00407643694152,113.057786956698));
#4652=CARTESIAN_POINT('Ctrl Pts',(-5.57221468763491,-1.88182306837353,113.374346376973));
#4653=CARTESIAN_POINT('Ctrl Pts',(-3.99975494478999,-4.31193535368252,113.690905797249));
#4654=CARTESIAN_POINT('Ctrl Pts',(-1.45853677501265,-5.69767559775784,114.007465217524));
#4655=CARTESIAN_POINT('Ctrl Pts',(1.4359510628058,-5.70340932393887,114.324024637799));
#4656=CARTESIAN_POINT('Ctrl Pts',(3.98263485364078,-4.32775023293502,114.640584058074));
#4657=CARTESIAN_POINT('Ctrl Pts',(5.5647234464348,-1.90388498785935,114.957143478349));
#4658=CARTESIAN_POINT('Ctrl Pts',(5.798969865458,0.981104230895593,115.273702898624));
#4659=CARTESIAN_POINT('Ctrl Pts',(4.62875315646147,3.62847821596379,115.590262318899));
#4660=CARTESIAN_POINT('Ctrl Pts',(2.33727538985739,5.39699014291977,115.906821739174));
#4661=CARTESIAN_POINT('Ctrl Pts',(-0.519992186306021,5.85837656657765,116.223381159449));
#4662=CARTESIAN_POINT('Ctrl Pts',(-3.25195495846967,4.90073106368605,116.539940579725));
#4663=CARTESIAN_POINT('Ctrl Pts',(-4.54706650589195,3.4710620653078,116.750980193241));
#4664=CARTESIAN_POINT('Ctrl Pts',(-4.98543023385719,2.64472638156439,116.8565));
#4665=CARTESIAN_POINT('Ctrl Pts',(-2.71150114533169,-5.80163576406387,22.0924492783123));
#4666=CARTESIAN_POINT('Ctrl Pts',(-1.74987929304498,-6.25106741746104,22.1979690850706));
#4667=CARTESIAN_POINT('Ctrl Pts',(0.400197868599486,-6.66209502195034,22.4090086985873));
#4668=CARTESIAN_POINT('Ctrl Pts',(3.52996848499684,-5.66402486625142,22.7255681188625));
#4669=CARTESIAN_POINT('Ctrl Pts',(5.80411228754749,-3.29444252143103,23.0421275391376));
#4670=CARTESIAN_POINT('Ctrl Pts',(6.67278782768298,-0.126765586851359,23.3586869594127));
#4671=CARTESIAN_POINT('Ctrl Pts',(5.92512323445572,3.07153350261087,23.6752463796877));
#4672=CARTESIAN_POINT('Ctrl Pts',(3.74244233176891,5.52593209222269,23.9918057999629));
#4673=CARTESIAN_POINT('Ctrl Pts',(0.653284015623028,6.64190200070473,24.308365220238));
#4674=CARTESIAN_POINT('Ctrl Pts',(-2.59408352118832,6.14917983845201,24.6249246405131));
#4675=CARTESIAN_POINT('Ctrl Pts',(-5.21316066785051,4.16709037475744,24.9414840607882));
#4676=CARTESIAN_POINT('Ctrl Pts',(-6.56957923096598,1.17571313766023,25.2580434810633));
#4677=CARTESIAN_POINT('Ctrl Pts',(-6.3348150460668,-2.10042897919617,25.5746029013384));
#4678=CARTESIAN_POINT('Ctrl Pts',(-4.56572557328345,-4.86783600747156,25.8911623216135));
#4679=CARTESIAN_POINT('Ctrl Pts',(-1.69079498445215,-6.45622896215472,26.2077217418886));
#4680=CARTESIAN_POINT('Ctrl Pts',(1.59365495752752,-6.48089061355447,26.5242811621637));
#4681=CARTESIAN_POINT('Ctrl Pts',(4.49211349924686,-4.9358480155179,26.8408405824388));
#4682=CARTESIAN_POINT('Ctrl Pts',(6.30255961592724,-2.19531814714144,27.1574000027139));
#4683=CARTESIAN_POINT('Ctrl Pts',(6.58649403502982,1.07692880685313,27.473959422989));
#4684=CARTESIAN_POINT('Ctrl Pts',(5.27514646638971,4.08833819294414,27.7905188432641));
#4685=CARTESIAN_POINT('Ctrl Pts',(2.68613186382313,6.10953148676099,28.1070782635392));
#4686=CARTESIAN_POINT('Ctrl Pts',(-0.553477391310603,6.65096550663318,28.4236376838144));
#4687=CARTESIAN_POINT('Ctrl Pts',(-3.65903163880579,5.58150220430731,28.7401971040894));
#4688=CARTESIAN_POINT('Ctrl Pts',(-5.87835000578712,3.16017097613247,29.0567565243646));
#4689=CARTESIAN_POINT('Ctrl Pts',(-6.67390241530184,-0.0265695683734087,
29.3733159446396));
#4690=CARTESIAN_POINT('Ctrl Pts',(-5.85300206878366,-3.20687482954569,29.6898753649148));
#4691=CARTESIAN_POINT('Ctrl Pts',(-3.6144751622969,-5.6104588663856,30.0064347851898));
#4692=CARTESIAN_POINT('Ctrl Pts',(-0.500504179228965,-6.65516152745845,
30.322994205465));
#4693=CARTESIAN_POINT('Ctrl Pts',(2.73469143512706,-6.08795057015896,30.6395536257401));
#4694=CARTESIAN_POINT('Ctrl Pts',(5.30753101979488,-4.0462073431772,30.9561130460151));
#4695=CARTESIAN_POINT('Ctrl Pts',(6.59485987784914,-1.02445233250563,31.2726724662903));
#4696=CARTESIAN_POINT('Ctrl Pts',(6.2848804805602,2.24543018932538,31.5892318865654));
#4697=CARTESIAN_POINT('Ctrl Pts',(4.4526713981184,4.97145821770913,31.9057913068405));
#4698=CARTESIAN_POINT('Ctrl Pts',(1.54200289208127,6.49337404365922,32.2223507271156));
#4699=CARTESIAN_POINT('Ctrl Pts',(-1.74214647555349,6.44256199409592,32.5389101473907));
#4700=CARTESIAN_POINT('Ctrl Pts',(-4.60433919832083,4.83132900316869,32.8554695676658));
#4701=CARTESIAN_POINT('Ctrl Pts',(-6.35133779291577,2.04992381086051,33.1720289879409));
#4702=CARTESIAN_POINT('Ctrl Pts',(-6.56001040681767,-1.22798324601626,33.488588408216));
#4703=CARTESIAN_POINT('Ctrl Pts',(-5.1798154826586,-4.20846658008154,33.8051478284911));
#4704=CARTESIAN_POINT('Ctrl Pts',(-2.54504317780073,-6.16963812659891,34.1217072487662));
#4705=CARTESIAN_POINT('Ctrl Pts',(0.706151394309741,-6.63649226612729,34.4382666690413));
#4706=CARTESIAN_POINT('Ctrl Pts',(3.78631254455105,-5.49595457632505,34.7548260893164));
#4707=CARTESIAN_POINT('Ctrl Pts',(5.94940973941541,-3.02426902616188,35.0713855095916));
#4708=CARTESIAN_POINT('Ctrl Pts',(6.67152995110954,0.179909703743513,35.3879449298666));
#4709=CARTESIAN_POINT('Ctrl Pts',(5.77777202982039,3.34051339788934,35.7045043501417));
#4710=CARTESIAN_POINT('Ctrl Pts',(3.48460864250362,5.69202793375454,36.0210637704169));
#4711=CARTESIAN_POINT('Ctrl Pts',(0.347455503407398,6.66490465522236,36.3376231906919));
#4712=CARTESIAN_POINT('Ctrl Pts',(-2.87385310741049,6.02350792371688,36.6541826109671));
#4713=CARTESIAN_POINT('Ctrl Pts',(-5.39910003107391,3.92318725585595,36.9707420312421));
#4714=CARTESIAN_POINT('Ctrl Pts',(-6.6166577527199,0.872650888628774,37.2873014515173));
#4715=CARTESIAN_POINT('Ctrl Pts',(-6.23162766401264,-2.38924591600888,37.6038608717924));
#4716=CARTESIAN_POINT('Ctrl Pts',(-4.33726599035206,-5.07245533435123,37.9204202920674));
#4717=CARTESIAN_POINT('Ctrl Pts',(-1.39239666370902,-6.52709054027481,38.2369797123426));
#4718=CARTESIAN_POINT('Ctrl Pts',(1.88971814302847,-6.40083156550475,38.5535391326177));
#4719=CARTESIAN_POINT('Ctrl Pts',(4.71413370428573,-4.72425896921096,38.8700985528928));
#4720=CARTESIAN_POINT('Ctrl Pts',(6.3967623554133,-1.90344707266061,39.1866579731678));
#4721=CARTESIAN_POINT('Ctrl Pts',(6.53006296818226,1.37838928522665,39.503217393443));
#4722=CARTESIAN_POINT('Ctrl Pts',(5.08174946325773,4.32637282058917,39.8197768137181));
#4723=CARTESIAN_POINT('Ctrl Pts',(2.4026106611145,6.22648708351281,40.1363362339932));
#4724=CARTESIAN_POINT('Ctrl Pts',(-0.858452535855444,6.61851483595348,40.4528956542683));
#4725=CARTESIAN_POINT('Ctrl Pts',(-3.91159420791905,5.40750498313474,40.7694550745434));
#4726=CARTESIAN_POINT('Ctrl Pts',(-6.01732807517628,2.88677020660602,41.0860144948185));
#4727=CARTESIAN_POINT('Ctrl Pts',(-6.66563479649873,-0.333154843516015,
41.4025739150936));
#4728=CARTESIAN_POINT('Ctrl Pts',(-5.69949122095582,-3.47238811371949,41.7191333353687));
#4729=CARTESIAN_POINT('Ctrl Pts',(-3.35290218529154,-5.7705915057228,42.0356927556438));
#4730=CARTESIAN_POINT('Ctrl Pts',(-0.194223364683164,-6.67112859077564,
42.3522521759189));
#4731=CARTESIAN_POINT('Ctrl Pts',(3.0114973324072,-5.95588475433811,42.668811596194));
#4732=CARTESIAN_POINT('Ctrl Pts',(5.48781821826459,-3.79809565352641,42.9853710164691));
#4733=CARTESIAN_POINT('Ctrl Pts',(6.63496191063483,-0.720388669037703,43.3019304367442));
#4734=CARTESIAN_POINT('Ctrl Pts',(6.17508443347723,2.53180007691763,43.6184898570193));
#4735=CARTESIAN_POINT('Ctrl Pts',(4.21957042639263,5.17077410130877,43.9350492772944));
#4736=CARTESIAN_POINT('Ctrl Pts',(1.24205522429625,6.55736061307073,44.2516086975696));
#4737=CARTESIAN_POINT('Ctrl Pts',(-2.03629200457749,6.355721380154,44.5681681178446));
#4738=CARTESIAN_POINT('Ctrl Pts',(-4.82143906097532,4.61469443965194,44.8847275381198));
#4739=CARTESIAN_POINT('Ctrl Pts',(-6.43880930976904,1.75596527940741,45.2012869583948));
#4740=CARTESIAN_POINT('Ctrl Pts',(-6.49666753623049,-1.5280675095498,45.51784637867));
#4741=CARTESIAN_POINT('Ctrl Pts',(-4.98100018670144,-4.44199465669794,45.834405798945));
#4742=CARTESIAN_POINT('Ctrl Pts',(-2.25890952182207,-6.28004834075936,46.1509652192202));
#4743=CARTESIAN_POINT('Ctrl Pts',(1.0103003986777,-6.59704270825077,46.4675246394952));
#4744=CARTESIAN_POINT('Ctrl Pts',(4.03481047762221,-5.31620012788485,46.7840840597704));
#4745=CARTESIAN_POINT('Ctrl Pts',(6.08206915107203,-2.7477471193017,47.1006434800455));
#4746=CARTESIAN_POINT('Ctrl Pts',(6.65622006415345,0.486224071405344,47.4172029003206));
#4747=CARTESIAN_POINT('Ctrl Pts',(5.61820097592929,3.60242934477833,47.7337623205957));
#4748=CARTESIAN_POINT('Ctrl Pts',(3.21942533407535,5.84610809927141,48.0503217408708));
#4749=CARTESIAN_POINT('Ctrl Pts',(0.0408886724511717,6.67383004777002,48.3668811611459));
#4750=CARTESIAN_POINT('Ctrl Pts',(-3.1475514314396,5.88511676829743,48.683440581421));
#4751=CARTESIAN_POINT('Ctrl Pts',(-5.57363873653077,3.6709985868557,49.0000000016961));
#4752=CARTESIAN_POINT('Ctrl Pts',(-6.64976268666302,0.567746070983504,49.3165594219712));
#4753=CARTESIAN_POINT('Ctrl Pts',(-6.11528064481883,-2.6730174008332,49.6331188422463));
#4754=CARTESIAN_POINT('Ctrl Pts',(-4.09964685166227,-5.26636260446511,49.9496782625214));
#4755=CARTESIAN_POINT('Ctrl Pts',(-1.0910579568872,-6.58416827889187,50.2662376827965));
#4756=CARTESIAN_POINT('Ctrl Pts',(2.18179066650653,-6.30725525705103,50.5827971030716));
#4757=CARTESIAN_POINT('Ctrl Pts',(4.92619860918824,-4.50269326657776,50.8993565233467));
#4758=CARTESIAN_POINT('Ctrl Pts',(6.477456454418,-1.60755630419953,51.2159159436218));
#4759=CARTESIAN_POINT('Ctrl Pts',(6.4598417443645,1.67693888613112,51.5324753638969));
#4760=CARTESIAN_POINT('Ctrl Pts',(4.87762085046027,4.55527103795242,51.849034784172));
#4761=CARTESIAN_POINT('Ctrl Pts',(2.11401563676723,6.33029361700992,52.1655942044472));
#4762=CARTESIAN_POINT('Ctrl Pts',(-1.16161480431294,6.57208722069739,52.4821536247222));
#4763=CARTESIAN_POINT('Ctrl Pts',(-4.15589629320461,5.22208822121774,52.7987130449974));
#4764=CARTESIAN_POINT('Ctrl Pts',(-6.14359878262422,2.60727317099517,53.1152724652724));
#4765=CARTESIAN_POINT('Ctrl Pts',(-6.64329072522547,-0.63903656404472,53.4318318855476));
#4766=CARTESIAN_POINT('Ctrl Pts',(-5.53394421748486,-3.73056842690478,53.7483913058226));
#4767=CARTESIAN_POINT('Ctrl Pts',(-3.08424856708675,-5.91853784025044,54.0649507260978));
#4768=CARTESIAN_POINT('Ctrl Pts',(0.112467609751723,-6.67300759978659,54.3815101463728));
#4769=CARTESIAN_POINT('Ctrl Pts',(3.28194356544175,-5.81124133239262,54.698069566648));
#4770=CARTESIAN_POINT('Ctrl Pts',(5.65651627106084,-3.54196316543198,55.0146289869231));
#4771=CARTESIAN_POINT('Ctrl Pts',(6.66105226572256,-0.414803692564577,55.3311884071982));
#4772=CARTESIAN_POINT('Ctrl Pts',(6.05224787553748,2.81282332241201,55.6477478274733));
#4773=CARTESIAN_POINT('Ctrl Pts',(3.97755858801347,5.35917037133298,55.9643072477484));
#4774=CARTESIAN_POINT('Ctrl Pts',(0.93948459081547,6.60749938279778,56.2808666680235));
#4775=CARTESIAN_POINT('Ctrl Pts',(-2.32613730284682,6.25545878719998,56.5974260882986));
#4776=CARTESIAN_POINT('Ctrl Pts',(-5.0283570339569,4.38831458866717,56.9139855085737));
#4777=CARTESIAN_POINT('Ctrl Pts',(-6.51268338295715,1.45829850970463,57.2305449288488));
#4778=CARTESIAN_POINT('Ctrl Pts',(-6.4196050372795,-1.82492480814648,57.5471043491238));
#4779=CARTESIAN_POINT('Ctrl Pts',(-4.77166604072458,-4.66614215234049,57.863663769399));
#4780=CARTESIAN_POINT('Ctrl Pts',(-1.96800551258548,-6.37719638183474,58.1802231896741));
#4781=CARTESIAN_POINT('Ctrl Pts',(1.31231585597278,-6.54366155024963,58.4967826099493));
#4782=CARTESIAN_POINT('Ctrl Pts',(4.27478771912922,-5.12521895595057,58.8133420302243));
#4783=CARTESIAN_POINT('Ctrl Pts',(6.201884481056,-2.46542253451402,59.1299014504995));
#4784=CARTESIAN_POINT('Ctrl Pts',(6.6268536066435,0.79151163362827,59.4464608707745));
#4785=CARTESIAN_POINT('Ctrl Pts',(5.44676543474019,3.85673770030741,59.7630202910497));
#4786=CARTESIAN_POINT('Ctrl Pts',(2.94744326014422,5.98784248442485,60.0795797113247));
#4787=CARTESIAN_POINT('Ctrl Pts',(-0.265764506988723,6.66866168109299,60.3961391315999));
#4788=CARTESIAN_POINT('Ctrl Pts',(-3.41460277289584,5.73429745421224,60.7126985518749));
#4789=CARTESIAN_POINT('Ctrl Pts',(-5.73640706099265,3.41105752233035,61.02925797215));
#4790=CARTESIAN_POINT('Ctrl Pts',(-6.66882468670814,0.261642290168948,61.3458173924252));
#4791=CARTESIAN_POINT('Ctrl Pts',(-5.98601940809437,-2.95114402155679,61.6623768127002));
#4792=CARTESIAN_POINT('Ctrl Pts',(-3.85337010029434,-5.44914839770497,61.9789362329754));
#4793=CARTESIAN_POINT('Ctrl Pts',(-0.787415159605394,-6.62734160553661,
62.2954956532504));
#4794=CARTESIAN_POINT('Ctrl Pts',(2.4692556959202,-6.20035932008933,62.6120550735256));
#4795=CARTESIAN_POINT('Ctrl Pts',(5.12786039375453,-4.27161879996523,62.9286144938006));
#4796=CARTESIAN_POINT('Ctrl Pts',(6.54447149492051,-1.30827070678272,63.2451739140758));
#4797=CARTESIAN_POINT('Ctrl Pts',(6.37597866069671,1.97194713630795,63.5617333343509));
#4798=CARTESIAN_POINT('Ctrl Pts',(4.66319170358216,4.77454945787511,63.878292754626));
#4799=CARTESIAN_POINT('Ctrl Pts',(1.82095624530716,6.42073186971157,64.1948521749011));
#4800=CARTESIAN_POINT('Ctrl Pts',(-1.46232398073087,6.51178070618416,64.5114115951761));
#4801=CARTESIAN_POINT('Ctrl Pts',(-4.39142197853696,5.02564348083661,64.8279710154514));
#4802=CARTESIAN_POINT('Ctrl Pts',(-6.2568954704469,2.32227010960267,65.1445304357263));
#4803=CARTESIAN_POINT('Ctrl Pts',(-6.60691738750838,-0.943568770515566,
65.4610898560015));
#4804=CARTESIAN_POINT('Ctrl Pts',(-5.35671065969562,-3.98087054528985,65.7776492762766));
#4805=CARTESIAN_POINT('Ctrl Pts',(-2.80908164896536,-6.05398543766822,66.0942086965517));
#4806=CARTESIAN_POINT('Ctrl Pts',(0.418921075679321,-6.66079458641419,66.4107681168268));
#4807=CARTESIAN_POINT('Ctrl Pts',(3.54545900730103,-5.65432576153878,66.7273275371019));
#4808=CARTESIAN_POINT('Ctrl Pts',(5.81326892252016,-3.27835077813741,67.0438869573771));
#4809=CARTESIAN_POINT('Ctrl Pts',(6.67307584563858,-0.108342735833258,67.3604463776521));
#4810=CARTESIAN_POINT('Ctrl Pts',(5.91663021233803,3.08790646239517,67.6770057979273));
#4811=CARTESIAN_POINT('Ctrl Pts',(3.72714696230976,5.53624917352878,67.9935652182023));
#4812=CARTESIAN_POINT('Ctrl Pts',(0.634929958712734,6.64368447004987,68.3101246384775));
#4813=CARTESIAN_POINT('Ctrl Pts',(-2.61107027658354,6.14198594925086,68.6266840587525));
#4814=CARTESIAN_POINT('Ctrl Pts',(-5.22465614897758,4.15266751799415,68.9432434790276));
#4815=CARTESIAN_POINT('Ctrl Pts',(-6.57280400560049,1.15755211287227,69.2598028993028));
#4816=CARTESIAN_POINT('Ctrl Pts',(-6.32898565014507,-2.11792824012305,69.5763623195779));
#4817=CARTESIAN_POINT('Ctrl Pts',(-4.55225511547746,-4.88043571350573,69.8929217398529));
#4818=CARTESIAN_POINT('Ctrl Pts',(-1.67294547964912,-6.46087709310232,70.209481160128));
#4819=CARTESIAN_POINT('Ctrl Pts',(1.61155997153919,-6.47646152217285,70.5260405804032));
#4820=CARTESIAN_POINT('Ctrl Pts',(4.50573748639437,-4.92341437355759,70.8426000006783));
#4821=CARTESIAN_POINT('Ctrl Pts',(6.30860270398303,-2.17789148337353,71.1591594209533));
#4822=CARTESIAN_POINT('Ctrl Pts',(6.58349259451039,1.09512768574256,71.4757188412285));
#4823=CARTESIAN_POINT('Ctrl Pts',(5.26382744292812,4.10290141742763,71.7922782615035));
#4824=CARTESIAN_POINT('Ctrl Pts',(2.66923679102486,6.11693177528507,72.1088376817788));
#4825=CARTESIAN_POINT('Ctrl Pts',(-0.571856446339211,6.64941046972084,72.4253971020537));
#4826=CARTESIAN_POINT('Ctrl Pts',(-3.67444317415952,5.57136848089637,72.7419565223289));
#4827=CARTESIAN_POINT('Ctrl Pts',(-5.88706127116724,3.14391300445411,73.0585159426039));
#4828=CARTESIAN_POINT('Ctrl Pts',(-6.67380349782378,-0.0450140254590975,
73.3750753628791));
#4829=CARTESIAN_POINT('Ctrl Pts',(-5.84411692703967,-3.22303843184365,73.6916347831542));
#4830=CARTESIAN_POINT('Ctrl Pts',(-3.59895582219756,-5.62042670799318,74.0081942034293));
#4831=CARTESIAN_POINT('Ctrl Pts',(-0.482109503127364,-6.65651934700465,
74.3247536237044));
#4832=CARTESIAN_POINT('Ctrl Pts',(2.75150616413074,-6.08036949689766,74.6413130439796));
#4833=CARTESIAN_POINT('Ctrl Pts',(5.31869318968752,-4.03152355121789,74.9578724642545));
#4834=CARTESIAN_POINT('Ctrl Pts',(6.5976659549105,-1.00622231016213,75.2744318845298));
#4835=CARTESIAN_POINT('Ctrl Pts',(6.27865081879823,2.26279103888474,75.5909913048047));
#4836=CARTESIAN_POINT('Ctrl Pts',(4.4389148529689,4.98374500934237,75.90755072508));
#4837=CARTESIAN_POINT('Ctrl Pts',(1.52405136801716,6.49761085459093,76.224110145355));
#4838=CARTESIAN_POINT('Ctrl Pts',(-1.75994502905062,6.43772264739425,76.5406695656301));
#4839=CARTESIAN_POINT('Ctrl Pts',(-4.61767388201144,4.81858561296179,76.8572289859052));
#4840=CARTESIAN_POINT('Ctrl Pts',(-6.35697887929436,2.03236289039593,77.1737884061804));
#4841=CARTESIAN_POINT('Ctrl Pts',(-6.5565915963709,-1.24610835341523,77.4903478264554));
#4842=CARTESIAN_POINT('Ctrl Pts',(-5.16816482848409,-4.22276588217638,77.8069072467306));
#4843=CARTESIAN_POINT('Ctrl Pts',(-2.52798252697908,-6.17664826045172,78.1234666670056));
#4844=CARTESIAN_POINT('Ctrl Pts',(0.724489866280687,-6.63451534203589,78.4400260872808));
#4845=CARTESIAN_POINT('Ctrl Pts',(3.80148716745964,-5.48546941525451,78.7565855075558));
#4846=CARTESIAN_POINT('Ctrl Pts',(5.95774514321695,-3.00781518689691,79.073144927831));
#4847=CARTESIAN_POINT('Ctrl Pts',(6.67100725905001,0.19834701851827,79.3897043481061));
#4848=CARTESIAN_POINT('Ctrl Pts',(5.76851784054733,3.35646857773762,79.7062637683812));
#4849=CARTESIAN_POINT('Ctrl Pts',(3.46886436723676,5.70163655381224,80.0228231886563));
#4850=CARTESIAN_POINT('Ctrl Pts',(0.329034484859668,6.6658394593499,80.3393826089314));
#4851=CARTESIAN_POINT('Ctrl Pts',(-2.89048920583102,6.0155424976495,80.6559420292065));
#4852=CARTESIAN_POINT('Ctrl Pts',(-5.40992186259779,3.90825086587841,80.9725014494815));
#4853=CARTESIAN_POINT('Ctrl Pts',(-6.61904421528412,0.854361203570739,81.2890608697568));
#4854=CARTESIAN_POINT('Ctrl Pts',(-6.22500074437271,-2.4064590423716,81.6056202900318));
#4855=CARTESIAN_POINT('Ctrl Pts',(-4.32323076179904,-5.08442279617729,81.9221797103069));
#4856=CARTESIAN_POINT('Ctrl Pts',(-1.37435252923991,-6.53091375807589,82.238739130582));
#4857=CARTESIAN_POINT('Ctrl Pts',(1.90740080322637,-6.39558453668656,82.5552985508571));
#4858=CARTESIAN_POINT('Ctrl Pts',(4.72717206091297,-4.7112125505624,82.8718579711323));
#4859=CARTESIAN_POINT('Ctrl Pts',(6.40199845287075,-1.88576117244296,83.1884173914073));
#4860=CARTESIAN_POINT('Ctrl Pts',(6.52622859731164,1.39643105296486,83.5049768116824));
#4861=CARTESIAN_POINT('Ctrl Pts',(5.06977332798287,4.34040064889479,83.8215362319576));
#4862=CARTESIAN_POINT('Ctrl Pts',(2.38539344167668,6.23310336176602,84.1380956522327));
#4863=CARTESIAN_POINT('Ctrl Pts',(-0.876740742251482,6.61611706826059,84.4546550725077));
#4864=CARTESIAN_POINT('Ctrl Pts',(-3.92652390563685,5.39667392089935,84.7712144927829));
#4865=CARTESIAN_POINT('Ctrl Pts',(-6.02528321628517,2.87012918761595,85.087773913058));
#4866=CARTESIAN_POINT('Ctrl Pts',(-6.66468860578275,-0.351575280704631,
85.404333333333));
#4867=CARTESIAN_POINT('Ctrl Pts',(-5.68987287056866,-3.48812644650674,85.7208927536082));
#4868=CARTESIAN_POINT('Ctrl Pts',(-3.33694128810756,-5.77983583069416,86.0374521738832));
#4869=CARTESIAN_POINT('Ctrl Pts',(-0.175785730333964,-6.6716398858949,86.3540115941584));
#4870=CARTESIAN_POINT('Ctrl Pts',(3.02794601608278,-5.94753918135402,86.6705710144335));
#4871=CARTESIAN_POINT('Ctrl Pts',(5.49829399729163,-3.78291455222024,86.9871304347085));
#4872=CARTESIAN_POINT('Ctrl Pts',(6.63692749860682,-0.702048978554609,87.3036898549837));
#4873=CARTESIAN_POINT('Ctrl Pts',(6.16806375509423,2.54885639123623,87.6202492752587));
#4874=CARTESIAN_POINT('Ctrl Pts',(4.20526392529512,5.1824159142879,87.9368086955339));
#4875=CARTESIAN_POINT('Ctrl Pts',(1.22392800705681,6.56076821901176,88.2533681158089));
#4876=CARTESIAN_POINT('Ctrl Pts',(-2.05384943470635,6.35006943974703,88.5699275360841));
#4877=CARTESIAN_POINT('Ctrl Pts',(-4.83417420604717,4.60135188131065,88.8864869563592));
#4878=CARTESIAN_POINT('Ctrl Pts',(-6.44363765354964,1.73816373791719,89.2030463766343));
#4879=CARTESIAN_POINT('Ctrl Pts',(-6.49241962955435,-1.5460164112422,89.5196057969093));
#4880=CARTESIAN_POINT('Ctrl Pts',(-4.96870489394588,-4.45574360426308,89.8361652171846));
#4881=CARTESIAN_POINT('Ctrl Pts',(-2.24154482477651,-6.28626726989637,90.1527246374596));
#4882=CARTESIAN_POINT('Ctrl Pts',(1.02852868298958,-6.59422536302185,90.4692840577348));
#4883=CARTESIAN_POINT('Ctrl Pts',(4.04948736699437,-5.3050288834846,90.7858434780098));
#4884=CARTESIAN_POINT('Ctrl Pts',(6.08963982902755,-2.73092770735044,91.102402898285));
#4885=CARTESIAN_POINT('Ctrl Pts',(6.65485087438711,0.504617904678412,91.41896231856));
#4886=CARTESIAN_POINT('Ctrl Pts',(5.60822354309383,3.61794252037551,91.7355217388352));
#4887=CARTESIAN_POINT('Ctrl Pts',(3.20325624262144,5.85498324798283,92.0520811591102));
#4888=CARTESIAN_POINT('Ctrl Pts',(0.0224441577104828,6.67391756390783,92.3686405793854));
#4889=CARTESIAN_POINT('Ctrl Pts',(-3.16380401516281,5.87639545501258,92.6851999996604));
#4890=CARTESIAN_POINT('Ctrl Pts',(-5.58376293165708,3.65558079012151,93.0017594199356));
#4891=CARTESIAN_POINT('Ctrl Pts',(-6.65130636217618,0.549366058769068,93.3183188402106));
#4892=CARTESIAN_POINT('Ctrl Pts',(-6.10786991474004,-2.68990789706012,93.6348782604858));
#4893=CARTESIAN_POINT('Ctrl Pts',(-4.08507663211592,-5.27767262150595,93.9514376807608));
#4894=CARTESIAN_POINT('Ctrl Pts',(-1.07285722838154,-6.58715847369428,94.267997101036));
#4895=CARTESIAN_POINT('Ctrl Pts',(2.1992135959204,-6.30120138938375,94.5845565213111));
#4896=CARTESIAN_POINT('Ctrl Pts',(4.93862381831402,-4.48906161365985,94.9011159415862));
#4897=CARTESIAN_POINT('Ctrl Pts',(6.48187449506745,-1.58964852097787,95.2176753618612));
#4898=CARTESIAN_POINT('Ctrl Pts',(6.45518254485565,1.69478544442766,95.5342347821364));
#4899=CARTESIAN_POINT('Ctrl Pts',(4.86501289236459,4.56873384507998,95.8507942024114));
#4900=CARTESIAN_POINT('Ctrl Pts',(2.09651263099323,6.33611191332183,96.1673536226866));
#4901=CARTESIAN_POINT('Ctrl Pts',(-1.17977354167146,6.56885178554249,96.4839130429617));
#4902=CARTESIAN_POINT('Ctrl Pts',(-4.17031262456372,5.21058269327503,96.8004724632368));
#4903=CARTESIAN_POINT('Ctrl Pts',(-6.15078099996917,2.59028424704147,97.1170318835119));
#4904=CARTESIAN_POINT('Ctrl Pts',(-6.64149925936617,-0.657394081120043,
97.433591303787));
#4905=CARTESIAN_POINT('Ctrl Pts',(-5.52361297046908,-3.74584825406992,97.7501507240621));
#4906=CARTESIAN_POINT('Ctrl Pts',(-3.06787981894052,-5.92703912646021,98.0667101443372));
#4907=CARTESIAN_POINT('Ctrl Pts',(0.130909265840988,-6.6726712907328,98.3832695646124));
#4908=CARTESIAN_POINT('Ctrl Pts',(3.29799146754957,-5.80214888382082,98.6998289848873));
#4909=CARTESIAN_POINT('Ctrl Pts',(5.66628353652522,-3.52631681414989,99.0163884051626));
#4910=CARTESIAN_POINT('Ctrl Pts',(6.66217321368787,-0.396393063603174,99.3329478254376));
#4911=CARTESIAN_POINT('Ctrl Pts',(6.04445100676461,2.82953908205473,99.6495072457127));
#4912=CARTESIAN_POINT('Ctrl Pts',(3.96273234336207,5.37014262053858,99.9660666659878));
#4913=CARTESIAN_POINT('Ctrl Pts',(0.921219961362872,6.61007058758373,100.282626086263));
#4914=CARTESIAN_POINT('Ctrl Pts',(-2.3434165319186,6.24900618882584,100.599185506538));
#4915=CARTESIAN_POINT('Ctrl Pts',(-5.04046574639768,4.37440103893603,100.915744926813));
#4916=CARTESIAN_POINT('Ctrl Pts',(-6.51668878766873,1.44029394039044,101.232304347088));
#4917=CARTESIAN_POINT('Ctrl Pts',(-6.41453700508098,-1.84265959973608,101.548863767363));
#4918=CARTESIAN_POINT('Ctrl Pts',(-4.75875207452263,-4.67931171042061,101.865423187638));
#4919=CARTESIAN_POINT('Ctrl Pts',(-1.95037343999213,-6.38261097315404,102.181982607914));
#4920=CARTESIAN_POINT('Ctrl Pts',(1.33039545823053,-6.54000973353805,102.498542028189));
#4921=CARTESIAN_POINT('Ctrl Pts',(4.28893588038714,-5.1133852195958,102.815101448464));
#4922=CARTESIAN_POINT('Ctrl Pts',(6.20867444544758,-2.44827306902216,103.131660868739));
#4923=CARTESIAN_POINT('Ctrl Pts',(6.62464081061812,0.809823141399193,103.448220289014));
#4924=CARTESIAN_POINT('Ctrl Pts',(5.43608582863258,3.87177611101066,103.764779709289));
#4925=CARTESIAN_POINT('Ctrl Pts',(2.93088349830577,5.99596541929754,104.081339129564));
#4926=CARTESIAN_POINT('Ctrl Pts',(-0.284193566892954,6.66790172442497,104.397898549839));
#4927=CARTESIAN_POINT('Ctrl Pts',(-3.43043751980077,5.72483867133354,104.714457970114));
#4928=CARTESIAN_POINT('Ctrl Pts',(-5.74581223949926,3.39519087806172,105.031017390389));
#4929=CARTESIAN_POINT('Ctrl Pts',(-6.66952231524445,0.24321076561138,105.347576810665));
#4930=CARTESIAN_POINT('Ctrl Pts',(-5.97784051751754,-2.96767621838678,105.66413623094));
#4931=CARTESIAN_POINT('Ctrl Pts',(-3.83829565906768,-5.45977708552605,105.980695651215));
#4932=CARTESIAN_POINT('Ctrl Pts',(-0.769096273265915,-6.62949246266268,
106.29725507149));
#4933=CARTESIAN_POINT('Ctrl Pts',(2.48638210089914,-6.1935113980989,106.613814491765));
#4934=CARTESIAN_POINT('Ctrl Pts',(5.13964621588757,-4.25743070003102,106.93037391204));
#4935=CARTESIAN_POINT('Ctrl Pts',(6.54806214876663,-1.29017885811973,107.246933332315));
#4936=CARTESIAN_POINT('Ctrl Pts',(6.37050447182324,1.98956079689478,107.56349275259));
#4937=CARTESIAN_POINT('Ctrl Pts',(4.64997854808426,4.78741881313897,107.880052172865));
#4938=CARTESIAN_POINT('Ctrl Pts',(1.80320441595506,6.42573989703489,108.196611593141));
#4939=CARTESIAN_POINT('Ctrl Pts',(-1.48031490153,6.50771443614148,108.513171013416));
#4940=CARTESIAN_POINT('Ctrl Pts',(-4.40529449919532,5.01348778450174,108.829730433691));
#4941=CARTESIAN_POINT('Ctrl Pts',(-6.26328959667715,2.30496915780274,109.146289853966));
#4942=CARTESIAN_POINT('Ctrl Pts',(-6.60428442967751,-0.961824600163032,
109.462849274241));
#4943=CARTESIAN_POINT('Ctrl Pts',(-5.34568833359764,-3.99565959898655,109.779408694516));
#4944=CARTESIAN_POINT('Ctrl Pts',(-2.79233961714649,-6.06172573211968,110.095968114791));
#4945=CARTESIAN_POINT('Ctrl Pts',(0.437327808221682,-6.65961138345363,110.412527535066));
#4946=CARTESIAN_POINT('Ctrl Pts',(3.56107223855678,-5.64450563866282,110.729086955341));
#4947=CARTESIAN_POINT('Ctrl Pts',(5.82230704677576,-3.26227221896569,111.045646375616));
#4948=CARTESIAN_POINT('Ctrl Pts',(6.67334978876556,-0.0899000474542975,
111.362205795892));
#4949=CARTESIAN_POINT('Ctrl Pts',(5.90807361378492,3.10424636628798,111.678765216167));
#4950=CARTESIAN_POINT('Ctrl Pts',(3.7118322936762,5.54652868946945,111.995324636442));
#4951=CARTESIAN_POINT('Ctrl Pts',(0.616566468957963,6.64541384051923,112.311884056717));
#4952=CARTESIAN_POINT('Ctrl Pts',(-2.6280347758077,6.13474632610476,112.628443476992));
#4953=CARTESIAN_POINT('Ctrl Pts',(-5.23611293514443,4.13821234612571,112.945002897267));
#4954=CARTESIAN_POINT('Ctrl Pts',(-6.57597785717986,1.1393825643968,113.261562317542));
#4955=CARTESIAN_POINT('Ctrl Pts',(-6.32310850706369,-2.135411522967,113.578121737817));
#4956=CARTESIAN_POINT('Ctrl Pts',(-4.53874912136706,-4.89299796314041,113.894681158093));
#4957=CARTESIAN_POINT('Ctrl Pts',(-1.65508452328889,-6.46547612794211,114.211240578367));
#4958=CARTESIAN_POINT('Ctrl Pts',(1.62945523278258,-6.47198251271453,114.527799998643));
#4959=CARTESIAN_POINT('Ctrl Pts',(4.51932198152133,-4.9109440049111,114.844359418918));
#4960=CARTESIAN_POINT('Ctrl Pts',(6.3146077701725,-2.1604464361214,115.160918839193));
#4961=CARTESIAN_POINT('Ctrl Pts',(6.58042048700152,1.11331469737849,115.477478259468));
#4962=CARTESIAN_POINT('Ctrl Pts',(5.25250911915994,4.11744032870244,115.794037679743));
#4963=CARTESIAN_POINT('Ctrl Pts',(2.65223914178198,6.12427126344615,116.110597100018));
#4964=CARTESIAN_POINT('Ctrl Pts',(-0.59006466928394,6.64783264505418,116.427156520293));
#4965=CARTESIAN_POINT('Ctrl Pts',(-3.69017800195621,5.56113789879425,116.743715940568));
#4966=CARTESIAN_POINT('Ctrl Pts',(-5.15981463696857,3.93881128133801,116.954755554085));
#4967=CARTESIAN_POINT('Ctrl Pts',(-5.65725085808833,3.00112124524466,117.060275360843));
#4968=CARTESIAN_POINT('Ctrl Pts',(-3.03350249152541,-6.49060265953086,22.2962246391561));
#4969=CARTESIAN_POINT('Ctrl Pts',(-1.95768429029054,-6.99340607626478,22.4017444459145));
#4970=CARTESIAN_POINT('Ctrl Pts',(0.447722927792185,-7.4532448133609,22.6127840594312));
#4971=CARTESIAN_POINT('Ctrl Pts',(3.94916602291692,-6.33664993039635,22.9293434797063));
#4972=CARTESIAN_POINT('Ctrl Pts',(6.49337327984604,-3.68567043172899,23.2459028999814));
#4973=CARTESIAN_POINT('Ctrl Pts',(7.46520743151697,-0.141819495158719,23.5624623202565));
#4974=CARTESIAN_POINT('Ctrl Pts',(6.62875474910336,3.43629009672951,23.8790217405316));
#4975=CARTESIAN_POINT('Ctrl Pts',(4.18687196845069,6.18215810036376,24.1955811608068));
#4976=CARTESIAN_POINT('Ctrl Pts',(0.730864042774987,7.43065379201267,24.5121405810818));
#4977=CARTESIAN_POINT('Ctrl Pts',(-2.90214106613895,6.87941894949864,24.828700001357));
#4978=CARTESIAN_POINT('Ctrl Pts',(-5.83224384834715,4.66194862428945,25.145259421632));
#4979=CARTESIAN_POINT('Ctrl Pts',(-7.34974241103306,1.3153336625182,25.4618188419072));
#4980=CARTESIAN_POINT('Ctrl Pts',(-7.08709906270231,-2.34986312015164,25.7783782621823));
#4981=CARTESIAN_POINT('Ctrl Pts',(-5.10792330883653,-5.44591053646629,26.0949376824573));
#4982=CARTESIAN_POINT('Ctrl Pts',(-1.89158348939839,-7.22293135530255,26.4114971027325));
#4983=CARTESIAN_POINT('Ctrl Pts',(1.7829077050603,-7.2505216740804,26.7280565230076));
#4984=CARTESIAN_POINT('Ctrl Pts',(5.02556951364058,-5.52199923597407,27.0446159432827));
#4985=CARTESIAN_POINT('Ctrl Pts',(7.05101317431462,-2.45602074721965,27.3611753635578));
#4986=CARTESIAN_POINT('Ctrl Pts',(7.36866591411168,1.20481830679253,27.6777347838329));
#4987=CARTESIAN_POINT('Ctrl Pts',(5.90159070244363,4.57384431345228,27.994294204108));
#4988=CARTESIAN_POINT('Ctrl Pts',(3.00512050880086,6.8350622012647,28.3108536243831));
#4989=CARTESIAN_POINT('Ctrl Pts',(-0.619204992199401,7.44079362465232,28.6274130446582));
#4990=CARTESIAN_POINT('Ctrl Pts',(-4.09355593007874,6.24432738019358,28.9439724649333));
#4991=CARTESIAN_POINT('Ctrl Pts',(-6.57642701693659,3.53545361625561,29.2605318852084));
#4992=CARTESIAN_POINT('Ctrl Pts',(-7.46645438076671,-0.0297248083403264,
29.5770913054835));
#4993=CARTESIAN_POINT('Ctrl Pts',(-6.54806891346041,-3.58770373458467,29.8936507257586));
#4994=CARTESIAN_POINT('Ctrl Pts',(-4.04370819804435,-6.276722758935,30.2102101460337));
#4995=CARTESIAN_POINT('Ctrl Pts',(-0.55994100438566,-7.44548793933105,30.5267695663088));
#4996=CARTESIAN_POINT('Ctrl Pts',(3.05944671876453,-6.81091846656837,30.8433289865839));
#4997=CARTESIAN_POINT('Ctrl Pts',(5.93782104798883,-4.52671026080464,31.159888406859));
#4998=CARTESIAN_POINT('Ctrl Pts',(7.37802523342446,-1.14611004625803,31.4764478271341));
#4999=CARTESIAN_POINT('Ctrl Pts',(7.03123457260673,2.51208379004089,31.7930072474092));
#5000=CARTESIAN_POINT('Ctrl Pts',(4.9814435090286,5.561838288691,32.1095666676843));
#5001=CARTESIAN_POINT('Ctrl Pts',(1.72512175520239,7.26448756024304,32.4261260879595));
#5002=CARTESIAN_POINT('Ctrl Pts',(-1.94903317053453,7.20764138143351,32.7426855082346));
#5003=CARTESIAN_POINT('Ctrl Pts',(-5.1511224525874,5.40506818288601,33.0592449285096));
#5004=CARTESIAN_POINT('Ctrl Pts',(-7.10558395024127,2.29336026591349,33.3758043487848));
#5005=CARTESIAN_POINT('Ctrl Pts',(-7.33903725166227,-1.37381105029413,33.6923637690599));
#5006=CARTESIAN_POINT('Ctrl Pts',(-5.79493879224039,-4.70823841552066,34.008923189335));
#5007=CARTESIAN_POINT('Ctrl Pts',(-2.84727699052985,-6.90230673922829,34.3254826096101));
#5008=CARTESIAN_POINT('Ctrl Pts',(0.790009629064999,-7.42460163033556,34.6420420298852));
#5009=CARTESIAN_POINT('Ctrl Pts',(4.23595194026174,-6.14862063742672,34.9586014501602));
#5010=CARTESIAN_POINT('Ctrl Pts',(6.65592537133692,-3.38341277919061,35.2751608704354));
#5011=CARTESIAN_POINT('Ctrl Pts',(7.46380017718994,0.201274683396404,35.5917202907105));
#5012=CARTESIAN_POINT('Ctrl Pts',(6.46390501368646,3.73721240461872,35.9082797109856));
#5013=CARTESIAN_POINT('Ctrl Pts',(3.89841952205139,6.36797847148415,36.2248391312607));
#5014=CARTESIAN_POINT('Ctrl Pts',(0.388717200837309,7.45638810155225,36.5413985515358));
#5015=CARTESIAN_POINT('Ctrl Pts',(-3.21513438289234,6.73882300428944,36.8579579718109));
#5016=CARTESIAN_POINT('Ctrl Pts',(-6.0402642368253,4.38908105786693,37.174517392086));
#5017=CARTESIAN_POINT('Ctrl Pts',(-7.40241169103087,0.976281588316787,37.4910768123611));
#5018=CARTESIAN_POINT('Ctrl Pts',(-6.97165777620528,-2.67297819569734,37.8076362326362));
#5019=CARTESIAN_POINT('Ctrl Pts',(-4.85233325856921,-5.67482920720792,38.1241956529113));
#5020=CARTESIAN_POINT('Ctrl Pts',(-1.55774920317663,-7.30220802245454,38.4407550731864));
#5021=CARTESIAN_POINT('Ctrl Pts',(2.11412954961394,-7.16095530153947,38.7573144934616));
#5022=CARTESIAN_POINT('Ctrl Pts',(5.27395548475253,-5.28528316441471,39.0738739137366));
#5023=CARTESIAN_POINT('Ctrl Pts',(7.15640285686425,-2.12948884323497,39.3904333340118));
#5024=CARTESIAN_POINT('Ctrl Pts',(7.30553343777978,1.54207839381737,39.7069927542868));
#5025=CARTESIAN_POINT('Ctrl Pts',(5.68522705020455,4.84014648237215,40.023552174562));
#5026=CARTESIAN_POINT('Ctrl Pts',(2.68793005645762,6.96590673170324,40.340111594837));
#5027=CARTESIAN_POINT('Ctrl Pts',(-0.960397125723992,7.40448931014814,40.6566710151122));
#5028=CARTESIAN_POINT('Ctrl Pts',(-4.37611129023051,6.04966730975464,40.9732304353873));
#5029=CARTESIAN_POINT('Ctrl Pts',(-6.7319092746097,3.22958543804321,41.2897898556624));
#5030=CARTESIAN_POINT('Ctrl Pts',(-7.45720494995552,-0.372718281756815,
41.6063492759375));
#5031=CARTESIAN_POINT('Ctrl Pts',(-6.37632805317581,-3.88474775776755,41.9229086962126));
#5032=CARTESIAN_POINT('Ctrl Pts',(-3.75107240888837,-6.45587177432091,42.2394681164877));
#5033=CARTESIAN_POINT('Ctrl Pts',(-0.217288147450402,-7.46335115374954,
42.5560275367628));
#5034=CARTESIAN_POINT('Ctrl Pts',(3.36912439694433,-6.66316931955892,42.8725869570379));
#5035=CARTESIAN_POINT('Ctrl Pts',(6.13951805508381,-4.2491343394269,43.189146377313));
#5036=CARTESIAN_POINT('Ctrl Pts',(7.42288953915417,-0.805937635746483,43.5057057975881));
#5037=CARTESIAN_POINT('Ctrl Pts',(6.90839981630974,2.83246121971837,43.8222652178632));
#5038=CARTESIAN_POINT('Ctrl Pts',(4.72066088692846,5.78482371155946,44.1388246381383));
#5039=CARTESIAN_POINT('Ctrl Pts',(1.38955413092916,7.3360727845636,44.4553840584134));
#5040=CARTESIAN_POINT('Ctrl Pts',(-2.27810962941842,7.11048810557672,44.7719434786885));
#5041=CARTESIAN_POINT('Ctrl Pts',(-5.39400377144873,5.16270741925143,45.0885028989636));
#5042=CARTESIAN_POINT('Ctrl Pts',(-7.20344305119307,1.96449301129204,45.4050623192387));
#5043=CARTESIAN_POINT('Ctrl Pts',(-7.26817216791432,-1.70953149159427,45.7216217395139));
#5044=CARTESIAN_POINT('Ctrl Pts',(-5.57251340375116,-4.96949886288452,46.0381811597889));
#5045=CARTESIAN_POINT('Ctrl Pts',(-2.52716384589226,-7.02582859734081,46.3547405800641));
#5046=CARTESIAN_POINT('Ctrl Pts',(1.13027751504162,-7.38046728345762,46.6713000003391));
#5047=CARTESIAN_POINT('Ctrl Pts',(4.51395997297384,-5.94751964650702,46.9878594206142));
#5048=CARTESIAN_POINT('Ctrl Pts',(6.80433860600494,-3.07405281640176,47.3044188408893));
#5049=CARTESIAN_POINT('Ctrl Pts',(7.44667218139091,0.543965078011198,47.6209782611645));
#5050=CARTESIAN_POINT('Ctrl Pts',(6.2853842742107,4.03023189267092,47.9375376814395));
#5051=CARTESIAN_POINT('Ctrl Pts',(3.60174466052197,6.54035625815584,48.2540971017147));
#5052=CARTESIAN_POINT('Ctrl Pts',(0.0457443619263332,7.46637341930799,48.5706565219897));
#5053=CARTESIAN_POINT('Ctrl Pts',(-3.52133545136619,6.58399735891112,48.8872159422649));
#5054=CARTESIAN_POINT('Ctrl Pts',(-6.23553009492111,4.10694399992622,49.2037753625399));
#5055=CARTESIAN_POINT('Ctrl Pts',(-7.43944796511511,0.635168133285627,49.5203347828151));
#5056=CARTESIAN_POINT('Ctrl Pts',(-6.84149409428552,-2.99044865213454,49.8368942030902));
#5057=CARTESIAN_POINT('Ctrl Pts',(-4.58649591954,-5.89176372262498,50.1534536233653));
#5058=CARTESIAN_POINT('Ctrl Pts',(-1.22062534855063,-7.36606396535304,50.4700130436403));
#5059=CARTESIAN_POINT('Ctrl Pts',(2.44088682545069,-7.05626644115273,50.7865724639155));
#5060=CARTESIAN_POINT('Ctrl Pts',(5.51120392497334,-5.03740566964339,51.1031318841906));
#5061=CARTESIAN_POINT('Ctrl Pts',(7.24667969514019,-1.79845989091777,51.4196913044657));
#5062=CARTESIAN_POINT('Ctrl Pts',(7.22697316950334,1.87608192531021,51.7362507247408));
#5063=CARTESIAN_POINT('Ctrl Pts',(5.45685736775804,5.09622725662246,52.0528101450159));
#5064=CARTESIAN_POINT('Ctrl Pts',(2.36506324634895,7.08204069629413,52.369369565291));
#5065=CARTESIAN_POINT('Ctrl Pts',(-1.29956109704875,7.35254823433579,52.6859289855661));
#5066=CARTESIAN_POINT('Ctrl Pts',(-4.64942520185268,5.84223158352818,53.0024884058412));
#5067=CARTESIAN_POINT('Ctrl Pts',(-6.87317512150394,2.91689703835021,53.3190478261163));
#5068=CARTESIAN_POINT('Ctrl Pts',(-7.43220743299155,-0.71492465070246,53.6356072463914));
#5069=CARTESIAN_POINT('Ctrl Pts',(-6.1911216967786,-4.17358799103052,53.9521666666665));
#5070=CARTESIAN_POINT('Ctrl Pts',(-3.45051512474905,-6.6213873136281,54.2687260869417));
#5071=CARTESIAN_POINT('Ctrl Pts',(0.125823577461958,-7.46545330241583,54.5852855072167));
#5072=CARTESIAN_POINT('Ctrl Pts',(3.67168717592248,-6.50134892659695,54.9018449274919));
#5073=CARTESIAN_POINT('Ctrl Pts',(6.32824966021478,-3.96258511847866,55.2184043477669));
#5074=CARTESIAN_POINT('Ctrl Pts',(7.45207822576035,-0.464063250371451,55.5349637680421));
#5075=CARTESIAN_POINT('Ctrl Pts',(6.77097593758404,3.14685707267661,55.8515231883171));
#5076=CARTESIAN_POINT('Ctrl Pts',(4.44990919797351,5.99559277411231,56.1680826085923));
#5077=CARTESIAN_POINT('Ctrl Pts',(1.05105205354423,7.39216572892798,56.4846420288673));
#5078=CARTESIAN_POINT('Ctrl Pts',(-2.60237518835824,6.99831893830328,56.8012014491425));
#5079=CARTESIAN_POINT('Ctrl Pts',(-5.62549406149038,4.90944407721827,57.1177608694176));
#5080=CARTESIAN_POINT('Ctrl Pts',(-7.2860899589626,1.63147715065251,57.4343202896927));
#5081=CARTESIAN_POINT('Ctrl Pts',(-7.18195819637555,-2.04164175327383,57.7508797099678));
#5082=CARTESIAN_POINT('Ctrl Pts',(-5.33832001073878,-5.2202647486639,58.0674391302429));
#5083=CARTESIAN_POINT('Ctrl Pts',(-2.20171384992481,-7.13451334754138,58.383998550518));
#5084=CARTESIAN_POINT('Ctrl Pts',(1.4681584869015,-7.32074690455393,58.7005579707931));
#5085=CARTESIAN_POINT('Ctrl Pts',(4.78243544873538,-5.7338587148513,59.0171173910682));
#5086=CARTESIAN_POINT('Ctrl Pts',(6.93838247416081,-2.75820108502897,59.3336768113433));
#5087=CARTESIAN_POINT('Ctrl Pts',(7.41381834241058,0.885506730032778,59.6502362316184));
#5088=CARTESIAN_POINT('Ctrl Pts',(6.09359009325359,4.31474035819059,59.9667956518935));
#5089=CARTESIAN_POINT('Ctrl Pts',(3.29746365354515,6.6989221548504,60.2833550721685));
#5090=CARTESIAN_POINT('Ctrl Pts',(-0.297325079687834,7.46059128891172,60.5999144924438));
#5091=CARTESIAN_POINT('Ctrl Pts',(-3.8201001821381,6.41526766250836,60.9164739127188));
#5092=CARTESIAN_POINT('Ctrl Pts',(-6.41762779332947,3.81613391922793,61.2330333329939));
#5093=CARTESIAN_POINT('Ctrl Pts',(-7.46077365208003,0.292713333528307,61.549592753269));
#5094=CARTESIAN_POINT('Ctrl Pts',(-6.69688258108869,-3.30160389482258,61.8661521735441));
#5095=CARTESIAN_POINT('Ctrl Pts',(-4.31097284252946,-6.0962560423731,62.1827115938192));
#5096=CARTESIAN_POINT('Ctrl Pts',(-0.880923783727773,-7.4143642930773,62.4992710140943));
#5097=CARTESIAN_POINT('Ctrl Pts',(2.76248944931612,-6.93667619437539,62.8158304343694));
#5098=CARTESIAN_POINT('Ctrl Pts',(5.73681383370619,-4.77889020804978,63.1323898546445));
#5099=CARTESIAN_POINT('Ctrl Pts',(7.32165303331637,-1.46363296045357,63.4489492749197));
#5100=CARTESIAN_POINT('Ctrl Pts',(7.13315101726444,2.20612355685173,63.7655086951947));
#5101=CARTESIAN_POINT('Ctrl Pts',(5.21696392259748,5.34154584493228,64.0820681154699));
#5102=CARTESIAN_POINT('Ctrl Pts',(2.03720190810477,7.18321884455786,64.398627535745));
#5103=CARTESIAN_POINT('Ctrl Pts',(-1.63598066207784,7.28508008579893,64.71518695602));
#5104=CARTESIAN_POINT('Ctrl Pts',(-4.9129204817658,5.62245826334381,65.0317463762952));
#5105=CARTESIAN_POINT('Ctrl Pts',(-6.99992623329432,2.59804875081952,65.3483057965702));
#5106=CARTESIAN_POINT('Ctrl Pts',(-7.39151461942596,-1.05562124552763,65.6648652168454));
#5107=CARTESIAN_POINT('Ctrl Pts',(-5.99284096211573,-4.45361446310575,65.9814246371204));
#5108=CARTESIAN_POINT('Ctrl Pts',(-3.14267106090135,-6.77291984200095,66.2979840573956));
#5109=CARTESIAN_POINT('Ctrl Pts',(0.468669588804603,-7.45178994602817,66.6145434776707));
#5110=CARTESIAN_POINT('Ctrl Pts',(3.96649610521679,-6.32579901913562,66.9311028979458));
#5111=CARTESIAN_POINT('Ctrl Pts',(6.50361730096748,-3.66766773110014,67.2476623182209));
#5112=CARTESIAN_POINT('Ctrl Pts',(7.46552965272917,-0.121208858662905,67.564221738496));
#5113=CARTESIAN_POINT('Ctrl Pts',(6.61925314745405,3.45460740940512,67.8807811587711));
#5114=CARTESIAN_POINT('Ctrl Pts',(4.16976021415805,6.19370037535087,68.1973405790462));
#5115=CARTESIAN_POINT('Ctrl Pts',(0.710330369955843,7.43264793655096,68.5138999993213));
#5116=CARTESIAN_POINT('Ctrl Pts',(-2.92114506505042,6.87137075787128,68.8304594195965));
#5117=CARTESIAN_POINT('Ctrl Pts',(-5.84510446273423,4.64581299698141,69.1470188398715));
#5118=CARTESIAN_POINT('Ctrl Pts',(-7.35335014024433,1.29501594513948,69.4635782601466));
#5119=CARTESIAN_POINT('Ctrl Pts',(-7.08057740325802,-2.36944048662739,69.7801376804217));
#5120=CARTESIAN_POINT('Ctrl Pts',(-5.09285318157997,-5.46000650677887,70.0966971006968));
#5121=CARTESIAN_POINT('Ctrl Pts',(-1.87161428621892,-7.22813146994561,70.413256520972));
#5122=CARTESIAN_POINT('Ctrl Pts',(1.80293900938361,-7.24556661080689,70.729815941247));
#5123=CARTESIAN_POINT('Ctrl Pts',(5.04081140244732,-5.50808905049239,71.0463753615221));
#5124=CARTESIAN_POINT('Ctrl Pts',(7.05777390266809,-2.43652459909893,71.3629347817972));
#5125=CARTESIAN_POINT('Ctrl Pts',(7.3653080408135,1.22517837359506,71.6794942020723));
#5126=CARTESIAN_POINT('Ctrl Pts',(5.88892750075865,4.59013697769525,71.9960536223475));
#5127=CARTESIAN_POINT('Ctrl Pts',(2.98621908015264,6.84334130294034,72.3126130426226));
#5128=CARTESIAN_POINT('Ctrl Pts',(-0.639766631760995,7.43905392103606,72.6291724628976));
#5129=CARTESIAN_POINT('Ctrl Pts',(-4.11079764541943,6.23299023756745,72.9457318831728));
#5130=CARTESIAN_POINT('Ctrl Pts',(-6.58617277908772,3.51726494697241,73.2622913034478));
#5131=CARTESIAN_POINT('Ctrl Pts',(-7.46634371645198,-0.0503596167085978,
73.578850723723));
#5132=CARTESIAN_POINT('Ctrl Pts',(-6.53812862644842,-3.60578682775515,73.895410143998));
#5133=CARTESIAN_POINT('Ctrl Pts',(-4.02634587572365,-6.28787432064604,74.2119695642733));
#5134=CARTESIAN_POINT('Ctrl Pts',(-0.539361888687671,-7.44700700524903,
74.5285289845482));
#5135=CARTESIAN_POINT('Ctrl Pts',(3.07825826247889,-6.80243711126222,74.8450884048234));
#5136=CARTESIAN_POINT('Ctrl Pts',(5.95030876913123,-4.51028271122742,75.1616478250985));
#5137=CARTESIAN_POINT('Ctrl Pts',(7.38116454309124,-1.1257151375947,75.4782072453737));
#5138=CARTESIAN_POINT('Ctrl Pts',(7.02426511419111,2.53150630825889,75.7947666656486));
#5139=CARTESIAN_POINT('Ctrl Pts',(4.96605332043966,5.57558418479598,76.1113260859239));
#5140=CARTESIAN_POINT('Ctrl Pts',(1.70503841757632,7.26922750901261,76.4278855061988));
#5141=CARTESIAN_POINT('Ctrl Pts',(-1.96894537174162,7.20222734341913,76.7444449264741));
#5142=CARTESIAN_POINT('Ctrl Pts',(-5.16604068202234,5.39081146534425,77.061004346749));
#5143=CARTESIAN_POINT('Ctrl Pts',(-7.11189493764904,2.27371391758924,77.3775637670243));
#5144=CARTESIAN_POINT('Ctrl Pts',(-7.33521244412856,-1.39408858495371,77.6941231872993));
#5145=CARTESIAN_POINT('Ctrl Pts',(-5.78190457740071,-4.72423581556103,78.0106826075744));
#5146=CARTESIAN_POINT('Ctrl Pts',(-2.8281903208216,-6.91014935384235,78.3272420278496));
#5147=CARTESIAN_POINT('Ctrl Pts',(0.810525866172416,-7.42238993879077,78.6438014481246));
#5148=CARTESIAN_POINT('Ctrl Pts',(4.25292860887955,-6.13689032254697,78.9603608683997));
#5149=CARTESIAN_POINT('Ctrl Pts',(6.66525063687975,-3.36500498228026,79.2769202886748));
#5150=CARTESIAN_POINT('Ctrl Pts',(7.46321541340783,0.221901501276436,79.5934797089499));
#5151=CARTESIAN_POINT('Ctrl Pts',(6.45355185331064,3.75506232435998,79.9100391292251));
#5152=CARTESIAN_POINT('Ctrl Pts',(3.88080555263392,6.37872815268393,80.2265985495001));
#5153=CARTESIAN_POINT('Ctrl Pts',(0.368108614424884,7.45743391731923,80.5431579697753));
#5154=CARTESIAN_POINT('Ctrl Pts',(-3.23374608294449,6.72991165278104,80.8597173900504));
#5155=CARTESIAN_POINT('Ctrl Pts',(-6.052371203089,4.37237091327073,81.1762768103254));
#5156=CARTESIAN_POINT('Ctrl Pts',(-7.4050815553409,0.955819931758647,81.4928362306007));
#5157=CARTESIAN_POINT('Ctrl Pts',(-6.96424388398786,-2.6922354480124,81.8093956508756));
#5158=CARTESIAN_POINT('Ctrl Pts',(-4.83663129183465,-5.68821785184453,82.1259550711508));
#5159=CARTESIAN_POINT('Ctrl Pts',(-1.53756225729844,-7.30648526229461,82.4425144914258));
#5160=CARTESIAN_POINT('Ctrl Pts',(2.13391209474008,-7.15508516756571,82.7590739117011));
#5161=CARTESIAN_POINT('Ctrl Pts',(5.28854219712853,-5.2706874326209,83.075633331976));
#5162=CARTESIAN_POINT('Ctrl Pts',(7.1622607613355,-2.10970267332408,83.3921927522512));
#5163=CARTESIAN_POINT('Ctrl Pts',(7.30124372039963,1.56226269190614,83.7087521725263));
#5164=CARTESIAN_POINT('Ctrl Pts',(5.67182870211324,4.85584017005104,84.0253115928014));
#5165=CARTESIAN_POINT('Ctrl Pts',(2.66866822499882,6.97330871882771,84.3418710130765));
#5166=CARTESIAN_POINT('Ctrl Pts',(-0.980857128023249,7.4018067981813,84.6584304333516));
#5167=CARTESIAN_POINT('Ctrl Pts',(-4.39281394783499,6.03755001659639,84.9749898536267));
#5168=CARTESIAN_POINT('Ctrl Pts',(-6.74080911978064,3.21096823308469,85.2915492739018));
#5169=CARTESIAN_POINT('Ctrl Pts',(-7.45614639539827,-0.393326217771469,
85.6081086941769));
#5170=CARTESIAN_POINT('Ctrl Pts',(-6.36556748613196,-3.90235507901275,85.9246681144519));
#5171=CARTESIAN_POINT('Ctrl Pts',(-3.73321609285548,-6.46621389897071,86.2412275347272));
#5172=CARTESIAN_POINT('Ctrl Pts',(-0.196660972045209,-7.46392316716021,
86.5577869550021));
#5173=CARTESIAN_POINT('Ctrl Pts',(3.38752642601893,-6.65383267720344,86.8743463752775));
#5174=CARTESIAN_POINT('Ctrl Pts',(6.15123787376576,-4.23215042307648,87.1909057955524));
#5175=CARTESIAN_POINT('Ctrl Pts',(7.42508854837111,-0.785420035423854,87.5074652158276));
#5176=CARTESIAN_POINT('Ctrl Pts',(6.90054540496136,2.85154303794693,87.8240246361025));
#5177=CARTESIAN_POINT('Ctrl Pts',(4.70465543297576,5.79784803527729,88.1405840563778));
#5178=CARTESIAN_POINT('Ctrl Pts',(1.36927423587733,7.33988505701277,88.4571434766527));
#5179=CARTESIAN_POINT('Ctrl Pts',(-2.29775207291595,7.10416497518232,88.7737028969281));
#5180=CARTESIAN_POINT('Ctrl Pts',(-5.40825126471348,5.14778038002031,89.090262317203));
#5181=CARTESIAN_POINT('Ctrl Pts',(-7.20884477964654,1.94457746725602,89.4068217374783));
#5182=CARTESIAN_POINT('Ctrl Pts',(-7.26341980573737,-1.72961189543175,89.7233811577531));
#5183=CARTESIAN_POINT('Ctrl Pts',(-5.55875799698238,-4.98488055164631,90.0399405780285));
#5184=CARTESIAN_POINT('Ctrl Pts',(-2.50773702328407,-7.03278604859035,90.3564999983034));
#5185=CARTESIAN_POINT('Ctrl Pts',(1.15067047927529,-7.37731536748438,90.6730594185786));
#5186=CARTESIAN_POINT('Ctrl Pts',(4.53037980025472,-5.93502177322382,90.9896188388537));
#5187=CARTESIAN_POINT('Ctrl Pts',(6.81280833152217,-3.05523603362149,91.3061782591288));
#5188=CARTESIAN_POINT('Ctrl Pts',(7.44514039499475,0.564543250791479,91.6227376794039));
#5189=CARTESIAN_POINT('Ctrl Pts',(6.27422198227603,4.04758731843074,91.939297099679));
#5190=CARTESIAN_POINT('Ctrl Pts',(3.58365542633684,6.55028536542365,92.2558565199541));
#5191=CARTESIAN_POINT('Ctrl Pts',(0.0251094890563095,7.46647132832881,92.5724159402293));
#5192=CARTESIAN_POINT('Ctrl Pts',(-3.53951809285354,6.57424035562735,92.8889753605043));
#5193=CARTESIAN_POINT('Ctrl Pts',(-6.2468565777416,4.08969527964169,93.2055347807794));
#5194=CARTESIAN_POINT('Ctrl Pts',(-7.44117495812169,0.614605422868652,93.5220942010545));
#5195=CARTESIAN_POINT('Ctrl Pts',(-6.83320331107978,-3.0093449607257,93.8386536213296));
#5196=CARTESIAN_POINT('Ctrl Pts',(-4.57019542954317,-5.90441684834157,94.1552130416047));
#5197=CARTESIAN_POINT('Ctrl Pts',(-1.20026321248273,-7.36940925746138,94.4717724618799));
#5198=CARTESIAN_POINT('Ctrl Pts',(2.46037879574826,-7.04949365306681,94.7883318821549));
#5199=CARTESIAN_POINT('Ctrl Pts',(5.52510467618847,-5.02215520472609,95.10489130243));
#5200=CARTESIAN_POINT('Ctrl Pts',(7.25162239536395,-1.77842548852995,95.4214507227051));
#5201=CARTESIAN_POINT('Ctrl Pts',(7.22176067186419,1.89604783207403,95.7380101429803));
#5202=CARTESIAN_POINT('Ctrl Pts',(5.44275216541943,5.11128882465266,96.0545695632552));
#5203=CARTESIAN_POINT('Ctrl Pts',(2.34548169031088,7.0885499380066,96.3711289835306));
#5204=CARTESIAN_POINT('Ctrl Pts',(-1.31987625535686,7.34892857862572,96.6876884038054));
#5205=CARTESIAN_POINT('Ctrl Pts',(-4.6655535288393,5.82935972922687,97.0042478240808));
#5206=CARTESIAN_POINT('Ctrl Pts',(-6.88121025519662,2.89789061335547,97.3208072443556));
#5207=CARTESIAN_POINT('Ctrl Pts',(-7.43020322356791,-0.73546219459474,97.6373666646309));
#5208=CARTESIAN_POINT('Ctrl Pts',(-6.17956357384848,-4.19068235732106,97.9539260849059));
#5209=CARTESIAN_POINT('Ctrl Pts',(-3.43220252385996,-6.63089816076269,98.2704855051811));
#5210=CARTESIAN_POINT('Ctrl Pts',(0.146455252204542,-7.46507705534903,98.5870449254562));
#5211=CARTESIAN_POINT('Ctrl Pts',(3.68964082905357,-6.49117671426204,98.9036043457312));
#5212=CARTESIAN_POINT('Ctrl Pts',(6.3391768265826,-3.94508070190144,99.2201637660065));
#5213=CARTESIAN_POINT('Ctrl Pts',(7.45333229067252,-0.443466287349278,99.5367231862814));
#5214=CARTESIAN_POINT('Ctrl Pts',(6.76225316020689,3.16555789403205,99.8532826065566));
#5215=CARTESIAN_POINT('Ctrl Pts',(4.43332227889092,6.00786802074465,100.169842026832));
#5216=CARTESIAN_POINT('Ctrl Pts',(1.03061842804249,7.39504227431974,100.486401447107));
#5217=CARTESIAN_POINT('Ctrl Pts',(-2.62170639333713,6.99110006868249,100.802960867382));
#5218=CARTESIAN_POINT('Ctrl Pts',(-5.63904073080361,4.8938782391407,101.119520287657));
#5219=CARTESIAN_POINT('Ctrl Pts',(-7.29057102112003,1.61133446844584,101.436079707932));
#5220=CARTESIAN_POINT('Ctrl Pts',(-7.17628831556881,-2.06148262059795,101.752639128207));
#5221=CARTESIAN_POINT('Ctrl Pts',(-5.32387246063667,-5.23499824317749,102.069198548482));
#5222=CARTESIAN_POINT('Ctrl Pts',(-2.18198789987875,-7.14057094271738,102.385757968757));
#5223=CARTESIAN_POINT('Ctrl Pts',(1.48838511250669,-7.31666142035187,102.702317389033));
#5224=CARTESIAN_POINT('Ctrl Pts',(4.79826375937441,-5.72061967610774,103.018876809308));
#5225=CARTESIAN_POINT('Ctrl Pts',(6.94597877333061,-2.7390150535617,103.335436229583));
#5226=CARTESIAN_POINT('Ctrl Pts',(7.41134276821885,0.905992800836144,103.651995649858));
#5227=CARTESIAN_POINT('Ctrl Pts',(6.08164224222955,4.33156463887195,103.968555070133));
#5228=CARTESIAN_POINT('Ctrl Pts',(3.27893735534222,6.7080097199496,104.285114490408));
#5229=CARTESIAN_POINT('Ctrl Pts',(-0.317942662399237,7.45974108442266,104.601673910683));
#5230=CARTESIAN_POINT('Ctrl Pts',(-3.83781536705383,6.40468561223751,104.918233330958));
#5231=CARTESIAN_POINT('Ctrl Pts',(-6.42814987349976,3.79838304901203,105.234792751233));
#5232=CARTESIAN_POINT('Ctrl Pts',(-7.46155412672844,0.27209299347636,105.551352171509));
#5233=CARTESIAN_POINT('Ctrl Pts',(-6.68773241532703,-3.32009935456469,105.867911591783));
#5234=CARTESIAN_POINT('Ctrl Pts',(-4.29410825255939,-6.1081469283653,106.184471012059));
#5235=CARTESIAN_POINT('Ctrl Pts',(-0.860429458122029,-7.41677057288365,
106.501030432334));
#5236=CARTESIAN_POINT('Ctrl Pts',(2.78164968174453,-6.92901505491559,106.817589852609));
#5237=CARTESIAN_POINT('Ctrl Pts',(5.74999926822713,-4.76301721586074,107.134149272884));
#5238=CARTESIAN_POINT('Ctrl Pts',(7.32567009132395,-1.4433926341347,107.450708693159));
#5239=CARTESIAN_POINT('Ctrl Pts',(7.12702674709205,2.22582890839362,107.767268113434));
#5240=CARTESIAN_POINT('Ctrl Pts',(5.20218165330256,5.35594348637324,108.083827533709));
#5241=CARTESIAN_POINT('Ctrl Pts',(2.01734197971734,7.18882159467623,108.400386953984));
#5242=CARTESIAN_POINT('Ctrl Pts',(-1.656108074955,7.28053093031474,108.71694637426));
#5243=CARTESIAN_POINT('Ctrl Pts',(-4.92844041840803,5.60885903061566,109.033505794534));
#5244=CARTESIAN_POINT('Ctrl Pts',(-7.00707968697587,2.57869324345371,109.35006521481));
#5245=CARTESIAN_POINT('Ctrl Pts',(-7.38856898757409,-1.07604502621302,109.666624635085));
#5246=CARTESIAN_POINT('Ctrl Pts',(-5.98050969176456,-4.47015977466259,109.98318405536));
#5247=CARTESIAN_POINT('Ctrl Pts',(-3.12394084744626,-6.78157932663516,110.299743475635));
#5248=CARTESIAN_POINT('Ctrl Pts',(0.489262192692754,-7.45046623309704,110.61630289591));
#5249=CARTESIAN_POINT('Ctrl Pts',(3.98396346863526,-6.31481271833225,110.932862316185));
#5250=CARTESIAN_POINT('Ctrl Pts',(6.51372873776155,-3.64967978025914,111.24942173646));
#5251=CARTESIAN_POINT('Ctrl Pts',(7.4658361276719,-0.100576029042188,111.565981156735));
#5252=CARTESIAN_POINT('Ctrl Pts',(6.60968041941943,3.47288774067307,111.882540577011));
#5253=CARTESIAN_POINT('Ctrl Pts',(4.1526268688387,6.20520062393879,112.199099997286));
#5254=CARTESIAN_POINT('Ctrl Pts',(0.689786144105121,7.43458267651468,112.515659417561));
#5255=CARTESIAN_POINT('Ctrl Pts',(-2.94012416478364,6.86327140121447,112.832218837836));
#5256=CARTESIAN_POINT('Ctrl Pts',(-5.8579217869835,4.62964121702334,113.148778258111));
#5257=CARTESIAN_POINT('Ctrl Pts',(-7.35690089908887,1.27468869185208,113.465337678386));
#5258=CARTESIAN_POINT('Ctrl Pts',(-7.07400232649246,-2.38899997756046,113.781897098661));
#5259=CARTESIAN_POINT('Ctrl Pts',(-5.07774329794413,-5.47406057259831,114.098456518936));
#5260=CARTESIAN_POINT('Ctrl Pts',(-1.85163227156513,-7.23327665812637,114.415015939211));
#5261=CARTESIAN_POINT('Ctrl Pts',(1.82295940275936,-7.2405557014902,114.731575359487));
#5262=CARTESIAN_POINT('Ctrl Pts',(5.0560091094019,-5.49413777688718,115.048134779761));
#5263=CARTESIAN_POINT('Ctrl Pts',(7.06449209391019,-2.41700788438345,115.364694200037));
#5264=CARTESIAN_POINT('Ctrl Pts',(7.36187110854503,1.24552516386139,115.681253620312));
#5265=CARTESIAN_POINT('Ctrl Pts',(5.87626508185841,4.6064024414411,115.997813040587));
#5266=CARTESIAN_POINT('Ctrl Pts',(2.96720289370657,6.8515523839725,116.314372460862));
#5267=CARTESIAN_POINT('Ctrl Pts',(-0.660137152261859,7.43728872353072,116.630931881137));
#5268=CARTESIAN_POINT('Ctrl Pts',(-4.12840104544275,6.22154473390245,116.947491301412));
#5269=CARTESIAN_POINT('Ctrl Pts',(-5.77256276804519,4.40656049736821,117.158530914929));
#5270=CARTESIAN_POINT('Ctrl Pts',(-6.32907148231947,3.35751610892492,117.264050721687));
#5271=CARTESIAN_POINT('Ctrl Pts',(-3.35550383771914,-7.17956955499786,22.5));
#5272=CARTESIAN_POINT('Ctrl Pts',(-2.1654892875361,-7.73574473506852,22.6055198067584));
#5273=CARTESIAN_POINT('Ctrl Pts',(0.495247986984891,-8.24439460477146,22.8165594202751));
#5274=CARTESIAN_POINT('Ctrl Pts',(4.368363560837,-7.00927499454128,23.1331188405502));
#5275=CARTESIAN_POINT('Ctrl Pts',(7.18263427214461,-4.07689834202696,23.4496782608253));
#5276=CARTESIAN_POINT('Ctrl Pts',(8.25762703535096,-0.156873403466075,23.7662376811004));
#5277=CARTESIAN_POINT('Ctrl Pts',(7.33238626375101,3.80104669084814,24.0827971013755));
#5278=CARTESIAN_POINT('Ctrl Pts',(4.63130160513247,6.83838410850483,24.3993565216506));
#5279=CARTESIAN_POINT('Ctrl Pts',(0.808444069926948,8.2194055833206,24.7159159419257));
#5280=CARTESIAN_POINT('Ctrl Pts',(-3.21019861108958,7.60965806054528,25.0324753622008));
#5281=CARTESIAN_POINT('Ctrl Pts',(-6.45132702884378,5.15680687382145,25.3490347824759));
#5282=CARTESIAN_POINT('Ctrl Pts',(-8.12990559110015,1.45495418737617,25.665594202751));
#5283=CARTESIAN_POINT('Ctrl Pts',(-7.83938307933781,-2.59929726110712,25.9821536230261));
#5284=CARTESIAN_POINT('Ctrl Pts',(-5.65012104438962,-6.02398506546101,26.2987130433012));
#5285=CARTESIAN_POINT('Ctrl Pts',(-2.09237199434462,-7.98963374845038,26.6152724635764));
#5286=CARTESIAN_POINT('Ctrl Pts',(1.97216045259305,-8.02015273460635,26.9318318838514));
#5287=CARTESIAN_POINT('Ctrl Pts',(5.5590255280343,-6.10815045643023,27.2483913041266));
#5288=CARTESIAN_POINT('Ctrl Pts',(7.79946673270197,-2.71672334729787,27.5649507244016));
#5289=CARTESIAN_POINT('Ctrl Pts',(8.15083779319353,1.33270780673194,27.8815101446768));
#5290=CARTESIAN_POINT('Ctrl Pts',(6.52803493849754,5.05935043396042,28.1980695649519));
#5291=CARTESIAN_POINT('Ctrl Pts',(3.32410915377858,7.56059291576842,28.5146289852269));
#5292=CARTESIAN_POINT('Ctrl Pts',(-0.684932593088203,8.23062174267144,28.8311884055021));
#5293=CARTESIAN_POINT('Ctrl Pts',(-4.52808022135168,6.90715255607985,29.1477478257772));
#5294=CARTESIAN_POINT('Ctrl Pts',(-7.27450402808606,3.91073625637875,29.4643072460523));
#5295=CARTESIAN_POINT('Ctrl Pts',(-8.25900634623158,-0.03288004830724,29.7808666663274));
#5296=CARTESIAN_POINT('Ctrl Pts',(-7.24313575813716,-3.96853263962365,30.0974260866025));
#5297=CARTESIAN_POINT('Ctrl Pts',(-4.4729412337918,-6.9429866514844,30.4139855068776));
#5298=CARTESIAN_POINT('Ctrl Pts',(-0.619377829542354,-8.23581435120366,
30.7305449271527));
#5299=CARTESIAN_POINT('Ctrl Pts',(3.38420200240198,-7.53388636297777,31.0471043474278));
#5300=CARTESIAN_POINT('Ctrl Pts',(6.56811107618279,-5.00721317843209,31.3636637677029));
#5301=CARTESIAN_POINT('Ctrl Pts',(8.16119058899976,-1.26776776001043,31.680223187978));
#5302=CARTESIAN_POINT('Ctrl Pts',(7.77758866465327,2.77873739075639,31.9967826082531));
#5303=CARTESIAN_POINT('Ctrl Pts',(5.5102156199388,6.15221835967287,32.3133420285282));
#5304=CARTESIAN_POINT('Ctrl Pts',(1.90824061832351,8.03560107682688,32.6299014488033));
#5305=CARTESIAN_POINT('Ctrl Pts',(-2.15591986551557,7.97272076877109,32.9464608690784));
#5306=CARTESIAN_POINT('Ctrl Pts',(-5.69790570685397,5.97880736260333,33.2630202893535));
#5307=CARTESIAN_POINT('Ctrl Pts',(-7.85983010756677,2.53679672096646,33.5795797096286));
#5308=CARTESIAN_POINT('Ctrl Pts',(-8.11806409650687,-1.51963885457201,33.8961391299037));
#5309=CARTESIAN_POINT('Ctrl Pts',(-6.41006210182218,-5.20801025095978,34.2126985501788));
#5310=CARTESIAN_POINT('Ctrl Pts',(-3.14951080325898,-7.63497535185766,34.5292579704539));
#5311=CARTESIAN_POINT('Ctrl Pts',(0.873867863820266,-8.21271099454383,34.8458173907291));
#5312=CARTESIAN_POINT('Ctrl Pts',(4.68559133597242,-6.80128669852839,35.1623768110041));
#5313=CARTESIAN_POINT('Ctrl Pts',(7.36244100325846,-3.74255653221933,35.4789362312793));
#5314=CARTESIAN_POINT('Ctrl Pts',(8.25607040327032,0.22263966304929,35.7954956515543));
#5315=CARTESIAN_POINT('Ctrl Pts',(7.15003799755253,4.1339114113481,36.1120550718295));
#5316=CARTESIAN_POINT('Ctrl Pts',(4.31223040159916,7.04392900921375,36.4286144921045));
#5317=CARTESIAN_POINT('Ctrl Pts',(0.429978898267225,8.24787154788214,36.7451739123797));
#5318=CARTESIAN_POINT('Ctrl Pts',(-3.5564156583742,7.45413808486199,37.0617333326547));
#5319=CARTESIAN_POINT('Ctrl Pts',(-6.68142844257667,4.85497485987791,37.3782927529299));
#5320=CARTESIAN_POINT('Ctrl Pts',(-8.18816562934184,1.0799122880048,37.694852173205));
#5321=CARTESIAN_POINT('Ctrl Pts',(-7.7116878883979,-2.95671047538581,38.0114115934801));
#5322=CARTESIAN_POINT('Ctrl Pts',(-5.36740052678636,-6.2772030800646,38.3279710137552));
#5323=CARTESIAN_POINT('Ctrl Pts',(-1.72310174264423,-8.07732550463428,38.6445304340302));
#5324=CARTESIAN_POINT('Ctrl Pts',(2.3385409561994,-7.92107903757418,38.9610898543054));
#5325=CARTESIAN_POINT('Ctrl Pts',(5.83377726521934,-5.84630735961846,39.2776492745805));
#5326=CARTESIAN_POINT('Ctrl Pts',(7.91604335831518,-2.35553061380934,39.5942086948556));
#5327=CARTESIAN_POINT('Ctrl Pts',(8.08100390737731,1.7057675024081,39.9107681151307));
#5328=CARTESIAN_POINT('Ctrl Pts',(6.28870463715136,5.35392014415512,40.2273275354058));
#5329=CARTESIAN_POINT('Ctrl Pts',(2.97324945180076,7.70532637989368,40.5438869556809));
#5330=CARTESIAN_POINT('Ctrl Pts',(-1.06234171559255,8.1904637843428,40.8604463759561));
#5331=CARTESIAN_POINT('Ctrl Pts',(-4.84062837254197,6.69182963637454,41.1770057962311));
#5332=CARTESIAN_POINT('Ctrl Pts',(-7.44649047404313,3.57240066948039,41.4935652165063));
#5333=CARTESIAN_POINT('Ctrl Pts',(-8.24877510341231,-0.412281719997614,
41.8101246367813));
#5334=CARTESIAN_POINT('Ctrl Pts',(-7.05316488539581,-4.29710740181562,42.1266840570565));
#5335=CARTESIAN_POINT('Ctrl Pts',(-4.14924263248519,-7.14115204291901,42.4432434773316));
#5336=CARTESIAN_POINT('Ctrl Pts',(-0.240352930217642,-8.25557371672344,
42.7598028976066));
#5337=CARTESIAN_POINT('Ctrl Pts',(3.72675146148147,-7.37045388477973,43.0763623178818));
#5338=CARTESIAN_POINT('Ctrl Pts',(6.79121789190304,-4.70017302532738,43.3929217381568));
#5339=CARTESIAN_POINT('Ctrl Pts',(8.2108171676735,-0.891486602455261,43.709481158432));
#5340=CARTESIAN_POINT('Ctrl Pts',(7.64171519914224,3.13312236251913,44.026040578707));
#5341=CARTESIAN_POINT('Ctrl Pts',(5.2217513474643,6.39887332181015,44.3425999989822));
#5342=CARTESIAN_POINT('Ctrl Pts',(1.53705303756206,8.11478495605646,44.6591594192573));
#5343=CARTESIAN_POINT('Ctrl Pts',(-2.51992725425935,7.86525483099943,44.9757188395323));
#5344=CARTESIAN_POINT('Ctrl Pts',(-5.96656848192217,5.71072039885093,45.2922782598075));
#5345=CARTESIAN_POINT('Ctrl Pts',(-7.96807679261708,2.17302074317667,45.6088376800825));
#5346=CARTESIAN_POINT('Ctrl Pts',(-8.03967679959816,-1.89099547363874,45.9253971003577));
#5347=CARTESIAN_POINT('Ctrl Pts',(-6.16402662080086,-5.49700306907111,46.2419565206328));
#5348=CARTESIAN_POINT('Ctrl Pts',(-2.79541816996246,-7.77160885392225,46.5585159409079));
#5349=CARTESIAN_POINT('Ctrl Pts',(1.25025463140554,-8.16389185866448,46.875075361183));
#5350=CARTESIAN_POINT('Ctrl Pts',(4.99310946832546,-6.57883916512918,47.1916347814581));
#5351=CARTESIAN_POINT('Ctrl Pts',(7.52660806093785,-3.40035851350183,47.5081942017332));
#5352=CARTESIAN_POINT('Ctrl Pts',(8.23712429862837,0.601706084617058,47.8247536220083));
#5353=CARTESIAN_POINT('Ctrl Pts',(6.95256757249211,4.45803444056349,48.1413130422834));
#5354=CARTESIAN_POINT('Ctrl Pts',(3.98406398696859,7.23460441704029,48.4578724625585));
#5355=CARTESIAN_POINT('Ctrl Pts',(0.0506000514015006,8.25891679084595,48.7744318828336));
#5356=CARTESIAN_POINT('Ctrl Pts',(-3.8951194712928,7.28287794952482,49.0909913031087));
#5357=CARTESIAN_POINT('Ctrl Pts',(-6.89742145331145,4.54288941299674,49.4075507233838));
#5358=CARTESIAN_POINT('Ctrl Pts',(-8.2291332435672,0.702590195587751,49.7241101436589));
#5359=CARTESIAN_POINT('Ctrl Pts',(-7.56770754375221,-3.30787990343588,50.0406695639341));
#5360=CARTESIAN_POINT('Ctrl Pts',(-5.07334498741774,-6.51716484078485,50.3572289842091));
#5361=CARTESIAN_POINT('Ctrl Pts',(-1.35019274021405,-8.1479596518142,50.6737884044843));
#5362=CARTESIAN_POINT('Ctrl Pts',(2.69998298439484,-7.80527762525442,50.9903478247593));
#5363=CARTESIAN_POINT('Ctrl Pts',(6.09620924075843,-5.57211807270901,51.3069072450345));
#5364=CARTESIAN_POINT('Ctrl Pts',(8.01590293586239,-1.98936347763601,51.6234666653096));
#5365=CARTESIAN_POINT('Ctrl Pts',(7.99410459464219,2.0752249644893,51.9400260855846));
#5366=CARTESIAN_POINT('Ctrl Pts',(6.03609388505581,5.6371834752925,52.2565855058598));
#5367=CARTESIAN_POINT('Ctrl Pts',(2.61611085593067,7.83378777557834,52.5731449261349));
#5368=CARTESIAN_POINT('Ctrl Pts',(-1.43750738978456,8.13300924797419,52.88970434641));
#5369=CARTESIAN_POINT('Ctrl Pts',(-5.14295411050075,6.4623749458386,53.2062637666851));
#5370=CARTESIAN_POINT('Ctrl Pts',(-7.60275146038367,3.22652090570525,53.5228231869602));
#5371=CARTESIAN_POINT('Ctrl Pts',(-8.22112414075763,-0.790812737360199,
53.8393826072353));
#5372=CARTESIAN_POINT('Ctrl Pts',(-6.84829917607235,-4.61660755515626,54.1559420275104));
#5373=CARTESIAN_POINT('Ctrl Pts',(-3.81678168241134,-7.32423678700575,54.4725014477855));
#5374=CARTESIAN_POINT('Ctrl Pts',(0.139179545172193,-8.25789900504508,54.7890608680606));
#5375=CARTESIAN_POINT('Ctrl Pts',(4.06143078640321,-7.19145652080128,55.1056202883357));
#5376=CARTESIAN_POINT('Ctrl Pts',(6.99998304936873,-4.38320707152533,55.4221797086108));
#5377=CARTESIAN_POINT('Ctrl Pts',(8.24310418579814,-0.513322808178323,55.7387391288859));
#5378=CARTESIAN_POINT('Ctrl Pts',(7.48970399963061,3.4808908229412,56.055298549161));
#5379=CARTESIAN_POINT('Ctrl Pts',(4.92225980793356,6.63201517689164,56.3718579694362));
#5380=CARTESIAN_POINT('Ctrl Pts',(1.162619516273,8.17683207505817,56.6884173897112));
#5381=CARTESIAN_POINT('Ctrl Pts',(-2.87861307386967,7.74117908940658,57.0049768099864));
#5382=CARTESIAN_POINT('Ctrl Pts',(-6.22263108902383,5.43057356576937,57.3215362302614));
#5383=CARTESIAN_POINT('Ctrl Pts',(-8.05949653496807,1.80465579160039,57.6380956505366));
#5384=CARTESIAN_POINT('Ctrl Pts',(-7.94431135547157,-2.25835869840117,57.9546550708116));
#5385=CARTESIAN_POINT('Ctrl Pts',(-5.90497398075299,-5.7743873449873,58.2712144910868));
#5386=CARTESIAN_POINT('Ctrl Pts',(-2.43542218726415,-7.89183031324802,58.5877739113618));
#5387=CARTESIAN_POINT('Ctrl Pts',(1.6240011178302,-8.09783225885825,58.904333331637));
#5388=CARTESIAN_POINT('Ctrl Pts',(5.29008317834155,-6.34249847375203,59.2208927519121));
#5389=CARTESIAN_POINT('Ctrl Pts',(7.6748804672656,-3.05097963554393,59.5374521721872));
#5390=CARTESIAN_POINT('Ctrl Pts',(8.20078307817766,0.979501826437282,59.8540115924622));
#5391=CARTESIAN_POINT('Ctrl Pts',(6.74041475176699,4.77274301607378,60.1705710127374));
#5392=CARTESIAN_POINT('Ctrl Pts',(3.64748404694608,7.41000182527594,60.4871304330124));
#5393=CARTESIAN_POINT('Ctrl Pts',(-0.328885652386935,8.25252089673046,60.8036898532876));
#5394=CARTESIAN_POINT('Ctrl Pts',(-4.22559759138036,7.09623787080448,61.1202492735627));
#5395=CARTESIAN_POINT('Ctrl Pts',(-7.09884852566629,4.2212103161255,61.4368086938378));
#5396=CARTESIAN_POINT('Ctrl Pts',(-8.25272261745191,0.323784376887668,61.7533681141129));
#5397=CARTESIAN_POINT('Ctrl Pts',(-7.40774575408303,-3.65206376808836,62.069927534388));
#5398=CARTESIAN_POINT('Ctrl Pts',(-4.76857558476458,-6.74336368704123,62.3864869546631));
#5399=CARTESIAN_POINT('Ctrl Pts',(-0.974432407850162,-8.201386980618,62.7030463749381));
#5400=CARTESIAN_POINT('Ctrl Pts',(3.05572320271204,-7.67299306866143,63.0196057952134));
#5401=CARTESIAN_POINT('Ctrl Pts',(6.34576727365785,-5.28616161613433,63.3361652154883));
#5402=CARTESIAN_POINT('Ctrl Pts',(8.09883457171223,-1.61899521412441,63.6527246357636));
#5403=CARTESIAN_POINT('Ctrl Pts',(7.89032337383218,2.4402999773955,63.9692840560386));
#5404=CARTESIAN_POINT('Ctrl Pts',(5.7707361416128,5.90854223198946,64.2858434763137));
#5405=CARTESIAN_POINT('Ctrl Pts',(2.25344757090239,7.94570581940415,64.6024028965888));
#5406=CARTESIAN_POINT('Ctrl Pts',(-1.8096373434248,8.05837946541372,64.9189623168639));
#5407=CARTESIAN_POINT('Ctrl Pts',(-5.43441898499464,6.21927304585101,65.235521737139));
#5408=CARTESIAN_POINT('Ctrl Pts',(-7.74295699614174,2.87382739203637,65.5520811574141));
#5409=CARTESIAN_POINT('Ctrl Pts',(-8.17611185134353,-1.16767372053969,65.8686405776892));
#5410=CARTESIAN_POINT('Ctrl Pts',(-6.62897126453584,-4.92635838092166,66.1851999979644));
#5411=CARTESIAN_POINT('Ctrl Pts',(-3.47626047283733,-7.49185424633367,66.5017594182394));
#5412=CARTESIAN_POINT('Ctrl Pts',(0.518418101929881,-8.24278530564216,66.8183188385145));
#5413=CARTESIAN_POINT('Ctrl Pts',(4.38753320313255,-6.99727227673246,67.1348782587897));
#5414=CARTESIAN_POINT('Ctrl Pts',(7.19396567941481,-4.05698468406288,67.4514376790648));
#5415=CARTESIAN_POINT('Ctrl Pts',(8.25798345981976,-0.134074981492547,67.7679970993399));
#5416=CARTESIAN_POINT('Ctrl Pts',(7.32187608257007,3.82130835641506,68.0845565196149));
#5417=CARTESIAN_POINT('Ctrl Pts',(4.61237346600633,6.85115157717297,68.4011159398901));
#5418=CARTESIAN_POINT('Ctrl Pts',(0.785730781198958,8.22161140305205,68.7176753601651));
#5419=CARTESIAN_POINT('Ctrl Pts',(-3.23121985351731,7.60075556649171,69.0342347804403));
#5420=CARTESIAN_POINT('Ctrl Pts',(-6.46555277649086,5.13895847596867,69.3507942007154));
#5421=CARTESIAN_POINT('Ctrl Pts',(-8.13389627488819,1.43247977740669,69.6673536209905));
#5422=CARTESIAN_POINT('Ctrl Pts',(-7.83216915637095,-2.62095273313172,69.9839130412656));
#5423=CARTESIAN_POINT('Ctrl Pts',(-5.63345124768248,-6.03957730005201,70.3004724615406));
#5424=CARTESIAN_POINT('Ctrl Pts',(-2.07028309278872,-7.99538584678888,70.6170318818159));
#5425=CARTESIAN_POINT('Ctrl Pts',(1.99431804722803,-8.01467169944094,70.9335913020908));
#5426=CARTESIAN_POINT('Ctrl Pts',(5.57588531850026,-6.09276372742718,71.250150722366));
#5427=CARTESIAN_POINT('Ctrl Pts',(7.80694510135315,-2.69515771482433,71.5667101426411));
#5428=CARTESIAN_POINT('Ctrl Pts',(8.14712348711662,1.35522906144755,71.8832695629163));
#5429=CARTESIAN_POINT('Ctrl Pts',(6.51402755858918,5.07737253796287,72.1998289831912));
#5430=CARTESIAN_POINT('Ctrl Pts',(3.30320136928041,7.56975083059561,72.5163884034665));
#5431=CARTESIAN_POINT('Ctrl Pts',(-0.707676817182783,8.22869737235129,72.8329478237415));
#5432=CARTESIAN_POINT('Ctrl Pts',(-4.54715211667934,6.89461199423853,73.1495072440166));
#5433=CARTESIAN_POINT('Ctrl Pts',(-7.2852842870082,3.89061688949072,73.4660666642917));
#5434=CARTESIAN_POINT('Ctrl Pts',(-8.25888393508019,-0.0557052079581,73.7826260845669));
#5435=CARTESIAN_POINT('Ctrl Pts',(-7.23214032585716,-3.98853522366664,74.0991855048419));
#5436=CARTESIAN_POINT('Ctrl Pts',(-4.45373592924975,-6.9553219332989,74.4157449251171));
#5437=CARTESIAN_POINT('Ctrl Pts',(-0.596614274247975,-8.23749466349341,
74.7323043453921));
#5438=CARTESIAN_POINT('Ctrl Pts',(3.40501036082704,-7.52450472562677,75.0488637656673));
#5439=CARTESIAN_POINT('Ctrl Pts',(6.58192434857493,-4.98904187123696,75.3654231859423));
#5440=CARTESIAN_POINT('Ctrl Pts',(8.16466313127197,-1.24520796502726,75.6819826062175));
#5441=CARTESIAN_POINT('Ctrl Pts',(7.76987940958399,2.80022157763303,75.9985420264925));
#5442=CARTESIAN_POINT('Ctrl Pts',(5.49319178791041,6.1674233602496,76.3151014467677));
#5443=CARTESIAN_POINT('Ctrl Pts',(1.88602546713548,8.0408441634343,76.6316608670428));
#5444=CARTESIAN_POINT('Ctrl Pts',(-2.17794571443262,7.966732039444,76.9482202873179));
#5445=CARTESIAN_POINT('Ctrl Pts',(-5.71440748203325,5.96303731772673,77.2647797075929));
#5446=CARTESIAN_POINT('Ctrl Pts',(-7.86681099600372,2.51506494478255,77.5813391278681));
#5447=CARTESIAN_POINT('Ctrl Pts',(-8.11383329188623,-1.54206881649218,77.8978985481431));
#5448=CARTESIAN_POINT('Ctrl Pts',(-6.39564432631733,-5.22570574894567,78.2144579684184));
#5449=CARTESIAN_POINT('Ctrl Pts',(-3.12839811466411,-7.64365044723298,78.5310173886933));
#5450=CARTESIAN_POINT('Ctrl Pts',(0.896561866064143,-8.21026453554566,78.8475768089685));
#5451=CARTESIAN_POINT('Ctrl Pts',(4.70437005029948,-6.78831122983944,79.1641362292436));
#5452=CARTESIAN_POINT('Ctrl Pts',(7.37275613054255,-3.7221947776636,79.4806956495187));
#5453=CARTESIAN_POINT('Ctrl Pts',(8.25542356776566,0.245455984034602,79.7972550697939));
#5454=CARTESIAN_POINT('Ctrl Pts',(7.13858586607393,4.15365607098235,80.1138144900689));
#5455=CARTESIAN_POINT('Ctrl Pts',(4.29274673803108,7.05581975155562,80.4303739103441));
#5456=CARTESIAN_POINT('Ctrl Pts',(0.407182743990096,8.24902837528857,80.7469333306191));
#5457=CARTESIAN_POINT('Ctrl Pts',(-3.57700296005795,7.44428080791258,81.0634927508943));
#5458=CARTESIAN_POINT('Ctrl Pts',(-6.69482054358021,4.83649096066304,81.3800521711692));
#5459=CARTESIAN_POINT('Ctrl Pts',(-8.19111889539766,1.05727865994656,81.6966115914445));
#5460=CARTESIAN_POINT('Ctrl Pts',(-7.70348702360301,-2.97801185365322,82.0131710117195));
#5461=CARTESIAN_POINT('Ctrl Pts',(-5.35003182187026,-6.29201290751174,82.3297304319947));
#5462=CARTESIAN_POINT('Ctrl Pts',(-1.70077198535696,-8.08205676651335,82.6462898522697));
#5463=CARTESIAN_POINT('Ctrl Pts',(2.36042338625379,-7.91458579844486,82.9628492725449));
#5464=CARTESIAN_POINT('Ctrl Pts',(5.84991233334408,-5.83016231467939,83.27940869282));
#5465=CARTESIAN_POINT('Ctrl Pts',(7.92252306980025,-2.33364417420521,83.595968113095));
#5466=CARTESIAN_POINT('Ctrl Pts',(8.07625884348762,1.72809433084741,83.9125275333702));
#5467=CARTESIAN_POINT('Ctrl Pts',(6.27388407624361,5.37127969120728,84.2290869536452));
#5468=CARTESIAN_POINT('Ctrl Pts',(2.95194300832096,7.71351407588942,84.5456463739204));
#5469=CARTESIAN_POINT('Ctrl Pts',(-1.08497351379502,8.18749652810199,84.8622057941955));
#5470=CARTESIAN_POINT('Ctrl Pts',(-4.85910399003314,6.67842611229344,85.1787652144706));
#5471=CARTESIAN_POINT('Ctrl Pts',(-7.4563350232761,3.55180727855343,85.4953246347456));
#5472=CARTESIAN_POINT('Ctrl Pts',(-8.24760418501379,-0.435077154838307,
85.8118840550208));
#5473=CARTESIAN_POINT('Ctrl Pts',(-7.04126210169526,-4.31658371151876,86.1284434752958));
#5474=CARTESIAN_POINT('Ctrl Pts',(-4.12949089760339,-7.15259196724725,86.4450028955711));
#5475=CARTESIAN_POINT('Ctrl Pts',(-0.217536213756458,-8.25620644842553,
86.761562315846));
#5476=CARTESIAN_POINT('Ctrl Pts',(3.74710683595508,-7.36012617305285,87.0781217361213));
#5477=CARTESIAN_POINT('Ctrl Pts',(6.80418175023991,-4.68138629393273,87.3946811563963));
#5478=CARTESIAN_POINT('Ctrl Pts',(8.2132495981354,-0.868791092293091,87.7112405766715));
#5479=CARTESIAN_POINT('Ctrl Pts',(7.63302705482849,3.15422968465762,88.0277999969464));
#5480=CARTESIAN_POINT('Ctrl Pts',(5.2040469406564,6.41328015626669,88.3443594172217));
#5481=CARTESIAN_POINT('Ctrl Pts',(1.51462046469784,8.11900189501378,88.6609188374966));
#5482=CARTESIAN_POINT('Ctrl Pts',(-2.54165471112556,7.85826051061762,88.977478257772));
#5483=CARTESIAN_POINT('Ctrl Pts',(-5.98232832337978,5.69420887872995,89.2940376780469));
#5484=CARTESIAN_POINT('Ctrl Pts',(-7.97405190574343,2.15099119659486,89.6105970983221));
#5485=CARTESIAN_POINT('Ctrl Pts',(-8.0344199819204,-1.9132073796213,89.9271565185971));
#5486=CARTESIAN_POINT('Ctrl Pts',(-6.14881110001887,-5.51401749902953,90.2437159388722));
#5487=CARTESIAN_POINT('Ctrl Pts',(-2.77392922179163,-7.77930482728433,90.5602753591473));
#5488=CARTESIAN_POINT('Ctrl Pts',(1.27281227556101,-8.16040537194692,90.8768347794225));
#5489=CARTESIAN_POINT('Ctrl Pts',(5.01127223351509,-6.56501466296304,91.1933941996975));
#5490=CARTESIAN_POINT('Ctrl Pts',(7.53597683401678,-3.37954435989255,91.5099536199727));
#5491=CARTESIAN_POINT('Ctrl Pts',(8.23542991560241,0.624468596904545,91.8265130402477));
#5492=CARTESIAN_POINT('Ctrl Pts',(6.94022042145822,4.47723211648598,92.1430724605229));
#5493=CARTESIAN_POINT('Ctrl Pts',(3.96405461005225,7.24558748286447,92.4596318807979));
#5494=CARTESIAN_POINT('Ctrl Pts',(0.0277748204021373,8.25902509274978,92.7761913010731));
#5495=CARTESIAN_POINT('Ctrl Pts',(-3.91523217054428,7.27208525624212,93.0927507213482));
#5496=CARTESIAN_POINT('Ctrl Pts',(-6.90995022382612,4.52380976916188,93.4093101416233));
#5497=CARTESIAN_POINT('Ctrl Pts',(-8.2310435540672,0.679844786968233,93.7258695618984));
#5498=CARTESIAN_POINT('Ctrl Pts',(-7.55853670741952,-3.32878202439128,94.0424289821735));
#5499=CARTESIAN_POINT('Ctrl Pts',(-5.0553142269704,-6.5311610751772,94.3589884024486));
#5500=CARTESIAN_POINT('Ctrl Pts',(-1.32766919658392,-8.15166004122849,94.6755478227237));
#5501=CARTESIAN_POINT('Ctrl Pts',(2.72154399557612,-7.79778591674986,94.9921072429988));
#5502=CARTESIAN_POINT('Ctrl Pts',(6.1115855340629,-5.55524879579233,95.3086666632739));
#5503=CARTESIAN_POINT('Ctrl Pts',(8.02137029566046,-1.96720245608203,95.625226083549));
#5504=CARTESIAN_POINT('Ctrl Pts',(7.98833879887273,2.09731021972041,95.9417855038242));
#5505=CARTESIAN_POINT('Ctrl Pts',(6.02049143847426,5.65384380422532,96.2583449240991));
#5506=CARTESIAN_POINT('Ctrl Pts',(2.59445074962853,7.84098796269139,96.5749043443744));
#5507=CARTESIAN_POINT('Ctrl Pts',(-1.45997896904226,8.12900537170895,96.8914637646493));
#5508=CARTESIAN_POINT('Ctrl Pts',(-5.16079443311488,6.44813676517871,97.2080231849246));
#5509=CARTESIAN_POINT('Ctrl Pts',(-7.61163951042408,3.20549697966947,97.5245826051996));
#5510=CARTESIAN_POINT('Ctrl Pts',(-8.21890718776964,-0.81353030806943,97.8411420254747));
#5511=CARTESIAN_POINT('Ctrl Pts',(-6.83551417722788,-4.63551646057221,98.1577014457499));
#5512=CARTESIAN_POINT('Ctrl Pts',(-3.79652522877941,-7.33475719506517,98.474260866025));
#5513=CARTESIAN_POINT('Ctrl Pts',(0.162001238568102,-8.25748281996525,98.7908202863001));
#5514=CARTESIAN_POINT('Ctrl Pts',(4.08129019055756,-7.18020454470328,99.1073797065751));
#5515=CARTESIAN_POINT('Ctrl Pts',(7.01207011664,-4.36384458965297,99.4239391268503));
#5516=CARTESIAN_POINT('Ctrl Pts',(8.24449136765716,-0.490539511095386,99.7404985471253));
#5517=CARTESIAN_POINT('Ctrl Pts',(7.48005531364918,3.50157670600937,100.0570579674));
#5518=CARTESIAN_POINT('Ctrl Pts',(4.90391221441976,6.64559342095072,100.373617387676));
#5519=CARTESIAN_POINT('Ctrl Pts',(1.14001689472212,8.18001396105577,100.690176807951));
#5520=CARTESIAN_POINT('Ctrl Pts',(-2.89999625475565,7.73319394853913,101.006736228226));
#5521=CARTESIAN_POINT('Ctrl Pts',(-6.23761571520953,5.41335543934538,101.323295648501));
#5522=CARTESIAN_POINT('Ctrl Pts',(-8.06445325457133,1.78237499650124,101.639855068776));
#5523=CARTESIAN_POINT('Ctrl Pts',(-7.93803962605663,-2.28030564145982,101.956414489051));
#5524=CARTESIAN_POINT('Ctrl Pts',(-5.88899284675072,-5.79068477593436,102.272973909326));
#5525=CARTESIAN_POINT('Ctrl Pts',(-2.41360235976536,-7.89853091228072,102.589533329601));
#5526=CARTESIAN_POINT('Ctrl Pts',(1.64637476678283,-8.09331310716569,102.906092749876));
#5527=CARTESIAN_POINT('Ctrl Pts',(5.30759163836169,-6.32785413261969,103.222652170151));
#5528=CARTESIAN_POINT('Ctrl Pts',(7.68328310121365,-3.02975703810124,103.539211590427));
#5529=CARTESIAN_POINT('Ctrl Pts',(8.19804472581957,1.0021624602731,103.855771010702));
#5530=CARTESIAN_POINT('Ctrl Pts',(6.72719865582652,4.79135316673324,104.172330430977));
#5531=CARTESIAN_POINT('Ctrl Pts',(3.62699121237867,7.42005402060167,104.488889851252));
#5532=CARTESIAN_POINT('Ctrl Pts',(-0.351691757905524,8.25158044442033,104.805449271527));
#5533=CARTESIAN_POINT('Ctrl Pts',(-4.24519321430689,7.08453255314149,105.122008691802));
#5534=CARTESIAN_POINT('Ctrl Pts',(-7.11048750750028,4.20157521996233,105.438568112077));
#5535=CARTESIAN_POINT('Ctrl Pts',(-8.25358593821241,0.300975221341338,105.755127532352));
#5536=CARTESIAN_POINT('Ctrl Pts',(-7.39762431313653,-3.67252249074259,106.071686952627));
#5537=CARTESIAN_POINT('Ctrl Pts',(-4.74992084605108,-6.75651677120457,106.388246372902));
#5538=CARTESIAN_POINT('Ctrl Pts',(-0.951762642978151,-8.2040486831046,106.704805793178));
#5539=CARTESIAN_POINT('Ctrl Pts',(3.07691726258994,-7.66451871173229,107.021365213453));
#5540=CARTESIAN_POINT('Ctrl Pts',(6.36035232056669,-5.26860373169045,107.337924633728));
#5541=CARTESIAN_POINT('Ctrl Pts',(8.10327803388128,-1.59660641014968,107.654484054003));
#5542=CARTESIAN_POINT('Ctrl Pts',(7.88354902236086,2.46209701989247,107.971043474278));
#5543=CARTESIAN_POINT('Ctrl Pts',(5.75438475852086,5.92446815960752,108.287602894553));
#5544=CARTESIAN_POINT('Ctrl Pts',(2.23147954347963,7.95190329231755,108.604162314828));
#5545=CARTESIAN_POINT('Ctrl Pts',(-1.83190124838,8.05334742448801,108.920721735103));
#5546=CARTESIAN_POINT('Ctrl Pts',(-5.45158633762073,6.20423027672957,109.237281155378));
#5547=CARTESIAN_POINT('Ctrl Pts',(-7.7508697772746,2.85241732910468,109.553840575654));
#5548=CARTESIAN_POINT('Ctrl Pts',(-8.17285354547067,-1.19026545226301,109.870399995929));
#5549=CARTESIAN_POINT('Ctrl Pts',(-6.61533104993148,-4.94465995033863,110.186959416204));
#5550=CARTESIAN_POINT('Ctrl Pts',(-3.45554207774603,-7.50143292115062,110.503518836479));
#5551=CARTESIAN_POINT('Ctrl Pts',(0.541196577163821,-8.24132108274047,110.820078256754));
#5552=CARTESIAN_POINT('Ctrl Pts',(4.40685469871374,-6.98511979800167,111.136637677029));
#5553=CARTESIAN_POINT('Ctrl Pts',(7.20515042874735,-4.0370873415526,111.453197097304));
#5554=CARTESIAN_POINT('Ctrl Pts',(8.25832246657824,-0.111252010630075,111.769756517579));
#5555=CARTESIAN_POINT('Ctrl Pts',(7.31128722505392,3.84152911505817,112.086315937854));
#5556=CARTESIAN_POINT('Ctrl Pts',(4.5934214440012,6.86387255840812,112.40287535813));
#5557=CARTESIAN_POINT('Ctrl Pts',(0.763005819252272,8.22375151251014,112.719434778405));
#5558=CARTESIAN_POINT('Ctrl Pts',(-3.25221355375957,7.59179647632419,113.03599419868));
#5559=CARTESIAN_POINT('Ctrl Pts',(-6.47973063882258,5.12107008792098,113.352553618955));
#5560=CARTESIAN_POINT('Ctrl Pts',(-8.13782394099788,1.40999481930736,113.66911303923));
#5561=CARTESIAN_POINT('Ctrl Pts',(-7.82489614592124,-2.64258843215393,113.985672459505));
#5562=CARTESIAN_POINT('Ctrl Pts',(-5.61673747452119,-6.05512318205621,114.30223187978));
#5563=CARTESIAN_POINT('Ctrl Pts',(-2.04818001984138,-8.00107718831063,114.618791300055));
#5564=CARTESIAN_POINT('Ctrl Pts',(2.01646357273614,-8.00912889026586,114.93535072033));
#5565=CARTESIAN_POINT('Ctrl Pts',(5.59269623728245,-6.07733154886325,115.251910140605));
#5566=CARTESIAN_POINT('Ctrl Pts',(7.8143764176479,-2.6735693326455,115.56846956088));
#5567=CARTESIAN_POINT('Ctrl Pts',(8.14332173008853,1.3777356303443,115.885028981156));
#5568=CARTESIAN_POINT('Ctrl Pts',(6.50002104455689,5.09536455417975,116.201588401431));
#5569=CARTESIAN_POINT('Ctrl Pts',(3.28216664563115,7.57883350449887,116.518147821706));
#5570=CARTESIAN_POINT('Ctrl Pts',(-0.730209635239775,8.22674480200724,116.834707241981));
#5571=CARTESIAN_POINT('Ctrl Pts',(-4.5666240889293,6.88195156901065,117.151266662256));
#5572=CARTESIAN_POINT('Ctrl Pts',(-6.38531089912181,4.87430971339842,117.362306275773));
#5573=CARTESIAN_POINT('Ctrl Pts',(-7.00089210655062,3.71391097260519,117.467826082531));
#5574=CARTESIAN_POINT('Ctrl Pts',(2.81943073361731,-4.88923721425303,22.5));
#5575=CARTESIAN_POINT('Ctrl Pts',(2.87522555812871,-4.85710720670864,22.5072642526728));
#5576=CARTESIAN_POINT('Ctrl Pts',(3.73280906197598,-4.34325673691538,22.6200483121041));
#5577=CARTESIAN_POINT('Ctrl Pts',(5.11485129524894,-2.90321461113307,22.8383521782937));
#5578=CARTESIAN_POINT('Ctrl Pts',(5.63494508668061,-1.00666172018921,23.0534233059896));
#5579=CARTESIAN_POINT('Ctrl Pts',(5.6439808929834,-0.0357619590797457,23.1629746269271));
#5580=CARTESIAN_POINT('Ctrl Pts',(5.64396836301462,-3.24003212200845E-5,
23.1670061411062));
#5581=CARTESIAN_POINT('',(-9.62953940174914E-5,6.18746531226785,116.312713338035));
#5582=CARTESIAN_POINT('Ctrl Pts',(-4.98543023385719,2.64472638156439,116.8565));
#5583=CARTESIAN_POINT('Ctrl Pts',(-4.92361173614974,2.79134606751894,116.842399327718));
#5584=CARTESIAN_POINT('Ctrl Pts',(-4.85556557755911,2.935030975728,116.82837398708));
#5585=CARTESIAN_POINT('Ctrl Pts',(-4.7816595620601,3.07549571869938,116.814410736579));
#5586=CARTESIAN_POINT('Ctrl Pts',(-4.70657483865594,3.21820069748669,116.80022478981));
#5587=CARTESIAN_POINT('Ctrl Pts',(-4.6254416377515,3.35758258339992,116.786102929491));
#5588=CARTESIAN_POINT('Ctrl Pts',(-4.538592059129,3.49333542767331,116.772031270399));
#5589=CARTESIAN_POINT('Ctrl Pts',(-4.45254098263037,3.6278401492017,116.758088987292));
#5590=CARTESIAN_POINT('Ctrl Pts',(-4.36087773412462,3.75878282407565,116.744195986547));
#5591=CARTESIAN_POINT('Ctrl Pts',(-4.26387828866928,3.88585057590238,116.730338762421));
#5592=CARTESIAN_POINT('Ctrl Pts',(-4.19112870457778,3.98115138977242,116.719945844326));
#5593=CARTESIAN_POINT('Ctrl Pts',(-4.11537651709625,4.07427230454185,116.709573050578));
#5594=CARTESIAN_POINT('Ctrl Pts',(-4.03672265277576,4.16507266317459,116.699214683442));
#5595=CARTESIAN_POINT('Ctrl Pts',(-4.0187857799396,4.1857795222761,116.696852476375));
#5596=CARTESIAN_POINT('Ctrl Pts',(-4.00069795139544,4.20636566211751,116.694491019579));
#5597=CARTESIAN_POINT('Ctrl Pts',(-3.98246027524489,4.2268293468016,116.692130245478));
#5598=CARTESIAN_POINT('Ctrl Pts',(-3.96934478128446,4.24154565882878,116.69043251172));
#5599=CARTESIAN_POINT('Ctrl Pts',(-3.95615276304079,4.25619750059395,116.688735260254));
#5600=CARTESIAN_POINT('Ctrl Pts',(-3.94289118530968,4.27077721503436,116.687039290678));
#5601=CARTESIAN_POINT('Ctrl Pts',(-3.83071886360294,4.39409892318719,116.672694025828));
#5602=CARTESIAN_POINT('Ctrl Pts',(-3.71344854347919,4.51240305142122,116.65842418809));
#5603=CARTESIAN_POINT('Ctrl Pts',(-3.59142848887792,4.62536839681409,116.644215846478));
#5604=CARTESIAN_POINT('Ctrl Pts',(-3.48404581897314,4.72478254995998,116.631711921102));
#5605=CARTESIAN_POINT('Ctrl Pts',(-3.37298365767366,4.82006205990448,116.619255622781));
#5606=CARTESIAN_POINT('Ctrl Pts',(-3.2584492051812,4.9109737267058,116.606837456607));
#5607=CARTESIAN_POINT('Ctrl Pts',(-3.12899369205984,5.01372897823377,116.592801504637));
#5608=CARTESIAN_POINT('Ctrl Pts',(-2.99510271525676,5.11090542874092,116.578814267373));
#5609=CARTESIAN_POINT('Ctrl Pts',(-2.85720231089346,5.20237472859121,116.564862034607));
#5610=CARTESIAN_POINT('Ctrl Pts',(-2.77017642294789,5.26009897585491,116.55605708983));
#5611=CARTESIAN_POINT('Ctrl Pts',(-2.68155292152011,5.31554960530632,116.547266085917));
#5612=CARTESIAN_POINT('Ctrl Pts',(-2.59143180797498,5.36868642981701,116.538485577048));
#5613=CARTESIAN_POINT('Ctrl Pts',(-2.55607790841523,5.38953164447067,116.535041043171));
#5614=CARTESIAN_POINT('Ctrl Pts',(-2.52049348275371,5.41002070787631,116.531598124417));
#5615=CARTESIAN_POINT('Ctrl Pts',(-2.48468437679553,5.43015091250148,116.528156612758));
#5616=CARTESIAN_POINT('Ctrl Pts',(-2.46098826671761,5.44347175735156,116.525879246794));
#5617=CARTESIAN_POINT('Ctrl Pts',(-2.43719116030987,5.45663679474545,116.523602252303));
#5618=CARTESIAN_POINT('Ctrl Pts',(-2.41331662800757,5.46963352666086,116.521327643948));
#5619=CARTESIAN_POINT('Ctrl Pts',(-2.26510370710174,5.55031714278454,116.50720689201));
#5620=CARTESIAN_POINT('Ctrl Pts',(-2.11374168067503,5.62461381035968,116.493161794287));
#5621=CARTESIAN_POINT('Ctrl Pts',(-1.95970896617664,5.69243713733851,116.479179189117));
#5622=CARTESIAN_POINT('Ctrl Pts',(-1.80419742704803,5.76091161694272,116.465062340901));
#5623=CARTESIAN_POINT('Ctrl Pts',(-1.64596308392284,5.82278827457139,116.451009190946));
#5624=CARTESIAN_POINT('Ctrl Pts',(-1.48545897731735,5.87794139982154,116.437006194856));
#5625=CARTESIAN_POINT('Ctrl Pts',(-1.3247334539765,5.93317060926166,116.422983881518));
#5626=CARTESIAN_POINT('Ctrl Pts',(-1.16173124066938,5.9816581040885,116.409011860515));
#5627=CARTESIAN_POINT('Ctrl Pts',(-0.99687753420233,6.02323501762809,116.395076531321));
#5628=CARTESIAN_POINT('Ctrl Pts',(-0.847101871746234,6.06100917449557,116.382415771631));
#5629=CARTESIAN_POINT('Ctrl Pts',(-0.695797189057598,6.09307876551227,116.369785298797));
#5630=CARTESIAN_POINT('Ctrl Pts',(-0.543268089788662,6.11928266526967,116.357174913214));
#5631=CARTESIAN_POINT('Ctrl Pts',(-0.453437838181491,6.13471514942894,116.34974817225));
#5632=CARTESIAN_POINT('Ctrl Pts',(-0.363182675738952,6.14811246824214,116.342328398518));
#5633=CARTESIAN_POINT('Ctrl Pts',(-0.27256705665983,6.15948031359861,116.334913508522));
#5634=CARTESIAN_POINT('Ctrl Pts',(-0.252463382871113,6.16200234519813,116.333268466186));
#5635=CARTESIAN_POINT('Ctrl Pts',(-0.2323397533251,6.16442472248154,116.331623483628));
#5636=CARTESIAN_POINT('Ctrl Pts',(-0.212203886022344,6.16674667371114,116.329979111097));
#5637=CARTESIAN_POINT('Ctrl Pts',(-0.141579024688608,6.17489072239544,116.32421161272));
#5638=CARTESIAN_POINT('Ctrl Pts',(-0.0708653779791943,6.18179261748003,
116.31845665217));
#5639=CARTESIAN_POINT('Ctrl Pts',(-9.62953940174908E-5,6.18746531226785,
116.312713338035));
#5640=CARTESIAN_POINT('',(-2.48834101514989,-7.52460512266537,114.574999999999));
#5641=CARTESIAN_POINT('Ctrl Pts',(-9.62953940174908E-5,6.18746531226785,
116.312713338035));
#5642=CARTESIAN_POINT('Ctrl Pts',(0.170552510179395,6.20114414707204,116.298864215487));
#5643=CARTESIAN_POINT('Ctrl Pts',(0.341522254553039,6.20767898604404,116.285082802369));
#5644=CARTESIAN_POINT('Ctrl Pts',(0.512363303464839,6.20721762390626,116.271356602889));
#5645=CARTESIAN_POINT('Ctrl Pts',(0.68643896592189,6.20674752658317,116.257370518849));
#5646=CARTESIAN_POINT('Ctrl Pts',(0.86038167075634,6.19901395549172,116.243441759011));
#5647=CARTESIAN_POINT('Ctrl Pts',(1.03373403512661,6.18412225392922,116.229557104296));
#5648=CARTESIAN_POINT('Ctrl Pts',(1.20742431733921,6.16920152379432,116.215645384056));
#5649=CARTESIAN_POINT('Ctrl Pts',(1.38052270031496,6.14709475596261,116.201777941056));
#5650=CARTESIAN_POINT('Ctrl Pts',(1.55257660966684,6.11785598501435,116.187941478761));
#5651=CARTESIAN_POINT('Ctrl Pts',(1.719950804353,6.08941248286138,116.174481356043));
#5652=CARTESIAN_POINT('Ctrl Pts',(1.88633724993046,6.05421946627761,116.161050551653));
#5653=CARTESIAN_POINT('Ctrl Pts',(2.05131588885448,6.01227928515813,116.147636824775));
#5654=CARTESIAN_POINT('Ctrl Pts',(2.08642016041581,6.00335522373447,116.144782642476));
#5655=CARTESIAN_POINT('Ctrl Pts',(2.1214606592848,5.99412551124104,116.141929233372));
#5656=CARTESIAN_POINT('Ctrl Pts',(2.15643327344653,5.9845898959473,116.139076479538));
#5657=CARTESIAN_POINT('Ctrl Pts',(2.1857840049529,5.97658714033571,116.136682308732));
#5658=CARTESIAN_POINT('Ctrl Pts',(2.21509229156512,5.96836729724922,116.134288158894));
#5659=CARTESIAN_POINT('Ctrl Pts',(2.24432459989223,5.95993936315536,116.131896507374));
#5660=CARTESIAN_POINT('Ctrl Pts',(2.34395752273546,5.93121430669027,116.123745004981));
#5661=CARTESIAN_POINT('Ctrl Pts',(2.44276588201237,5.90005751127041,116.115617797098));
#5662=CARTESIAN_POINT('Ctrl Pts',(2.54065797669934,5.86649457375509,116.107512369821));
#5663=CARTESIAN_POINT('Ctrl Pts',(2.70605360036871,5.80978761493197,116.093817676662));
#5664=CARTESIAN_POINT('Ctrl Pts',(2.86883390931446,5.74621503982231,116.080185159499));
#5665=CARTESIAN_POINT('Ctrl Pts',(3.02867319426076,5.67612514674117,116.06660269344));
#5666=CARTESIAN_POINT('Ctrl Pts',(3.19077413509217,5.60504351236673,116.052828041434));
#5667=CARTESIAN_POINT('Ctrl Pts',(3.34985084988524,5.52725862192745,116.039104866955));
#5668=CARTESIAN_POINT('Ctrl Pts',(3.50555754870246,5.44308027120075,116.025420523108));
#5669=CARTESIAN_POINT('Ctrl Pts',(3.66614501003989,5.35626327652129,116.011307231546));
#5670=CARTESIAN_POINT('Ctrl Pts',(3.82314865547757,5.26264563415073,115.99723524313));
#5671=CARTESIAN_POINT('Ctrl Pts',(3.97617195183919,5.16251268538797,115.98319068401));
#5672=CARTESIAN_POINT('Ctrl Pts',(4.09093942411041,5.0874129738159,115.972657264671));
#5673=CARTESIAN_POINT('Ctrl Pts',(4.20346766605093,5.00864723110506,115.962139274311));
#5674=CARTESIAN_POINT('Ctrl Pts',(4.31357920110755,4.92631733534283,115.951630859901));
#5675=CARTESIAN_POINT('Ctrl Pts',(4.34388038808822,4.90366127515525,115.948739088119));
#5676=CARTESIAN_POINT('Ctrl Pts',(4.37399850265763,4.8807352232643,115.9458480415));
#5677=CARTESIAN_POINT('Ctrl Pts',(4.40392969873146,4.85754110794691,115.942957598072));
#5678=CARTESIAN_POINT('Ctrl Pts',(4.42474859300311,4.84140824665643,115.940947125922));
#5679=CARTESIAN_POINT('Ctrl Pts',(4.44547884912208,4.82514418742955,115.938936767307));
#5680=CARTESIAN_POINT('Ctrl Pts',(4.4661013108902,4.80876397143135,115.936928229368));
#5681=CARTESIAN_POINT('Ctrl Pts',(4.60913927551047,4.69515034068408,115.922996954726));
#5682=CARTESIAN_POINT('Ctrl Pts',(4.74717871925631,4.57581048807574,115.909135367031));
#5683=CARTESIAN_POINT('Ctrl Pts',(4.87986771028722,4.45108926249902,115.895330954923));
#5684=CARTESIAN_POINT('Ctrl Pts',(5.00038144836294,4.3378121850651,115.882793205618));
#5685=CARTESIAN_POINT('Ctrl Pts',(5.11648182368341,4.22009513827162,115.870302620676));
#5686=CARTESIAN_POINT('Ctrl Pts',(5.22789218160236,4.09816158707461,115.857849826429));
#5687=CARTESIAN_POINT('Ctrl Pts',(5.34989927579112,3.9646303917392,115.844212591355));
#5688=CARTESIAN_POINT('Ctrl Pts',(5.46628284532345,3.82604284943202,115.830620677744));
#5689=CARTESIAN_POINT('Ctrl Pts',(5.57688754714915,3.68283464351778,115.817061774745));
#5690=CARTESIAN_POINT('Ctrl Pts',(5.68826961383927,3.53861992498936,115.803407575483));
#5691=CARTESIAN_POINT('Ctrl Pts',(5.79379173334042,3.3897188229655,115.789786852482));
#5692=CARTESIAN_POINT('Ctrl Pts',(5.89325835149106,3.23653840345203,115.77618703349));
#5693=CARTESIAN_POINT('Ctrl Pts',(5.94510362013869,3.1566957371496,115.769098361106));
#5694=CARTESIAN_POINT('Ctrl Pts',(5.99530306084698,3.07568987751875,115.762015368));
#5695=CARTESIAN_POINT('Ctrl Pts',(6.0438244321543,2.99357519589202,115.75493627381));
#5696=CARTESIAN_POINT('Ctrl Pts',(6.0654601888804,2.95696012860416,115.751779694438));
#5697=CARTESIAN_POINT('Ctrl Pts',(6.08676225433326,2.92012456978055,115.748623890281));
#5698=CARTESIAN_POINT('Ctrl Pts',(6.10772755310419,2.88307322074083,115.745468703496));
#5699=CARTESIAN_POINT('Ctrl Pts',(6.11842543527876,2.86416717171348,115.743858718499));
#5700=CARTESIAN_POINT('Ctrl Pts',(6.12903061793959,2.84521379321895,115.742249648514));
#5701=CARTESIAN_POINT('Ctrl Pts',(6.13954279479776,2.82621410213536,115.7406414926));
#5702=CARTESIAN_POINT('Ctrl Pts',(6.22934422648064,2.66390714289567,115.726903643111));
#5703=CARTESIAN_POINT('Ctrl Pts',(6.31236407136973,2.49821875184828,115.713232055538));
#5704=CARTESIAN_POINT('Ctrl Pts',(6.38846931920189,2.32962466489998,115.699614754698));
#5705=CARTESIAN_POINT('Ctrl Pts',(6.46519744041409,2.15965074184597,115.685886004852));
#5706=CARTESIAN_POINT('Ctrl Pts',(6.53489774922579,1.98672279739635,115.67221243398));
#5707=CARTESIAN_POINT('Ctrl Pts',(6.59739705404012,1.81129016866958,115.658581770462));
#5708=CARTESIAN_POINT('Ctrl Pts',(6.65993222938059,1.63575685305173,115.644943283832));
#5709=CARTESIAN_POINT('Ctrl Pts',(6.71525853363971,1.45771535081214,115.63134775382));
#5710=CARTESIAN_POINT('Ctrl Pts',(6.76315950441538,1.27758677356042,115.617782887663));
#5711=CARTESIAN_POINT('Ctrl Pts',(6.7744601761079,1.23509131092155,115.614582699932));
#5712=CARTESIAN_POINT('Ctrl Pts',(6.78534737266187,1.19247958451294,115.61138421886));
#5713=CARTESIAN_POINT('Ctrl Pts',(6.79581786533519,1.14975694756975,115.608187283036));
#5714=CARTESIAN_POINT('Ctrl Pts',(6.83045004113681,1.00844765874365,115.597613105972));
#5715=CARTESIAN_POINT('Ctrl Pts',(6.86052483154507,0.865925368991294,115.587055834243));
#5716=CARTESIAN_POINT('Ctrl Pts',(6.88605501485884,0.722404031332952,115.576509627117));
#5717=CARTESIAN_POINT('Ctrl Pts',(6.89789066760568,0.655868327558001,115.571620463423));
#5718=CARTESIAN_POINT('Ctrl Pts',(6.90874932726231,0.589117836967537,115.566733677732));
#5719=CARTESIAN_POINT('Ctrl Pts',(6.91863087405125,0.522173595148974,115.561848688099));
#5720=CARTESIAN_POINT('Ctrl Pts',(6.92383631955168,0.486908407441287,115.559275351368));
#5721=CARTESIAN_POINT('Ctrl Pts',(6.92877059955545,0.451589451201818,115.556702513047));
#5722=CARTESIAN_POINT('Ctrl Pts',(6.93343359708294,0.416219790457034,115.554130088064));
#5723=CARTESIAN_POINT('Ctrl Pts',(6.93772473968721,0.383670715055302,115.551762803421));
#5724=CARTESIAN_POINT('Ctrl Pts',(6.9417867892732,0.351072536269819,115.549395422878));
#5725=CARTESIAN_POINT('Ctrl Pts',(6.94561580660424,0.318461903660134,115.54703036205));
#5726=CARTESIAN_POINT('Ctrl Pts',(6.96743948209582,0.132595974592543,115.533550579757));
#5727=CARTESIAN_POINT('Ctrl Pts',(6.98172192896765,-0.0538405822851494,
115.520133881541));
#5728=CARTESIAN_POINT('Ctrl Pts',(6.98858600202586,-0.240372614567508,115.506768994495));
#5729=CARTESIAN_POINT('Ctrl Pts',(6.99558350841028,-0.430530713953089,115.493144302329));
#5730=CARTESIAN_POINT('Ctrl Pts',(6.99487161487592,-0.62078866418169,115.479573455267));
#5731=CARTESIAN_POINT('Ctrl Pts',(6.98653073454304,-0.810664373762368,115.466044510127));
#5732=CARTESIAN_POINT('Ctrl Pts',(6.9781630801659,-1.00114958023659,115.452472137368));
#5733=CARTESIAN_POINT('Ctrl Pts',(6.96211745668966,-1.19125080931248,115.438941935972));
#5734=CARTESIAN_POINT('Ctrl Pts',(6.93842363312018,-1.38049225308919,115.425441847375));
#5735=CARTESIAN_POINT('Ctrl Pts',(6.91492419275597,-1.56818116743552,115.412052512979));
#5736=CARTESIAN_POINT('Ctrl Pts',(6.88390151418099,-1.75502506630412,115.39869279932));
#5737=CARTESIAN_POINT('Ctrl Pts',(6.84533384501303,-1.94055972145191,115.38535094219));
#5738=CARTESIAN_POINT('Ctrl Pts',(6.81946496528682,-2.06500524234044,115.376402024487));
#5739=CARTESIAN_POINT('Ctrl Pts',(6.79020061024282,-2.18886173380338,115.367461140296));
#5740=CARTESIAN_POINT('Ctrl Pts',(6.75752126049975,-2.31198664499485,115.358524739643));
#5741=CARTESIAN_POINT('Ctrl Pts',(6.749666640185,-2.34158023961345,115.356376837844));
#5742=CARTESIAN_POINT('Ctrl Pts',(6.74161338919644,-2.37113594956061,115.354228874372));
#5743=CARTESIAN_POINT('Ctrl Pts',(6.73337038052525,-2.40062413021803,115.352082843704));
#5744=CARTESIAN_POINT('Ctrl Pts',(6.68224730300144,-2.58350960394726,115.338773177709));
#5745=CARTESIAN_POINT('Ctrl Pts',(6.62378141292543,-2.76398780244766,115.325524055509));
#5746=CARTESIAN_POINT('Ctrl Pts',(6.55832087579097,-2.94170316644934,115.312324651901));
#5747=CARTESIAN_POINT('Ctrl Pts',(6.49182216304959,-3.12223701871825,115.298915911501));
#5748=CARTESIAN_POINT('Ctrl Pts',(6.4181050378224,-3.29992029720681,115.28555847923));
#5749=CARTESIAN_POINT('Ctrl Pts',(6.33748041041815,-3.47437989532071,115.272241006623));
#5750=CARTESIAN_POINT('Ctrl Pts',(6.25429353877943,-3.65438380556116,115.258500305798));
#5751=CARTESIAN_POINT('Ctrl Pts',(6.16375312059257,-3.83095661723696,115.244802144825));
#5752=CARTESIAN_POINT('Ctrl Pts',(6.06614464645987,-4.00367791368916,115.231134058534));
#5753=CARTESIAN_POINT('Ctrl Pts',(5.97058953024482,-4.17276572806136,115.217753503356));
#5754=CARTESIAN_POINT('Ctrl Pts',(5.8682601314647,-4.33816297239958,115.204401770825));
#5755=CARTESIAN_POINT('Ctrl Pts',(5.75937598542592,-4.499455363169,115.191067166015));
#5756=CARTESIAN_POINT('Ctrl Pts',(5.7031790760443,-4.58270103480963,115.184184955837));
#5757=CARTESIAN_POINT('Ctrl Pts',(5.64523538662191,-4.66485288976109,115.177307308077));
#5758=CARTESIAN_POINT('Ctrl Pts',(5.5855705104589,-4.74585103603248,115.170432614903));
#5759=CARTESIAN_POINT('Ctrl Pts',(5.5651643264753,-4.77355348312427,115.168081378082));
#5760=CARTESIAN_POINT('Ctrl Pts',(5.54455678411545,-4.80112095751962,115.165730486868));
#5761=CARTESIAN_POINT('Ctrl Pts',(5.52374882805783,-4.82855099870344,115.163379876938));
#5762=CARTESIAN_POINT('Ctrl Pts',(5.50509910321349,-4.85313595645375,115.16127307566));
#5763=CARTESIAN_POINT('Ctrl Pts',(5.48628559079876,-4.87761399067747,115.159166196369));
#5764=CARTESIAN_POINT('Ctrl Pts',(5.46732679839744,-4.90196069518771,115.157061157175));
#5765=CARTESIAN_POINT('Ctrl Pts',(5.34534879230378,-5.05860371380648,115.143517653025));
#5766=CARTESIAN_POINT('Ctrl Pts',(5.21723534275293,-5.20998117928226,115.130035886391));
#5767=CARTESIAN_POINT('Ctrl Pts',(5.08330056055205,-5.3557054142416,115.116604476628));
#5768=CARTESIAN_POINT('Ctrl Pts',(5.05754754605431,-5.38372530775927,115.114021881691));
#5769=CARTESIAN_POINT('Ctrl Pts',(5.03157915848413,-5.41153614830124,115.111441148533));
#5770=CARTESIAN_POINT('Ctrl Pts',(5.00539742234648,-5.43913511058432,115.10886219625));
#5771=CARTESIAN_POINT('Ctrl Pts',(4.87064778255756,-5.58117879350281,115.095589092843));
#5772=CARTESIAN_POINT('Ctrl Pts',(4.73025056764968,-5.71761229866296,115.082363162244));
#5773=CARTESIAN_POINT('Ctrl Pts',(4.58466060918872,-5.84826033522547,115.069173374887));
#5774=CARTESIAN_POINT('Ctrl Pts',(4.43751734903676,-5.98030225786546,115.055842865469));
#5775=CARTESIAN_POINT('Ctrl Pts',(4.28506948546093,-6.10643506161727,115.042549274632));
#5776=CARTESIAN_POINT('Ctrl Pts',(4.12774334269325,-6.22644635687917,115.029281216007));
#5777=CARTESIAN_POINT('Ctrl Pts',(3.96990562211347,-6.34684789317016,115.015970013601));
#5778=CARTESIAN_POINT('Ctrl Pts',(3.80715730590974,-6.46108849433856,115.002684509723));
#5779=CARTESIAN_POINT('Ctrl Pts',(3.63989328666696,-6.56891543432256,114.989413206564));
#5780=CARTESIAN_POINT('Ctrl Pts',(3.57088444473241,-6.61340206265618,114.983937807454));
#5781=CARTESIAN_POINT('Ctrl Pts',(3.5011065788766,-6.65679648527172,114.978464825557));
#5782=CARTESIAN_POINT('Ctrl Pts',(3.43058599759402,-6.69907878585655,114.972993453411));
#5783=CARTESIAN_POINT('Ctrl Pts',(3.40536769025945,-6.7141990249636,114.97103687929));
#5784=CARTESIAN_POINT('Ctrl Pts',(3.38005439819642,-6.72917703425697,114.969080511022));
#5785=CARTESIAN_POINT('Ctrl Pts',(3.35464730258177,-6.74401186056767,114.967124311684));
#5786=CARTESIAN_POINT('Ctrl Pts',(3.33316628423555,-6.75655430858992,114.965470397576));
#5787=CARTESIAN_POINT('Ctrl Pts',(3.31161727549905,-6.76899488744208,114.963816534472));
#5788=CARTESIAN_POINT('Ctrl Pts',(3.29001597875528,-6.78132460828751,114.962163841434));
#5789=CARTESIAN_POINT('Ctrl Pts',(3.11490161969134,-6.88127745782683,114.948766021594));
#5790=CARTESIAN_POINT('Ctrl Pts',(2.93613005462106,-6.97407990531874,114.935427769867));
#5791=CARTESIAN_POINT('Ctrl Pts',(2.75417186297701,-7.05955294895916,114.922138092586));
#5792=CARTESIAN_POINT('Ctrl Pts',(2.57064449522507,-7.14576309740775,114.908733807418));
#5793=CARTESIAN_POINT('Ctrl Pts',(2.38387476761008,-7.22451734506182,114.895378938105));
#5794=CARTESIAN_POINT('Ctrl Pts',(2.19430746265616,-7.29559538386734,114.882062204097));
#5795=CARTESIAN_POINT('Ctrl Pts',(2.08565433704337,-7.33633474596633,114.874429533615));
#5796=CARTESIAN_POINT('Ctrl Pts',(1.97608150497234,-7.37455163539139,114.866809391222));
#5797=CARTESIAN_POINT('Ctrl Pts',(1.86566820212222,-7.41019830886181,114.859199652858));
#5798=CARTESIAN_POINT('Ctrl Pts',(1.67392505734195,-7.4721021292869,114.845984622357));
#5799=CARTESIAN_POINT('Ctrl Pts',(1.4796482386595,-7.52625763642427,114.83280096792));
#5800=CARTESIAN_POINT('Ctrl Pts',(1.28331090424302,-7.5726798330705,114.819637565524));
#5801=CARTESIAN_POINT('Ctrl Pts',(1.15106934698209,-7.60394715975707,114.810771453345));
#5802=CARTESIAN_POINT('Ctrl Pts',(1.01789252181307,-7.63170519881232,114.8019145287));
#5803=CARTESIAN_POINT('Ctrl Pts',(0.883921088749739,-7.65594583776111,114.79306339254));
#5804=CARTESIAN_POINT('Ctrl Pts',(0.811499992917877,-7.6690496285932,114.788278723411));
#5805=CARTESIAN_POINT('Ctrl Pts',(0.738846656435458,-7.68112539657723,114.783495745777));
#5806=CARTESIAN_POINT('Ctrl Pts',(0.665983087190302,-7.69217058815456,114.77871392271));
#5807=CARTESIAN_POINT('Ctrl Pts',(0.625529849880042,-7.69830278508979,114.776059094992));
#5808=CARTESIAN_POINT('Ctrl Pts',(0.585011808952708,-7.70411730360079,114.773404623155));
#5809=CARTESIAN_POINT('Ctrl Pts',(0.544432720708193,-7.70961358619547,114.770750415314));
#5810=CARTESIAN_POINT('Ctrl Pts',(0.52106648183736,-7.71277845405142,114.769222070122));
#5811=CARTESIAN_POINT('Ctrl Pts',(0.497685407272784,-7.71583704828882,114.767694166314));
#5812=CARTESIAN_POINT('Ctrl Pts',(0.474297676147223,-7.71878852633903,114.766167170853));
#5813=CARTESIAN_POINT('Ctrl Pts',(0.270683323755202,-7.74448419081231,114.752873098409));
#5814=CARTESIAN_POINT('Ctrl Pts',(0.0663945751011418,-7.76208831085188,
114.739636620265));
#5815=CARTESIAN_POINT('Ctrl Pts',(-0.138061123187384,-7.77168233257539,
114.726447010095));
#5816=CARTESIAN_POINT('Ctrl Pts',(-0.344144673001496,-7.78135274073875,
114.713152385846));
#5817=CARTESIAN_POINT('Ctrl Pts',(-0.550398508034756,-7.78288513427173,
114.699905378856));
#5818=CARTESIAN_POINT('Ctrl Pts',(-0.756323844288138,-7.776313588042,114.686695004551));
#5819=CARTESIAN_POINT('Ctrl Pts',(-0.96223424389828,-7.76974251847456,114.67348558845));
#5820=CARTESIAN_POINT('Ctrl Pts',(-1.16781689668558,-7.75506877200488,114.660312799719));
#5821=CARTESIAN_POINT('Ctrl Pts',(-1.37258356907166,-7.73227565905596,114.647165656172));
#5822=CARTESIAN_POINT('Ctrl Pts',(-1.56825332945058,-7.71049514713458,114.634602584275));
#5823=CARTESIAN_POINT('Ctrl Pts',(-1.763178608392,-7.68130040157477,114.622062929563));
#5824=CARTESIAN_POINT('Ctrl Pts',(-1.95693336228304,-7.64463237885251,114.609537109465));
#5825=CARTESIAN_POINT('Ctrl Pts',(-2.13515424164977,-7.6109041367167,114.598015520302));
#5826=CARTESIAN_POINT('Ctrl Pts',(-2.31238505639955,-7.57085229108555,114.586505636357));
#5827=CARTESIAN_POINT('Ctrl Pts',(-2.48834101514989,-7.52460512266537,114.574999999999));
#5828=CARTESIAN_POINT('Ctrl Pts',(7.92565902509049,-3.70838565133013E-5,
111.778332223638));
#5829=CARTESIAN_POINT('Ctrl Pts',(7.92532377586882,1.27761604605759,111.88099346171));
#5830=CARTESIAN_POINT('Ctrl Pts',(7.61041839589752,2.55542850289096,111.983654699782));
#5831=CARTESIAN_POINT('Ctrl Pts',(7.01614880179918,3.6864561680018,112.086315937854));
#5832=CARTESIAN_POINT('Ctrl Pts',(6.405331964703,4.84897692950817,112.191835744613));
#5833=CARTESIAN_POINT('Ctrl Pts',(5.49937670435207,5.85642474395818,112.297355551371));
#5834=CARTESIAN_POINT('Ctrl Pts',(4.40799647005177,6.58679514353351,112.40287535813));
#5835=CARTESIAN_POINT('Ctrl Pts',(3.31661623575153,7.3171655431088,112.508395164888));
#5836=CARTESIAN_POINT('Ctrl Pts',(2.03981102750194,7.77045852780946,112.613914971646));
#5837=CARTESIAN_POINT('Ctrl Pts',(0.73220519454186,7.89177918079547,112.719434778405));
#5838=CARTESIAN_POINT('Ctrl Pts',(-0.575400638418291,8.0130998337815,112.824954585163));
#5839=CARTESIAN_POINT('Ctrl Pts',(-1.91380709608893,7.80244815505284,112.930474391921));
#5840=CARTESIAN_POINT('Ctrl Pts',(-3.12092983910142,7.28533458428798,113.03599419868));
#5841=CARTESIAN_POINT('Ctrl Pts',(-4.32805258211391,6.76822101352312,113.141514005438));
#5842=CARTESIAN_POINT('Ctrl Pts',(-5.40389161046824,5.94464555072205,113.247033812196));
#5843=CARTESIAN_POINT('Ctrl Pts',(-6.2181600083413,4.91434527455258,113.352553618955));
#5844=CARTESIAN_POINT('Ctrl Pts',(-7.03242840621435,3.88404499838311,113.458073425713));
#5845=CARTESIAN_POINT('Ctrl Pts',(-7.58512617360612,2.64701990884524,113.563593232472));
#5846=CARTESIAN_POINT('Ctrl Pts',(-7.80932042478923,1.35307682216609,113.66911303923));
#5847=CARTESIAN_POINT('Ctrl Pts',(-8.03351467597234,0.0591337354869328,
113.774632845988));
#5848=CARTESIAN_POINT('Ctrl Pts',(-7.92920541094679,-1.2917273483335,113.880152652747));
#5849=CARTESIAN_POINT('Ctrl Pts',(-7.50902433320067,-2.53591368189409,113.985672459505));
#5850=CARTESIAN_POINT('Ctrl Pts',(-7.08884325545458,-3.78010001545462,114.091192266263));
#5851=CARTESIAN_POINT('Ctrl Pts',(-6.35279036498796,-4.91761159875532,114.196712073022));
#5852=CARTESIAN_POINT('Ctrl Pts',(-5.39000434397472,-5.81069305811475,114.30223187978));
#5853=CARTESIAN_POINT('Ctrl Pts',(-4.56040548731651,-6.58022994524934,114.39315458652));
#5854=CARTESIAN_POINT('Ctrl Pts',(-3.56246492540181,-7.16828570617564,114.484077293259));
#5855=CARTESIAN_POINT('Ctrl Pts',(-2.48834101515459,-7.52460512266381,114.574999999999));
#5856=CARTESIAN_POINT('Origin',(0.,0.,11.8329938588938));
#5857=CARTESIAN_POINT('Origin',(0.,0.,117.));
#5858=CARTESIAN_POINT('',(-4.17618398102124,6.73514709253276,114.574999999999));
#5859=CARTESIAN_POINT('Ctrl Pts',(-4.17618398102124,6.73514709253276,114.574999999999));
#5860=CARTESIAN_POINT('Ctrl Pts',(-4.3367977237708,6.60962756171766,114.597236329266));
#5861=CARTESIAN_POINT('Ctrl Pts',(-4.49223306145043,6.47815651042529,114.61952250824));
#5862=CARTESIAN_POINT('Ctrl Pts',(-4.64210163716744,6.34095012460714,114.641878632717));
#5863=CARTESIAN_POINT('Ctrl Pts',(-4.75795518502546,6.23488488371352,114.659160683505));
#5864=CARTESIAN_POINT('Ctrl Pts',(-4.87048152227459,6.12539147663463,114.676484532466));
#5865=CARTESIAN_POINT('Ctrl Pts',(-4.97948445059,6.01255654251343,114.693859462883));
#5866=CARTESIAN_POINT('Ctrl Pts',(-5.12123739594109,5.86582026214584,114.716454705046));
#5867=CARTESIAN_POINT('Ctrl Pts',(-5.25703337067806,5.71343314266506,114.73913633475));
#5868=CARTESIAN_POINT('Ctrl Pts',(-5.3865945538552,5.55579963952112,114.761924768586));
#5869=CARTESIAN_POINT('Ctrl Pts',(-5.51521223362821,5.39931407083698,114.784547250211));
#5870=CARTESIAN_POINT('Ctrl Pts',(-5.63768581523258,5.23765756387535,114.807274986074));
#5871=CARTESIAN_POINT('Ctrl Pts',(-5.75369440328827,5.07121188789409,114.830127949967));
#5872=CARTESIAN_POINT('Ctrl Pts',(-5.81523670075289,4.98291282767262,114.842251396389));
#5873=CARTESIAN_POINT('Ctrl Pts',(-5.8749587191597,4.89326578903394,114.854410085472));
#5874=CARTESIAN_POINT('Ctrl Pts',(-5.93280655933705,4.80232715843885,114.86660699924));
#5875=CARTESIAN_POINT('Ctrl Pts',(-5.94823601330366,4.7780715698075,114.869860218702));
#5876=CARTESIAN_POINT('Ctrl Pts',(-5.9635321106127,4.75372409413028,114.873116157549));
#5877=CARTESIAN_POINT('Ctrl Pts',(-5.97869377646995,4.72928580145279,114.876374872367));
#5878=CARTESIAN_POINT('Ctrl Pts',(-5.99243191389955,4.70714201946277,114.879327626532));
#5879=CARTESIAN_POINT('Ctrl Pts',(-6.00605545545803,4.68493044321036,114.882281756126));
#5880=CARTESIAN_POINT('Ctrl Pts',(-6.01956092026974,4.66265684862834,114.885236659624));
#5881=CARTESIAN_POINT('Ctrl Pts',(-6.12250461306296,4.49287919861624,114.9077600368));
#5882=CARTESIAN_POINT('Ctrl Pts',(-6.21864765962094,4.31941011535346,114.930340343523));
#5883=CARTESIAN_POINT('Ctrl Pts',(-6.30776023927131,4.1426402843495,114.95299868498));
#5884=CARTESIAN_POINT('Ctrl Pts',(-6.39639539494902,3.96681750431518,114.975535633527));
#5885=CARTESIAN_POINT('Ctrl Pts',(-6.47807540811743,3.78772857686109,114.998149782899));
#5886=CARTESIAN_POINT('Ctrl Pts',(-6.55252454991328,3.60574495518192,115.020861900883));
#5887=CARTESIAN_POINT('Ctrl Pts',(-6.62574200173927,3.4267720787725,115.043198268559));
#5888=CARTESIAN_POINT('Ctrl Pts',(-6.69196593574843,3.24499888507134,115.065629390066));
#5889=CARTESIAN_POINT('Ctrl Pts',(-6.75088414552471,3.06077559485232,115.088175019399));
#5890=CARTESIAN_POINT('Ctrl Pts',(-6.78407291052818,2.95700218574059,115.100875024994));
#5891=CARTESIAN_POINT('Ctrl Pts',(-6.81494258751923,2.85245133249926,115.113611365012));
#5892=CARTESIAN_POINT('Ctrl Pts',(-6.843430070653,2.74718627104215,115.126387570306));
#5893=CARTESIAN_POINT('Ctrl Pts',(-6.86370024648829,2.67228525942841,115.135478437569));
#5894=CARTESIAN_POINT('Ctrl Pts',(-6.88276419166689,2.59702264847901,115.144589488571));
#5895=CARTESIAN_POINT('Ctrl Pts',(-6.90061511981077,2.52142863249747,115.153721995321));
#5896=CARTESIAN_POINT('Ctrl Pts',(-6.91720953419874,2.45115562392688,115.162211671611));
#5897=CARTESIAN_POINT('Ctrl Pts',(-6.93275567605182,2.38059622207826,115.170719889446));
#5898=CARTESIAN_POINT('Ctrl Pts',(-6.94724717513891,2.30977503938835,115.179247670691));
#5899=CARTESIAN_POINT('Ctrl Pts',(-6.95180053996964,2.28752236003526,115.181927179482));
#5900=CARTESIAN_POINT('Ctrl Pts',(-6.95624781931733,2.26525339493418,115.184607469051));
#5901=CARTESIAN_POINT('Ctrl Pts',(-6.96058899609246,2.24296936039027,115.187288520356));
#5902=CARTESIAN_POINT('Ctrl Pts',(-6.99723192840183,2.05487465435352,115.209918693364));
#5903=CARTESIAN_POINT('Ctrl Pts',(-7.02632193906207,1.86569563389534,115.232604449064));
#5904=CARTESIAN_POINT('Ctrl Pts',(-7.04787587191517,1.67588441994,115.255367676596));
#5905=CARTESIAN_POINT('Ctrl Pts',(-7.06948434462031,1.48559290962307,115.278188503967));
#5906=CARTESIAN_POINT('Ctrl Pts',(-7.08351845986357,1.29466525078673,115.301087195734));
#5907=CARTESIAN_POINT('Ctrl Pts',(-7.08994317163857,1.10356095997723,115.324085807622));
#5908=CARTESIAN_POINT('Ctrl Pts',(-7.09629433088383,0.914644503349645,115.346821122705));
#5909=CARTESIAN_POINT('Ctrl Pts',(-7.09520911849683,0.725554762925776,115.369654083159));
#5910=CARTESIAN_POINT('Ctrl Pts',(-7.08660528259861,0.536750084663799,115.392605995842));
#5911=CARTESIAN_POINT('Ctrl Pts',(-7.07811091739219,0.350347658024332,115.415265880436));
#5912=CARTESIAN_POINT('Ctrl Pts',(-7.06228784012633,0.164222492946974,115.438041709543));
#5913=CARTESIAN_POINT('Ctrl Pts',(-7.03901241191844,-0.0211608623950611,
115.460953987035));
#5914=CARTESIAN_POINT('Ctrl Pts',(-7.02255676657858,-0.152226238300248,
115.477152886104));
#5915=CARTESIAN_POINT('Ctrl Pts',(-7.00237518453242,-0.282920352891104,
115.493419988078));
#5916=CARTESIAN_POINT('Ctrl Pts',(-6.97841106020593,-0.413069411591103,
115.509762538778));
#5917=CARTESIAN_POINT('Ctrl Pts',(-6.97287792768216,-0.443119831119037,
115.513535908402));
#5918=CARTESIAN_POINT('Ctrl Pts',(-6.96714208675411,-0.473145916851027,
115.517313903442));
#5919=CARTESIAN_POINT('Ctrl Pts',(-6.9612087564873,-0.50311622654512,115.521092919205));
#5920=CARTESIAN_POINT('Ctrl Pts',(-6.94144469679042,-0.602948018016631,
115.533680907698));
#5921=CARTESIAN_POINT('Ctrl Pts',(-6.91948014378673,-0.702216968673776,
115.546287215946));
#5922=CARTESIAN_POINT('Ctrl Pts',(-6.89531096503383,-0.800853781253455,
115.55891567773));
#5923=CARTESIAN_POINT('Ctrl Pts',(-6.85139924813637,-0.980061847607209,
115.581859669511));
#5924=CARTESIAN_POINT('Ctrl Pts',(-6.80021286551451,-1.15718479833668,115.604876788687));
#5925=CARTESIAN_POINT('Ctrl Pts',(-6.74197194876501,-1.33182454758098,115.62799002758));
#5926=CARTESIAN_POINT('Ctrl Pts',(-6.68370520508225,-1.50654174081827,115.651113516039));
#5927=CARTESIAN_POINT('Ctrl Pts',(-6.61837719918349,-1.67877415065059,115.674333209483));
#5928=CARTESIAN_POINT('Ctrl Pts',(-6.54616544604083,-1.84809380777328,115.697672130837));
#5929=CARTESIAN_POINT('Ctrl Pts',(-6.47210090616036,-2.02175781607862,115.721609874988));
#5930=CARTESIAN_POINT('Ctrl Pts',(-6.39079450269185,-2.19235851660188,115.745673043765));
#5931=CARTESIAN_POINT('Ctrl Pts',(-6.302398591604,-2.35939199769449,115.769886478097));
#5932=CARTESIAN_POINT('Ctrl Pts',(-6.23610165828812,-2.48466710851394,115.788046553846));
#5933=CARTESIAN_POINT('Ctrl Pts',(-6.16581601478407,-2.60793484348829,115.80629115397));
#5934=CARTESIAN_POINT('Ctrl Pts',(-6.09159394575382,-2.72896344276964,115.824630758234));
#5935=CARTESIAN_POINT('Ctrl Pts',(-6.05870012422522,-2.78260103596305,115.832758525049));
#5936=CARTESIAN_POINT('Ctrl Pts',(-6.02503302964337,-2.83579860808609,115.840904951583));
#5937=CARTESIAN_POINT('Ctrl Pts',(-5.99059667600485,-2.88853481604693,115.849070950046));
#5938=CARTESIAN_POINT('Ctrl Pts',(-5.98004293064344,-2.90469693692614,115.851573592146));
#5939=CARTESIAN_POINT('Ctrl Pts',(-5.96941744706379,-2.92081487493914,115.854077944838));
#5940=CARTESIAN_POINT('Ctrl Pts',(-5.95872600287267,-2.93687969084385,115.856582726869));
#5941=CARTESIAN_POINT('Ctrl Pts',(-5.86063856176639,-3.08426452078516,115.87956256528));
#5942=CARTESIAN_POINT('Ctrl Pts',(-5.7568775056275,-3.2273730432457,115.902608223579));
#5943=CARTESIAN_POINT('Ctrl Pts',(-5.64762079025976,-3.36583484605801,115.925743473851));
#5944=CARTESIAN_POINT('Ctrl Pts',(-5.54460459624902,-3.49638799232075,115.947557285683));
#5945=CARTESIAN_POINT('Ctrl Pts',(-5.43670196728877,-3.62281018121452,115.969450747157));
#5946=CARTESIAN_POINT('Ctrl Pts',(-5.32403515339949,-3.74475807028748,115.991443785153));
#5947=CARTESIAN_POINT('Ctrl Pts',(-5.20404901168339,-3.87462822632709,116.014865586859));
#5948=CARTESIAN_POINT('Ctrl Pts',(-5.0786589944696,-3.99942451916166,116.038400323188));
#5949=CARTESIAN_POINT('Ctrl Pts',(-4.9482235833441,-4.11884807214054,116.062072062394));
#5950=CARTESIAN_POINT('Ctrl Pts',(-4.81906412967344,-4.23710338889131,116.085512237703));
#5951=CARTESIAN_POINT('Ctrl Pts',(-4.68495679282422,-4.35009078829787,116.109086748593));
#5952=CARTESIAN_POINT('Ctrl Pts',(-4.54623747024529,-4.45747079112466,116.132818963879));
#5953=CARTESIAN_POINT('Ctrl Pts',(-4.47680483425839,-4.51121728087054,116.144697556092));
#5954=CARTESIAN_POINT('Ctrl Pts',(-4.40621664989245,-4.56355817439883,116.15661565741));
#5955=CARTESIAN_POINT('Ctrl Pts',(-4.33451472033382,-4.61444593620447,116.168576198163));
#5956=CARTESIAN_POINT('Ctrl Pts',(-4.29968616879722,-4.63916419756145,116.174385920615));
#5957=CARTESIAN_POINT('Ctrl Pts',(-4.26459483590594,-4.66353954982319,116.180205656402));
#5958=CARTESIAN_POINT('Ctrl Pts',(-4.22924552574921,-4.6875662499657,116.186035741363));
#5959=CARTESIAN_POINT('Ctrl Pts',(-4.21113140824266,-4.69987829984012,116.189023263427));
#5960=CARTESIAN_POINT('Ctrl Pts',(-4.19295646870358,-4.71209407428374,116.192012360874));
#5961=CARTESIAN_POINT('Ctrl Pts',(-4.17472509900424,-4.72421066004968,116.195002487032));
#5962=CARTESIAN_POINT('Ctrl Pts',(-4.03264120107548,-4.81863975471472,116.218305661009));
#5963=CARTESIAN_POINT('Ctrl Pts',(-3.88706059657869,-4.90709665545561,116.241683012631));
#5964=CARTESIAN_POINT('Ctrl Pts',(-3.73832837115648,-4.98934686662674,116.265159843544));
#5965=CARTESIAN_POINT('Ctrl Pts',(-3.59041523554312,-5.07114411402652,116.288507384164));
#5966=CARTESIAN_POINT('Ctrl Pts',(-3.43938438963666,-5.14680305511299,116.311953311398));
#5967=CARTESIAN_POINT('Ctrl Pts',(-3.28556253100904,-5.21604334478815,116.335522511169));
#5968=CARTESIAN_POINT('Ctrl Pts',(-3.1341417245315,-5.28420284173411,116.358723812136));
#5969=CARTESIAN_POINT('Ctrl Pts',(-2.98001571838377,-5.34614259496183,116.38204456728));
#5970=CARTESIAN_POINT('Ctrl Pts',(-2.82349374268139,-5.40154481086485,116.405508515262));
#5971=CARTESIAN_POINT('Ctrl Pts',(-2.78250537698719,-5.41605297353984,116.411653012711));
#5972=CARTESIAN_POINT('Ctrl Pts',(-2.74135272101655,-5.43011254393097,116.417807329717));
#5973=CARTESIAN_POINT('Ctrl Pts',(-2.70004138232847,-5.44371722059197,116.423971892576));
#5974=CARTESIAN_POINT('Ctrl Pts',(-2.58340878527655,-5.48212674256378,116.441376048403));
#5975=CARTESIAN_POINT('Ctrl Pts',(-2.4655109931041,-5.51691138726628,116.458861871771));
#5976=CARTESIAN_POINT('Ctrl Pts',(-2.34652365957449,-5.54801896505345,116.476438955893));
#5977=CARTESIAN_POINT('Ctrl Pts',(-2.28785478796776,-5.56335712276364,116.485105657306));
#5978=CARTESIAN_POINT('Ctrl Pts',(-2.22892110402622,-5.57780111364339,116.493794545693));
#5979=CARTESIAN_POINT('Ctrl Pts',(-2.16974418313529,-5.59134345475411,116.502506771019));
#5980=CARTESIAN_POINT('Ctrl Pts',(-2.1357705041259,-5.59911816055165,116.507508490308));
#5981=CARTESIAN_POINT('Ctrl Pts',(-2.10171666255077,-5.60659567238749,116.512517901333));
#5982=CARTESIAN_POINT('Ctrl Pts',(-2.06758680420036,-5.61377445510271,116.517535221691));
#5983=CARTESIAN_POINT('Ctrl Pts',(-2.04367497681866,-5.61880400463481,116.521050422285));
#5984=CARTESIAN_POINT('Ctrl Pts',(-2.01972401410627,-5.6236872114365,116.524569772417));
#5985=CARTESIAN_POINT('Ctrl Pts',(-1.99575645948884,-5.62841955669173,116.52809024895));
#5986=CARTESIAN_POINT('Ctrl Pts',(-1.83551938274426,-5.66005804388611,116.551626687162));
#5987=CARTESIAN_POINT('Ctrl Pts',(-1.67433171153608,-5.68500304093256,116.575244191674));
#5988=CARTESIAN_POINT('Ctrl Pts',(-1.51260473127056,-5.703231967306,116.59896947543));
#5989=CARTESIAN_POINT('Ctrl Pts',(-1.35148611309817,-5.7213923226359,116.622605512708));
#5990=CARTESIAN_POINT('Ctrl Pts',(-1.18983146762669,-5.73288688475109,116.646348519897));
#5991=CARTESIAN_POINT('Ctrl Pts',(-1.02805574711561,-5.7376427760183,116.670224909619));
#5992=CARTESIAN_POINT('Ctrl Pts',(-0.867913171522889,-5.74235065600402,
116.693860264378));
#5993=CARTESIAN_POINT('Ctrl Pts',(-0.707651271801685,-5.74045503001019,
116.717626322239));
#5994=CARTESIAN_POINT('Ctrl Pts',(-0.547691435689705,-5.73183831604183,
116.741548703953));
#5995=CARTESIAN_POINT('Ctrl Pts',(-0.391186258855363,-5.72340769760581,
116.764954432987));
#5996=CARTESIAN_POINT('Ctrl Pts',(-0.234969708999256,-5.70854289190463,
116.788509806524));
#5997=CARTESIAN_POINT('Ctrl Pts',(-0.0794634227724758,-5.68709231102386,
116.812238820913));
#5998=CARTESIAN_POINT('Ctrl Pts',(0.0167757318416559,-5.67381705495519,
116.826924145475));
#5999=CARTESIAN_POINT('Ctrl Pts',(0.112742286613212,-5.65801859379522,116.84167597585));
#6000=CARTESIAN_POINT('Ctrl Pts',(0.208329638063701,-5.63965344785513,116.8565));
#6001=CARTESIAN_POINT('Origin',(0.,0.,114.574999999999));
#6002=CARTESIAN_POINT('',(-3.67394039744209E-16,3.00000000000003,119.5));
#6003=CARTESIAN_POINT('',(-6.73555739531044E-16,5.5,117.));
#6004=CARTESIAN_POINT('Origin',(0.,0.,119.5));
#6005=CARTESIAN_POINT('Ctrl Pts',(3.95883964096025,6.86536333322292,21.8886739174684));
#6006=CARTESIAN_POINT('Ctrl Pts',(2.82064193094445,7.52169308519038,21.9942181009136));
#6007=CARTESIAN_POINT('Ctrl Pts',(0.212646110380035,8.25667699481836,22.2053064678039));
#6008=CARTESIAN_POINT('Ctrl Pts',(-3.75294022340944,7.35734886935819,22.5219390181395));
#6009=CARTESIAN_POINT('Ctrl Pts',(-6.80829382323373,4.67558299467493,22.8385715684751));
#6010=CARTESIAN_POINT('Ctrl Pts',(-8.21430724530908,0.860685603672896,23.1552041188107));
#6011=CARTESIAN_POINT('Ctrl Pts',(-7.62967072868877,-3.16268482474299,23.4718366691462));
#6012=CARTESIAN_POINT('Ctrl Pts',(-5.19635449029769,-6.41973209241883,23.7884692194818));
#6013=CARTESIAN_POINT('Ctrl Pts',(-1.50383509086395,-8.12116355730026,24.1051017698174));
#6014=CARTESIAN_POINT('Ctrl Pts',(2.55306043161982,-7.8547285823921,24.421734320153));
#6015=CARTESIAN_POINT('Ctrl Pts',(5.99132457111076,-5.68497275655936,24.7383668704885));
#6016=CARTESIAN_POINT('Ctrl Pts',(7.97779683816311,-2.13766739998072,25.0549994208241));
#6017=CARTESIAN_POINT('Ctrl Pts',(8.03113528380427,1.92762733473724,25.3716319711597));
#6018=CARTESIAN_POINT('Ctrl Pts',(6.13841055953534,5.52582911581863,25.6882645214952));
#6019=CARTESIAN_POINT('Ctrl Pts',(2.75825989095077,7.78504194713205,26.0048970718308));
#6020=CARTESIAN_POINT('Ctrl Pts',(-1.29025790303765,8.15782501795988,26.3215296221663));
#6021=CARTESIAN_POINT('Ctrl Pts',(-5.02612713149961,6.55384777210354,26.638162172502));
#6022=CARTESIAN_POINT('Ctrl Pts',(-7.5440922917959,3.36177725276253,26.9547947228375));
#6023=CARTESIAN_POINT('Ctrl Pts',(-8.23401343046057,-0.644901076594102,
27.2714272731731));
#6024=CARTESIAN_POINT('Ctrl Pts',(-6.92871262973762,-4.49531044642919,27.5880598235086));
#6025=CARTESIAN_POINT('Ctrl Pts',(-3.9444833417501,-7.25644029906353,27.9046923738442));
#6026=CARTESIAN_POINT('Ctrl Pts',(-0.00444801644797139,-8.25922846797981,
28.2213249241798));
#6027=CARTESIAN_POINT('Ctrl Pts',(3.93666513128298,-7.26068469989066,28.5379574745154));
#6028=CARTESIAN_POINT('Ctrl Pts',(6.92386670114379,-4.50277076581584,28.8545900248509));
#6029=CARTESIAN_POINT('Ctrl Pts',(8.23331403574485,-0.653769574546614,29.1712225751865));
#6030=CARTESIAN_POINT('Ctrl Pts',(7.54770888038975,3.35364955273474,29.4878551255221));
#6031=CARTESIAN_POINT('Ctrl Pts',(5.03318339894686,6.54843031109958,29.8044876758576));
#6032=CARTESIAN_POINT('Ctrl Pts',(1.29904391665442,8.15643056544578,30.1211202261932));
#6033=CARTESIAN_POINT('Ctrl Pts',(-2.74987291876544,7.78800832030108,30.4377527765287));
#6034=CARTESIAN_POINT('Ctrl Pts',(-6.13245530020477,5.5324376776828,30.7543853268644));
#6035=CARTESIAN_POINT('Ctrl Pts',(-8.0290540107968,1.93627641573262,31.0710178771999));
#6036=CARTESIAN_POINT('Ctrl Pts',(-7.98009542529694,-2.12907296014018,31.3876504275355));
#6037=CARTESIAN_POINT('Ctrl Pts',(-5.99744292549716,-5.67851679770625,31.704282977871));
#6038=CARTESIAN_POINT('Ctrl Pts',(-2.56152222922899,-7.85197290721264,32.0209155282066));
#6039=CARTESIAN_POINT('Ctrl Pts',(1.49509279236026,-8.12278106369152,32.3375480785422));
#6040=CARTESIAN_POINT('Ctrl Pts',(5.18942494891826,-6.42532048741369,32.6541806288778));
#6041=CARTESIAN_POINT('Ctrl Pts',(7.62628349048499,-3.17091071920827,32.9708131792133));
#6042=CARTESIAN_POINT('Ctrl Pts',(8.21518192777673,0.851857124149369,33.2874457295489));
#6043=CARTESIAN_POINT('Ctrl Pts',(6.81342155061023,4.66820751896417,33.6040782798844));
#6044=CARTESIAN_POINT('Ctrl Pts',(3.7606694138476,7.3533829103471,33.92071083022));
#6045=CARTESIAN_POINT('Ctrl Pts',(-0.203347961196299,8.25672600206104,34.2373433805556));
#6046=CARTESIAN_POINT('Ctrl Pts',(-4.11809114914169,7.15934354209898,34.5539759308912));
#6047=CARTESIAN_POINT('Ctrl Pts',(-7.0349605812955,4.32714736125915,34.8706084812267));
#6048=CARTESIAN_POINT('Ctrl Pts',(-8.24715610438199,0.446420044787893,35.1872410315623));
#6049=CARTESIAN_POINT('Ctrl Pts',(-7.46094500206044,-3.54248138211944,35.5038735818979));
#6050=CARTESIAN_POINT('Ctrl Pts',(-4.86683773102197,-6.67298772412587,35.8205061322334));
#6051=CARTESIAN_POINT('Ctrl Pts',(-1.09342444911602,-8.18653147801368,36.137138682569));
#6052=CARTESIAN_POINT('Ctrl Pts',(2.94494157963264,-7.71635884073469,36.4537712329046));
#6053=CARTESIAN_POINT('Ctrl Pts',(6.2697051629213,-5.3763995235168,36.7704037832402));
#6054=CARTESIAN_POINT('Ctrl Pts',(8.07522742491622,-1.7336599154144,37.0870363335757));
#6055=CARTESIAN_POINT('Ctrl Pts',(7.92400389680114,2.32917086318587,37.4036688839113));
#6056=CARTESIAN_POINT('Ctrl Pts',(5.85267825267147,5.82760945303818,37.7203014342469));
#6057=CARTESIAN_POINT('Ctrl Pts',(2.36316301100214,7.91393298239661,38.0369339845824));
#6058=CARTESIAN_POINT('Ctrl Pts',(-1.69898121432333,8.0825947256936,38.353566534918));
#6059=CARTESIAN_POINT('Ctrl Pts',(-5.3494374259657,6.29272547407807,38.6701990852536));
#6060=CARTESIAN_POINT('Ctrl Pts',(-7.70364665756419,2.97803674286159,38.9868316355891));
#6061=CARTESIAN_POINT('Ctrl Pts',(-8.19114955725527,-1.05827387622979,39.3034641859247));
#6062=CARTESIAN_POINT('Ctrl Pts',(-6.69381703759136,-4.83814924673528,39.6200967362603));
#6063=CARTESIAN_POINT('Ctrl Pts',(-3.57447468230858,-7.44567024598649,39.9367292865958));
#6064=CARTESIAN_POINT('Ctrl Pts',(0.411015202749126,-8.2489963734713,40.2533618369314));
#6065=CARTESIAN_POINT('Ctrl Pts',(4.29691008876458,-7.05346995141446,40.569994387267));
#6066=CARTESIAN_POINT('Ctrl Pts',(7.14160077281189,-4.14878452901645,40.8866269376026));
#6067=CARTESIAN_POINT('Ctrl Pts',(8.2557770686541,-0.238787895670021,41.2032594879381));
#6068=CARTESIAN_POINT('Ctrl Pts',(7.36945775327298,3.72907053957932,41.5198920382737));
#6069=CARTESIAN_POINT('Ctrl Pts',(4.69741096851844,6.79332060624818,41.8365245886093));
#6070=CARTESIAN_POINT('Ctrl Pts',(0.88711275709771,8.21144966632739,42.1531571389449));
#6071=CARTESIAN_POINT('Ctrl Pts',(-3.13814585871336,7.63982429352101,42.4697896892804));
#6072=CARTESIAN_POINT('Ctrl Pts',(-6.40298580460044,5.21695768168756,42.786422239616));
#6073=CARTESIAN_POINT('Ctrl Pts',(-8.11628857908507,1.52994587075715,43.1030547899515));
#6074=CARTESIAN_POINT('Ctrl Pts',(-7.86289584485378,-2.52779421619222,43.4196873402871));
#6075=CARTESIAN_POINT('Ctrl Pts',(-5.70420836994209,-5.97301276900662,43.7363198906227));
#6076=CARTESIAN_POINT('Ctrl Pts',(-2.1633077230082,-7.97088290981662,44.0529524409582));
#6077=CARTESIAN_POINT('Ctrl Pts',(1.90179404631733,-8.03729146366023,44.3695849912938));
#6078=CARTESIAN_POINT('Ctrl Pts',(5.50606328449883,-6.15614666601824,44.6862175416293));
#6079=CARTESIAN_POINT('Ctrl Pts',(7.77613280481495,-2.78327743286839,45.002850091965));
#6080=CARTESIAN_POINT('Ctrl Pts',(8.16193153887321,1.26402065694365,45.3194826423005));
#6081=CARTESIAN_POINT('Ctrl Pts',(6.56997480705102,5.00502804199423,45.6361151926361));
#6082=CARTESIAN_POINT('Ctrl Pts',(3.38601702456377,7.53324388134341,45.9527477429717));
#6083=CARTESIAN_POINT('Ctrl Pts',(-0.618422239053338,8.23604447539458,46.2693802933072));
#6084=CARTESIAN_POINT('Ctrl Pts',(-4.47300874322442,6.94313095436573,46.5860128436428));
#6085=CARTESIAN_POINT('Ctrl Pts',(-7.24371976415854,3.9677951868478,46.9026453939784));
#6086=CARTESIAN_POINT('Ctrl Pts',(-8.25917147072099,0.0310045748598293,
47.2192779443139));
#6087=CARTESIAN_POINT('Ctrl Pts',(-7.27330505276044,-3.91329889938438,47.5359104946495));
#6088=CARTESIAN_POINT('Ctrl Pts',(-4.52501037200429,-6.90935277719173,47.8525430449851));
#6089=CARTESIAN_POINT('Ctrl Pts',(-0.680239452287566,-8.2311693552001,48.1691755953207));
#6090=CARTESIAN_POINT('Ctrl Pts',(3.32936344236814,-7.55845313110137,48.4858081456562));
#6091=CARTESIAN_POINT('Ctrl Pts',(6.53221284801391,-5.05421309153815,48.8024406959918));
#6092=CARTESIAN_POINT('Ctrl Pts',(8.15221147833477,-1.32526324892085,49.1190732463274));
#6093=CARTESIAN_POINT('Ctrl Pts',(7.79680995570166,2.72481727481039,49.4357057966629));
#6094=CARTESIAN_POINT('Ctrl Pts',(5.55212727053024,6.114634693771,49.7523383469985));
#6095=CARTESIAN_POINT('Ctrl Pts',(1.9620828895082,8.02278663564803,50.0689708973341));
#6096=CARTESIAN_POINT('Ctrl Pts',(-2.10340289172084,7.98689995815235,50.3856034476696));
#6097=CARTESIAN_POINT('Ctrl Pts',(-5.65920336791678,6.01567052846089,50.7022359980052));
#6098=CARTESIAN_POINT('Ctrl Pts',(-7.84369604275231,2.58675608733128,51.0188685483408));
#6099=CARTESIAN_POINT('Ctrl Pts',(-8.12754636995546,-1.46896721224722,51.3355010986764));
#6100=CARTESIAN_POINT('Ctrl Pts',(-6.4419732609513,-5.16873825721733,51.6521336490119));
#6101=CARTESIAN_POINT('Ctrl Pts',(-3.19541574926969,-7.61604837535534,51.9687661993475));
#6102=CARTESIAN_POINT('Ctrl Pts',(0.825437764991622,-8.21787850741048,52.285398749683));
#6103=CARTESIAN_POINT('Ctrl Pts',(4.64627562809476,-6.82839640429628,52.6020313000186));
#6104=CARTESIAN_POINT('Ctrl Pts',(7.34125290590801,-3.78429391537322,52.9186638503542));
#6105=CARTESIAN_POINT('Ctrl Pts',(8.25733716165664,0.17679837430729,53.2352964006897));
#6106=CARTESIAN_POINT('Ctrl Pts',(7.17254777281468,4.09504983035919,53.5519289510254));
#6107=CARTESIAN_POINT('Ctrl Pts',(4.34974508474188,7.02101077938195,53.8685615013609));
#6108=CARTESIAN_POINT('Ctrl Pts',(0.472935501908623,8.24567806050345,54.1851940516965));
#6109=CARTESIAN_POINT('Ctrl Pts',(-3.5184732746882,7.4722968678806,54.501826602032));
#6110=CARTESIAN_POINT('Ctrl Pts',(-6.65730448218555,4.88826878331233,54.8184591523676));
#6111=CARTESIAN_POINT('Ctrl Pts',(-8.18297338061868,1.11974163025224,55.1350917027032));
#6112=CARTESIAN_POINT('Ctrl Pts',(-7.72578806695831,-2.92011530780516,55.4517242530387));
#6113=CARTESIAN_POINT('Ctrl Pts',(-5.39653123384358,-6.25238556941143,55.7683568033743));
#6114=CARTESIAN_POINT('Ctrl Pts',(-1.75961590179435,-8.06961130071246,56.0849893537099));
#6115=CARTESIAN_POINT('Ctrl Pts',(2.30368011613165,-7.93145211099287,56.4016219040454));
#6116=CARTESIAN_POINT('Ctrl Pts',(5.80876072639093,-5.87138599395165,56.718254454381));
#6117=CARTESIAN_POINT('Ctrl Pts',(7.90629359848366,-2.38859711986133,57.0348870047166));
#6118=CARTESIAN_POINT('Ctrl Pts',(8.08801581904334,1.67298379470286,57.3515195550522));
#6119=CARTESIAN_POINT('Ctrl Pts',(6.30989343443137,5.32917625084341,57.6681521053877));
#6120=CARTESIAN_POINT('Ctrl Pts',(3.00279152216305,7.69403130620478,57.9847846557233));
#6121=CARTESIAN_POINT('Ctrl Pts',(-1.03193072330366,8.19450997001867,58.3014172060589));
#6122=CARTESIAN_POINT('Ctrl Pts',(-4.81660105168394,6.70933893728369,58.6180497563945));
#6123=CARTESIAN_POINT('Ctrl Pts',(-7.43413845183962,3.59839688546345,58.93468230673));
#6124=CARTESIAN_POINT('Ctrl Pts',(-8.25027530272435,-0.384489396069684,
59.2513148570656));
#6125=CARTESIAN_POINT('Ctrl Pts',(-7.06724970079167,-4.27420826973765,59.5679474074012));
#6126=CARTESIAN_POINT('Ctrl Pts',(-4.17172606357006,-7.12822392444036,59.8845799577367));
#6127=CARTESIAN_POINT('Ctrl Pts',(-0.265332145816674,-8.25496659707535,
60.2012125080723));
#6128=CARTESIAN_POINT('Ctrl Pts',(3.70535563413873,-7.38141004761217,60.5178450584079));
#6129=CARTESIAN_POINT('Ctrl Pts',(6.77818151418159,-4.71922981292931,60.8344776087434));
#6130=CARTESIAN_POINT('Ctrl Pts',(8.20855481121079,-0.913511126249605,61.151110159079));
#6131=CARTESIAN_POINT('Ctrl Pts',(7.64987514111685,3.11356467601941,61.4677427094145));
#6132=CARTESIAN_POINT('Ctrl Pts',(5.23751876452417,6.38617818868929,61.7843752597502));
#6133=CARTESIAN_POINT('Ctrl Pts',(1.55603493754128,8.11132726128003,62.1010078100857));
#6134=CARTESIAN_POINT('Ctrl Pts',(-2.50249892816911,7.87098302507038,62.4176403604213));
#6135=CARTESIAN_POINT('Ctrl Pts',(-5.95464067824189,5.72338440605386,62.7342729107568));
#6136=CARTESIAN_POINT('Ctrl Pts',(-7.96388584278744,2.18892598081421,63.0509054610924));
#6137=CARTESIAN_POINT('Ctrl Pts',(-8.04336491211337,-1.87594124561968,63.367538011428));
#6138=CARTESIAN_POINT('Ctrl Pts',(-6.1738189445055,-5.48624045288742,63.6841705617635));
#6139=CARTESIAN_POINT('Ctrl Pts',(-2.80826628966958,-7.76714330450643,64.0008031120991));
#6140=CARTESIAN_POINT('Ctrl Pts',(1.23777038755611,-8.16595365735827,64.3174356624347));
#6141=CARTESIAN_POINT('Ctrl Pts',(4.98387718447896,-6.58603392615492,64.6340682127703));
#6142=CARTESIAN_POINT('Ctrl Pts',(7.52231759802985,-3.41022178469433,64.9507007631059));
#6143=CARTESIAN_POINT('Ctrl Pts',(8.23799036464137,0.591937005524701,65.2673333134414));
#6144=CARTESIAN_POINT('Ctrl Pts',(6.95747749872925,4.45066079600658,65.583965863777));
#6145=CARTESIAN_POINT('Ctrl Pts',(3.99106600865982,7.23092433793589,65.9005984141126));
#6146=CARTESIAN_POINT('Ctrl Pts',(0.0575608134150564,8.25902908453484,66.217230964448));
#6147=CARTESIAN_POINT('Ctrl Pts',(-3.88989220935191,7.28585020886766,66.5338635147837));
#6148=CARTESIAN_POINT('Ctrl Pts',(-6.89476741924575,4.54720319547533,66.8504960651192));
#6149=CARTESIAN_POINT('Ctrl Pts',(-8.22893957503498,0.706702297192141,67.1671286154548));
#6150=CARTESIAN_POINT('Ctrl Pts',(-7.56911923708511,-3.30504291064754,67.4837611657904));
#6151=CARTESIAN_POINT('Ctrl Pts',(-5.07519053008703,-6.51592785025652,67.8003937161259));
#6152=CARTESIAN_POINT('Ctrl Pts',(-1.35146887965898,-8.14790810783645,68.1170262664615));
#6153=CARTESIAN_POINT('Ctrl Pts',(2.69973345974358,-7.80553098211612,68.4336588167971));
#6154=CARTESIAN_POINT('Ctrl Pts',(6.0967508698805,-5.57175946152062,68.7502913671326));
#6155=CARTESIAN_POINT('Ctrl Pts',(8.01643631520141,-1.98786907787049,69.0669239174683));
#6156=CARTESIAN_POINT('Ctrl Pts',(7.99362191673398,2.07771107682083,69.3835564678038));
#6157=CARTESIAN_POINT('Ctrl Pts',(6.03383593712713,5.63983142924208,69.7001890181394));
#6158=CARTESIAN_POINT('Ctrl Pts',(2.61196320170237,7.83533808456189,70.0168215684749));
#6159=CARTESIAN_POINT('Ctrl Pts',(-1.44282644490228,8.13222764784191,70.3334541188105));
#6160=CARTESIAN_POINT('Ctrl Pts',(-5.14799812740968,6.45855943276983,70.6500866691461));
#6161=CARTESIAN_POINT('Ctrl Pts',(-7.6057345200797,3.2198877428416,70.9667192194816));
#6162=CARTESIAN_POINT('Ctrl Pts',(-8.22049012474862,-0.799009871868857,
71.2833517698172));
#6163=CARTESIAN_POINT('Ctrl Pts',(-6.84330066114482,-4.6242957007104,71.5999843201528));
#6164=CARTESIAN_POINT('Ctrl Pts',(-3.80787929216638,-7.32904700235467,71.9166168704883));
#6165=CARTESIAN_POINT('Ctrl Pts',(0.150246959550472,-8.2578629510049,72.233249420824));
#6166=CARTESIAN_POINT('Ctrl Pts',(4.07196617402774,-7.18567784861022,72.5498819711595));
#6167=CARTESIAN_POINT('Ctrl Pts',(7.00698838924596,-4.37229783745411,72.8665145214951));
#6168=CARTESIAN_POINT('Ctrl Pts',(8.24411476691767,-0.499446069484438,73.1831470718306));
#6169=CARTESIAN_POINT('Ctrl Pts',(7.4835714797605,3.49442879076808,73.4997796221663));
#6170=CARTESIAN_POINT('Ctrl Pts',(4.90964929718968,6.64155241227823,73.8164121725017));
#6171=CARTESIAN_POINT('Ctrl Pts',(1.14604723469991,8.17933068180216,74.1330447228374));
#6172=CARTESIAN_POINT('Ctrl Pts',(-2.89525884574067,7.73513741846865,74.4496772731729));
#6173=CARTESIAN_POINT('Ctrl Pts',(-6.23500133427531,5.41660715097732,74.7663098235085));
#6174=CARTESIAN_POINT('Ctrl Pts',(-8.06391174710532,1.78555369600876,75.0829423738441));
#6175=CARTESIAN_POINT('Ctrl Pts',(-7.9388183241696,-2.27816555198753,75.3995749241796));
#6176=CARTESIAN_POINT('Ctrl Pts',(-5.89003303265124,-5.78985194462782,75.7162074745152));
#6177=CARTESIAN_POINT('Ctrl Pts',(-2.41400653369801,-7.89857247366237,76.0328400248507));
#6178=CARTESIAN_POINT('Ctrl Pts',(1.64696907858141,-8.09335329271066,76.3494725751863));
#6179=CARTESIAN_POINT('Ctrl Pts',(5.30885997889198,-6.32699615860106,76.6661051255219));
#6180=CARTESIAN_POINT('Ctrl Pts',(7.68433640845615,-3.02751525646176,76.9827376758574));
#6181=CARTESIAN_POINT('Ctrl Pts',(8.1977856620871,1.00557690154092,77.2993702261931));
#6182=CARTESIAN_POINT('Ctrl Pts',(6.72479147103956,4.79500305917184,77.6160027765286));
#6183=CARTESIAN_POINT('Ctrl Pts',(3.62228188582206,7.42252979826144,77.9326353268642));
#6184=CARTESIAN_POINT('Ctrl Pts',(-0.357959614264344,8.25146893474059,78.2492678771997));
#6185=CARTESIAN_POINT('Ctrl Pts',(-4.25146226089383,7.08095638389541,78.5659004275354));
#6186=CARTESIAN_POINT('Ctrl Pts',(-7.11477337940032,4.19462446784099,78.8825329778709));
#6187=CARTESIAN_POINT('Ctrl Pts',(-8.25407077975784,0.291873652770181,79.1991655282065));
#6188=CARTESIAN_POINT('Ctrl Pts',(-7.39328602766397,-3.68160242008588,79.515798078542));
#6189=CARTESIAN_POINT('Ctrl Pts',(-4.74099986657291,-6.76297234443475,79.8324306288776));
#6190=CARTESIAN_POINT('Ctrl Pts',(-0.93990005087137,-8.2055750901936,80.1490631792132));
#6191=CARTESIAN_POINT('Ctrl Pts',(3.08895130307073,-7.65984689884147,80.4656957295487));
#6192=CARTESIAN_POINT('Ctrl Pts',(6.36930454790834,-5.2580256981521,80.7823282798844));
#6193=CARTESIAN_POINT('Ctrl Pts',(8.10628208278224,-1.58210791692512,81.0989608302198));
#6194=CARTESIAN_POINT('Ctrl Pts',(7.87898882944454,2.47717776752529,81.4155933805555));
#6195=CARTESIAN_POINT('Ctrl Pts',(5.74250126973115,5.93620702415016,81.732225930891));
#6196=CARTESIAN_POINT('Ctrl Pts',(2.21452160794059,7.95680643942015,82.0488584812266));
#6197=CARTESIAN_POINT('Ctrl Pts',(-1.85006905010193,8.04935520251707,82.3654910315622));
#6198=CARTESIAN_POINT('Ctrl Pts',(-5.46636090060495,6.19142739364443,82.6821235818976));
#6199=CARTESIAN_POINT('Ctrl Pts',(-7.75807350192465,2.83322611260879,82.9987561322334));
#6200=CARTESIAN_POINT('Ctrl Pts',(-8.16989135038389,-1.21150732121447,83.3153886825688));
#6201=CARTESIAN_POINT('Ctrl Pts',(-6.6020249541377,-4.96267480008279,83.6320212329044));
#6202=CARTESIAN_POINT('Ctrl Pts',(-3.43439128751723,-7.51131354362597,83.94865378324));
#6203=CARTESIAN_POINT('Ctrl Pts',(0.565445652128618,-8.2398510836618,84.2652863335755));
#6204=CARTESIAN_POINT('Ctrl Pts',(4.42826683467958,-6.97175211172274,84.5819188839112));
#6205=CARTESIAN_POINT('Ctrl Pts',(7.21805415325451,-4.01429556798187,84.8985514342466));
#6206=CARTESIAN_POINT('Ctrl Pts',(8.25880131060905,-0.0841164568655129,
85.2151839845823));
#6207=CARTESIAN_POINT('Ctrl Pts',(7.29832003865327,3.8664453028364,85.5318165349178));
#6208=CARTESIAN_POINT('Ctrl Pts',(4.569349006713,6.88011077827128,85.8484490852535));
#6209=CARTESIAN_POINT('Ctrl Pts',(0.733157835703798,8.22662471821705,86.165081635589));
#6210=CARTESIAN_POINT('Ctrl Pts',(-3.28068820903351,7.5797070881098,86.4817141859245));
#6211=CARTESIAN_POINT('Ctrl Pts',(-6.49957548618462,5.09611549769248,86.7983467362602));
#6212=CARTESIAN_POINT('Ctrl Pts',(-8.14352049844647,1.37766053794688,87.1149792865957));
#6213=CARTESIAN_POINT('Ctrl Pts',(-7.8141713093781,-2.67462173290461,87.4316118369312));
#6214=CARTESIAN_POINT('Ctrl Pts',(-5.59133404768345,-6.07880401342642,87.7482443872669));
#6215=CARTESIAN_POINT('Ctrl Pts',(-2.01363471422288,-8.01000311511239,88.0648769376022));
#6216=CARTESIAN_POINT('Ctrl Pts',(2.05199778106021,-8.00026123154473,88.3815094879382));
#6217=CARTESIAN_POINT('Ctrl Pts',(5.62040118196318,-6.05193896368929,88.6981420382734));
#6218=CARTESIAN_POINT('Ctrl Pts',(7.82689911905193,-2.63714331173289,89.0147745886092));
#6219=CARTESIAN_POINT('Ctrl Pts',(8.13682484895246,1.4166707605875,89.3314071389447));
#6220=CARTESIAN_POINT('Ctrl Pts',(6.4750788313894,5.12720477392179,89.6480396892803));
#6221=CARTESIAN_POINT('Ctrl Pts',(3.24432644691492,7.59534203129009,89.9646722396157));
#6222=CARTESIAN_POINT('Ctrl Pts',(-0.772573718011619,8.2230167527904,90.2813047899515));
#6223=CARTESIAN_POINT('Ctrl Pts',(-4.60226796405537,6.85813416706491,90.5979373402869));
#6224=CARTESIAN_POINT('Ctrl Pts',(-7.31676532588045,3.83142530038456,90.9145698906225));
#6225=CARTESIAN_POINT('Ctrl Pts',(-8.25830336466982,-0.123693991433278,
91.2312024409581));
#6226=CARTESIAN_POINT('Ctrl Pts',(-7.19873363373759,-4.04884041880251,91.5478349912936));
#6227=CARTESIAN_POINT('Ctrl Pts',(-4.39480538622952,-6.99289355586094,91.8644675416292));
#6228=CARTESIAN_POINT('Ctrl Pts',(-0.525951473430183,-8.2424662397871,92.1811000919648));
#6229=CARTESIAN_POINT('Ctrl Pts',(3.47034817894812,-7.49476872113512,92.4977326423004));
#6230=CARTESIAN_POINT('Ctrl Pts',(6.62573167725994,-4.93097905160707,92.8143651926359));
#6231=CARTESIAN_POINT('Ctrl Pts',(8.17560341922498,-1.17234099049303,93.1309977429716));
#6232=CARTESIAN_POINT('Ctrl Pts',(7.74440679860545,2.87037245042297,93.447630293307));
#6233=CARTESIAN_POINT('Ctrl Pts',(5.43662706735889,6.21755263724354,93.7642628436427));
#6234=CARTESIAN_POINT('Ctrl Pts',(1.81147302989427,8.05812882302082,94.0808953939781));
#6235=CARTESIAN_POINT('Ctrl Pts',(-2.25262743454121,7.94610246017418,94.3975279443139));
#6236=CARTESIAN_POINT('Ctrl Pts',(-5.77088330324134,5.90861917598386,94.7141604946493));
#6237=CARTESIAN_POINT('Ctrl Pts',(-7.89076968775928,2.43939098981141,95.0307930449849));
#6238=CARTESIAN_POINT('Ctrl Pts',(-8.09860709151289,-1.62093733491778,95.3474255953205));
#6239=CARTESIAN_POINT('Ctrl Pts',(-6.34403346976694,-5.28848882015556,95.6640581456561));
#6240=CARTESIAN_POINT('Ctrl Pts',(-3.05220769014608,-7.67456206455108,95.9806906959915));
#6241=CARTESIAN_POINT('Ctrl Pts',(0.979212683406149,-8.2009765995941,96.2973232463273));
#6242=CARTESIAN_POINT('Ctrl Pts',(4.77335549249436,-6.74017447909973,96.6139557966628));
#6243=CARTESIAN_POINT('Ctrl Pts',(7.41084440527043,-3.64612943644432,96.9305883469984));
#6244=CARTESIAN_POINT('Ctrl Pts',(8.25257725717945,0.33142613161693,97.2472208973338));
#6245=CARTESIAN_POINT('Ctrl Pts',(7.09458985901616,4.2286722973977,97.5638534476695));
#6246=CARTESIAN_POINT('Ctrl Pts',(4.21747950508908,7.10124927675314,97.880485998005));
#6247=CARTESIAN_POINT('Ctrl Pts',(0.318412142125419,8.25308962596314,98.1971185483407));
#6248=CARTESIAN_POINT('Ctrl Pts',(-3.65781114299855,7.40508557064595,98.5137510986761));
#6249=CARTESIAN_POINT('Ctrl Pts',(-6.74769325425112,4.76272090437472,98.8303836490118));
#6250=CARTESIAN_POINT('Ctrl Pts',(-8.20251053408234,0.96627925813512,99.1470161993473));
#6251=CARTESIAN_POINT('Ctrl Pts',(-7.66973946359962,-3.0643059943381,99.4636487496829));
#6252=CARTESIAN_POINT('Ctrl Pts',(-5.27847827055606,-6.35236505670927,99.7802813000185));
#6253=CARTESIAN_POINT('Ctrl Pts',(-1.60816453934773,-8.10115309575235,100.096913850354));
#6254=CARTESIAN_POINT('Ctrl Pts',(2.45183099604896,-7.88691317520657,100.41354640069));
#6255=CARTESIAN_POINT('Ctrl Pts',(5.91771199731171,-5.76155876333015,100.730178951025));
#6256=CARTESIAN_POINT('Ctrl Pts',(7.94964477290664,-2.24009433976151,101.046811501361));
#6257=CARTESIAN_POINT('Ctrl Pts',(8.05526227293945,1.82417772724927,101.363444051696));
#6258=CARTESIAN_POINT('Ctrl Pts',(6.20897183138629,5.44642483318053,101.680076602032));
#6259=CARTESIAN_POINT('Ctrl Pts',(2.8581566436334,7.74892349083974,101.996709152367));
#6260=CARTESIAN_POINT('Ctrl Pts',(-1.18523172944524,8.17374457723935,102.313341702703));
#6261=CARTESIAN_POINT('Ctrl Pts',(-4.94142110801117,6.61794772567259,102.629974253038));
#6262=CARTESIAN_POINT('Ctrl Pts',(-7.50023183189959,3.45852528315082,102.946606803374));
#6263=CARTESIAN_POINT('Ctrl Pts',(-8.24162661321841,-0.538948452751609,
103.26323935371));
#6264=CARTESIAN_POINT('Ctrl Pts',(-6.98595464576508,-4.40582709076821,103.579871904045));
#6265=CARTESIAN_POINT('Ctrl Pts',(-4.03748362465008,-7.2051093431756,103.896504454381));
#6266=CARTESIAN_POINT('Ctrl Pts',(-0.110671230659828,-8.25848815129852,
104.213137004716));
#6267=CARTESIAN_POINT('Ctrl Pts',(3.84295842224886,-7.31071441319519,104.529769555052));
#6268=CARTESIAN_POINT('Ctrl Pts',(6.8653830057992,-4.591447576758,104.846402105388));
#6269=CARTESIAN_POINT('Ctrl Pts',(8.22422480867892,-0.759605794306244,105.163034655723));
#6270=CARTESIAN_POINT('Ctrl Pts',(7.59021657471064,3.25629958932238,105.479667206059));
#6271=CARTESIAN_POINT('Ctrl Pts',(5.11698777801735,6.48315592486052,105.796299756394));
#6272=CARTESIAN_POINT('Ctrl Pts',(1.40383795299641,8.13904869552717,106.11293230673));
#6273=CARTESIAN_POINT('Ctrl Pts',(-2.64948235391629,7.82273084815749,106.429564857065));
#6274=CARTESIAN_POINT('Ctrl Pts',(-6.06079430995673,5.61085082664309,106.746197407401));
#6275=CARTESIAN_POINT('Ctrl Pts',(-8.00348710189111,2.03937953218057,107.062829957737));
#6276=CARTESIAN_POINT('Ctrl Pts',(-8.00681783394444,-2.02626327027932,107.379462508072));
#6277=CARTESIAN_POINT('Ctrl Pts',(-6.06997942098163,-5.60091282696828,107.696095058408));
#6278=CARTESIAN_POINT('Ctrl Pts',(-2.66229615710032,-7.81837923346159,108.012727608743));
#6279=CARTESIAN_POINT('Ctrl Pts',(1.3905004297334,-8.14133792577567,108.329360159079));
#6280=CARTESIAN_POINT('Ctrl Pts',(5.10635841170045,-6.49153128598549,108.645992709414));
#6281=CARTESIAN_POINT('Ctrl Pts',(7.58487101649062,-3.26873160889618,108.96262525975));
#6282=CARTESIAN_POINT('Ctrl Pts',(8.22545836529497,0.74612957687829,109.279257810086));
#6283=CARTESIAN_POINT('Ctrl Pts',(6.87289676893547,4.58019264558182,109.595890360421));
#6284=CARTESIAN_POINT('Ctrl Pts',(3.85493169611448,7.30440800403635,109.912522910757));
#6285=CARTESIAN_POINT('Ctrl Pts',(-0.0971397435204916,8.25865839694593,
110.229155461092));
#6286=CARTESIAN_POINT('Ctrl Pts',(-4.02567280569757,7.21171499552832,110.545788011428));
#6287=CARTESIAN_POINT('Ctrl Pts',(-6.97872642109008,4.41726749373145,110.862420561763));
#6288=CARTESIAN_POINT('Ctrl Pts',(-8.24073250389812,0.552451449018851,111.179053112099));
#6289=CARTESIAN_POINT('Ctrl Pts',(-7.50588846070517,-3.44623170685843,111.495685662434));
#6290=CARTESIAN_POINT('Ctrl Pts',(-4.95225785720893,-6.6098424032435,111.81231821277));
#6291=CARTESIAN_POINT('Ctrl Pts',(-1.19862256325841,-8.17179170656478,112.128950763106));
#6292=CARTESIAN_POINT('Ctrl Pts',(2.8454562536921,-7.7535959607764,112.445583313441));
#6293=CARTESIAN_POINT('Ctrl Pts',(6.20003991041082,-5.45659107847611,112.762215863777));
#6294=CARTESIAN_POINT('Ctrl Pts',(8.05226208326521,-1.83737302863498,113.078848414112));
#6295=CARTESIAN_POINT('Ctrl Pts',(7.95330545684534,2.22706481031248,113.395480964448));
#6296=CARTESIAN_POINT('Ctrl Pts',(5.92714219911022,5.75185744104262,113.712113514784));
#6297=CARTESIAN_POINT('Ctrl Pts',(2.46475430393995,7.88288042064225,114.028746065119));
#6298=CARTESIAN_POINT('Ctrl Pts',(-1.59489701493822,8.1037869936845,114.345378615455));
#6299=CARTESIAN_POINT('Ctrl Pts',(-5.26804656921511,6.36098546401817,114.66201116579));
#6300=CARTESIAN_POINT('Ctrl Pts',(-7.66474131470899,3.07690815711159,114.978643716126));
#6301=CARTESIAN_POINT('Ctrl Pts',(-8.20401661455473,-0.952917893465009,
115.295276266461));
#6302=CARTESIAN_POINT('Ctrl Pts',(-6.7556211716692,-4.75149716308721,115.611908816797));
#6303=CARTESIAN_POINT('Ctrl Pts',(-3.66966294586783,-7.39942614185368,115.928541367132));
#6304=CARTESIAN_POINT('Ctrl Pts',(-1.02042652750539,-7.96809999136345,116.139629734023));
#6305=CARTESIAN_POINT('Ctrl Pts',(0.292551144088628,-7.91959840068247,116.245173917468));
#6306=CARTESIAN_POINT('Ctrl Pts',(3.57894089686559,6.20654834080448,22.0924492783123));
#6307=CARTESIAN_POINT('Ctrl Pts',(2.54996708066267,6.79989528187337,22.1979934617574));
#6308=CARTESIAN_POINT('Ctrl Pts',(0.192240133478596,7.46434855891182,22.4090818286478));
#6309=CARTESIAN_POINT('Ctrl Pts',(-3.3928000290999,6.65132188952894,22.7257143789834));
#6310=CARTESIAN_POINT('Ctrl Pts',(-6.15495534341427,4.22690402086418,23.042346929319));
#6311=CARTESIAN_POINT('Ctrl Pts',(-7.42604470145322,0.778092366878815,23.3589794796545));
#6312=CARTESIAN_POINT('Ctrl Pts',(-6.8975111590777,-2.85918680465249,23.6756120299901));
#6313=CARTESIAN_POINT('Ctrl Pts',(-4.69770116665462,-5.80368082979616,23.9922445803257));
#6314=CARTESIAN_POINT('Ctrl Pts',(-1.35952384965236,-7.34183928154923,24.3088771306613));
#6315=CARTESIAN_POINT('Ctrl Pts',(2.30806327600505,-7.10097197836572,24.6255096809968));
#6316=CARTESIAN_POINT('Ctrl Pts',(5.41638421321425,-5.13943057594569,24.9421422313324));
#6317=CARTESIAN_POINT('Ctrl Pts',(7.21223034031792,-1.932532250746,25.2587747816679));
#6318=CARTESIAN_POINT('Ctrl Pts',(7.26045031429852,1.74264808072237,25.5754073320035));
#6319=CARTESIAN_POINT('Ctrl Pts',(5.54935551467394,4.9955587003511,25.8920398823391));
#6320=CARTESIAN_POINT('Ctrl Pts',(2.49357135504314,7.03797262211072,26.2086724326747));
#6321=CARTESIAN_POINT('Ctrl Pts',(-1.16644198691647,7.37498262980109,26.5253049830102));
#6322=CARTESIAN_POINT('Ctrl Pts',(-4.54380919036326,5.92492648116541,26.8419375333458));
#6323=CARTESIAN_POINT('Ctrl Pts',(-6.82014501256424,3.03917389620407,27.1585700836813));
#6324=CARTESIAN_POINT('Ctrl Pts',(-7.44385983880565,-0.583014985900097,
27.475202634017));
#6325=CARTESIAN_POINT('Ctrl Pts',(-6.26381850293441,-4.0639308130526,27.7918351843525));
#6326=CARTESIAN_POINT('Ctrl Pts',(-3.5659622589235,-6.56009672209975,28.1084677346881));
#6327=CARTESIAN_POINT('Ctrl Pts',(-0.00402117524815865,-7.46665518723551,
28.4251002850236));
#6328=CARTESIAN_POINT('Ctrl Pts',(3.55889430070369,-6.56393382111882,28.7417328353592));
#6329=CARTESIAN_POINT('Ctrl Pts',(6.25943760004348,-4.07067522418773,29.0583653856948));
#6330=CARTESIAN_POINT('Ctrl Pts',(7.44322755950713,-0.591032443765215,29.3749979360304));
#6331=CARTESIAN_POINT('Ctrl Pts',(6.82341454555866,3.03182614770572,29.6916304863659));
#6332=CARTESIAN_POINT('Ctrl Pts',(4.55018832324983,5.92002889134043,30.0082630367015));
#6333=CARTESIAN_POINT('Ctrl Pts',(1.17438487581964,7.37372199194148,30.3248955870371));
#6334=CARTESIAN_POINT('Ctrl Pts',(-2.48598921469966,7.04065433574727,30.6415281373726));
#6335=CARTESIAN_POINT('Ctrl Pts',(-5.54397173480341,5.00153309044271,30.9581606877082));
#6336=CARTESIAN_POINT('Ctrl Pts',(-7.25856876471339,1.75046717735224,31.2747932380438));
#6337=CARTESIAN_POINT('Ctrl Pts',(-7.21430835009968,-1.92476255178854,31.5914257883794));
#6338=CARTESIAN_POINT('Ctrl Pts',(-5.42191543718922,-5.13359414475285,31.9080583387149));
#6339=CARTESIAN_POINT('Ctrl Pts',(-2.31571306136419,-7.09848074368768,32.2246908890505));
#6340=CARTESIAN_POINT('Ctrl Pts',(1.35162048086623,-7.34330156855748,32.5413234393861));
#6341=CARTESIAN_POINT('Ctrl Pts',(4.69143659893057,-5.80873295041961,32.8579559897216));
#6342=CARTESIAN_POINT('Ctrl Pts',(6.89444896751793,-2.86662332463948,33.1745885400572));
#6343=CARTESIAN_POINT('Ctrl Pts',(7.426835447515,0.770111087188395,33.4912210903928));
#6344=CARTESIAN_POINT('Ctrl Pts',(6.15959100307219,4.2202363116238,33.8078536407283));
#6345=CARTESIAN_POINT('Ctrl Pts',(3.3997875098437,6.64773651245195,34.1244861910639));
#6346=CARTESIAN_POINT('Ctrl Pts',(-0.183834254636053,7.46439286331437,34.4411187413995));
#6347=CARTESIAN_POINT('Ctrl Pts',(-3.72291028870985,6.47231757821681,34.7577512917351));
#6348=CARTESIAN_POINT('Ctrl Pts',(-6.3598706731472,3.91190501826388,35.0743838420706));
#6349=CARTESIAN_POINT('Ctrl Pts',(-7.45574131354509,0.403580619669782,35.3910163924062));
#6350=CARTESIAN_POINT('Ctrl Pts',(-6.74497671511193,-3.20253726967755,35.7076489427417));
#6351=CARTESIAN_POINT('Ctrl Pts',(-4.39980554244884,-6.0326335078233,36.0242814930773));
#6352=CARTESIAN_POINT('Ctrl Pts',(-0.988497093462688,-7.40093435636959,
36.3409140434129));
#6353=CARTESIAN_POINT('Ctrl Pts',(2.66233866842623,-6.97588049393612,36.6575465937484));
#6354=CARTESIAN_POINT('Ctrl Pts',(5.66805080627755,-4.86046869226956,36.974179144084));
#6355=CARTESIAN_POINT('Ctrl Pts',(7.30031127896683,-1.56729419103932,37.2908116944196));
#6356=CARTESIAN_POINT('Ctrl Pts',(7.16359948500086,2.10565863082587,37.6074442447552));
#6357=CARTESIAN_POINT('Ctrl Pts',(5.29104269290408,5.26837954905892,37.9240767950907));
#6358=CARTESIAN_POINT('Ctrl Pts',(2.13638881922082,7.1544949971458,38.2407093454263));
#6359=CARTESIAN_POINT('Ctrl Pts',(-1.53594333249456,7.30697159775795,38.5573418957619));
#6360=CARTESIAN_POINT('Ctrl Pts',(-4.8360939354361,5.68886203899463,38.8739744460974));
#6361=CARTESIAN_POINT('Ctrl Pts',(-6.96438819913168,2.69225794879899,39.190606996433));
#6362=CARTESIAN_POINT('Ctrl Pts',(-7.40510927482087,-0.956719644952453,
39.5072395467686));
#6363=CARTESIAN_POINT('Ctrl Pts',(-6.05146399568749,-4.37387006665424,39.8238720971042));
#6364=CARTESIAN_POINT('Ctrl Pts',(-3.23146042415142,-6.73116775739686,40.1405046474397));
#6365=CARTESIAN_POINT('Ctrl Pts',(0.37157330222031,-7.457404986465,40.4571371977753));
#6366=CARTESIAN_POINT('Ctrl Pts',(3.88456937930015,-6.37660384440492,40.7737697481108));
#6367=CARTESIAN_POINT('Ctrl Pts',(6.45627744313069,-3.75065826601116,41.0904022984465));
#6368=CARTESIAN_POINT('Ctrl Pts',(7.46353499159272,-0.215873296975144,41.407034848782));
#6369=CARTESIAN_POINT('Ctrl Pts',(6.66226877896837,3.37122093133324,41.7236673991176));
#6370=CARTESIAN_POINT('Ctrl Pts',(4.24663733551426,6.14141898844984,42.0402999494531));
#6371=CARTESIAN_POINT('Ctrl Pts',(0.80198351397182,7.42346134188045,42.3569324997887));
#6372=CARTESIAN_POINT('Ctrl Pts',(-2.83700265044186,6.90669036604812,42.6735650501243));
#6373=CARTESIAN_POINT('Ctrl Pts',(-5.78854155167946,4.71632723160261,42.9901976004598));
#6374=CARTESIAN_POINT('Ctrl Pts',(-7.33743211670094,1.3831289830965,43.3068301507954));
#6375=CARTESIAN_POINT('Ctrl Pts',(-7.10835549280188,-2.28522166080871,43.623462701131));
#6376=CARTESIAN_POINT('Ctrl Pts',(-5.15682029860571,-5.39982965092085,43.9400952514666));
#6377=CARTESIAN_POINT('Ctrl Pts',(-1.95571207337444,-7.2059798873667,44.2567278018021));
#6378=CARTESIAN_POINT('Ctrl Pts',(1.71929381007449,-7.26601573392981,44.5733603521377));
#6379=CARTESIAN_POINT('Ctrl Pts',(4.97768964060464,-5.56538962633284,44.8899929024732));
#6380=CARTESIAN_POINT('Ctrl Pts',(7.02991842020147,-2.51618815997296,45.2066254528089));
#6381=CARTESIAN_POINT('Ctrl Pts',(7.37869508015863,1.14272252323944,45.5232580031444));
#6382=CARTESIAN_POINT('Ctrl Pts',(5.93950593124505,4.5247348147467,45.83989055348));
#6383=CARTESIAN_POINT('Ctrl Pts',(3.06108756750628,6.81033763884981,46.1565231038155));
#6384=CARTESIAN_POINT('Ctrl Pts',(-0.559077114409782,7.44569598031099,46.4731556541511));
#6385=CARTESIAN_POINT('Ctrl Pts',(-4.04376922912696,6.2768532142023,46.7897882044866));
#6386=CARTESIAN_POINT('Ctrl Pts',(-6.54859687701121,3.58703704935915,47.1064207548223));
#6387=CARTESIAN_POINT('Ctrl Pts',(-7.46660365955589,0.0280293093480598,
47.4230533051578));
#6388=CARTESIAN_POINT('Ctrl Pts',(-6.57534309785518,-3.53777034254123,47.7396858554934));
#6389=CARTESIAN_POINT('Ctrl Pts',(-4.09078067005992,-6.24631646336783,48.056318405829));
#6390=CARTESIAN_POINT('Ctrl Pts',(-0.614962215257344,-7.44128868710802,
48.3729509561645));
#6391=CARTESIAN_POINT('Ctrl Pts',(3.0098705845863,-6.8331277549244,48.6895835065001));
#6392=CARTESIAN_POINT('Ctrl Pts',(5.9053676908007,-4.56919996142904,49.0062160568357));
#6393=CARTESIAN_POINT('Ctrl Pts',(7.36990777748006,-1.19808814471843,49.3228486071712));
#6394=CARTESIAN_POINT('Ctrl Pts',(7.04861134733433,2.46333796408567,49.6394811575068));
#6395=CARTESIAN_POINT('Ctrl Pts',(5.01933322772417,5.52786123199018,49.9561137078424));
#6396=CARTESIAN_POINT('Ctrl Pts',(1.77379720654658,7.25290282032812,50.2727462581778));
#6397=CARTESIAN_POINT('Ctrl Pts',(-1.90155583819985,7.22045990538581,50.5893788085136));
#6398=CARTESIAN_POINT('Ctrl Pts',(-5.11613407311541,5.43839388027232,50.906011358849));
#6399=CARTESIAN_POINT('Ctrl Pts',(-7.09099814489576,2.33852542431358,51.2226439091847));
#6400=CARTESIAN_POINT('Ctrl Pts',(-7.34760958581021,-1.3280019674631,51.5392764595202));
#6401=CARTESIAN_POINT('Ctrl Pts',(-5.82378768808652,-4.6727350465405,51.8559090098558));
#6402=CARTESIAN_POINT('Ctrl Pts',(-2.8887767994502,-6.88519603599158,52.1725415601914));
#6403=CARTESIAN_POINT('Ctrl Pts',(0.746226986407863,-7.42927325758264,52.4891741105269));
#6404=CARTESIAN_POINT('Ctrl Pts',(4.20040905204856,-6.1731288376758,52.8058066608624));
#6405=CARTESIAN_POINT('Ctrl Pts',(6.63677052925903,-3.42114495352575,53.1224392111981));
#6406=CARTESIAN_POINT('Ctrl Pts',(7.46494537472417,0.159832423056712,53.4390717615336));
#6407=CARTESIAN_POINT('Ctrl Pts',(6.48425470262849,3.70208006430388,53.7557043118692));
#6408=CARTESIAN_POINT('Ctrl Pts',(3.9323342157266,6.34725952414914,54.0723368622048));
#6409=CARTESIAN_POINT('Ctrl Pts',(0.427551596646621,7.45440510592769,54.3889694125403));
#6410=CARTESIAN_POINT('Ctrl Pts',(-3.18083303173545,6.75523923153699,54.7056019628759));
#6411=CARTESIAN_POINT('Ctrl Pts',(-6.01845526342186,4.41918002498944,55.0222345132115));
#6412=CARTESIAN_POINT('Ctrl Pts',(-7.39771770163312,1.01228882144383,55.3388670635471));
#6413=CARTESIAN_POINT('Ctrl Pts',(-6.98440487138459,-2.63989477889842,55.6554996138826));
#6414=CARTESIAN_POINT('Ctrl Pts',(-4.87866852048863,-5.65239323811332,55.9721321642182));
#6415=CARTESIAN_POINT('Ctrl Pts',(-1.5907593852878,-7.29523409008888,56.2887647145537));
#6416=CARTESIAN_POINT('Ctrl Pts',(2.08261403053944,-7.17033295258151,56.6053972648894));
#6417=CARTESIAN_POINT('Ctrl Pts',(5.25133958665334,-5.30795519920085,56.9220298152248));
#6418=CARTESIAN_POINT('Ctrl Pts',(7.14758870490046,-2.15938221643491,57.2386623655605));
#6419=CARTESIAN_POINT('Ctrl Pts',(7.31187247136101,1.5124406810282,57.5552949158961));
#6420=CARTESIAN_POINT('Ctrl Pts',(5.70438252504526,4.81777706614101,57.8719274662316));
#6421=CARTESIAN_POINT('Ctrl Pts',(2.71463720637695,6.9556955575147,58.1885600165672));
#6422=CARTESIAN_POINT('Ctrl Pts',(-0.932904437490082,7.40814721516705,58.5051925669028));
#6423=CARTESIAN_POINT('Ctrl Pts',(-4.35438968262327,6.06549638058915,58.8218251172383));
#6424=CARTESIAN_POINT('Ctrl Pts',(-6.7207425789533,3.25308700137577,59.1384576675739));
#6425=CARTESIAN_POINT('Ctrl Pts',(-7.45856118692348,-0.347592968850613,
59.4550902179094));
#6426=CARTESIAN_POINT('Ctrl Pts',(-6.38906125947281,-3.86404607552495,59.771722768245));
#6427=CARTESIAN_POINT('Ctrl Pts',(-3.77139828169689,-6.44418426582371,60.0883553185805));
#6428=CARTESIAN_POINT('Ctrl Pts',(-0.239870303937382,-7.46280229460521,
60.4049878689162));
#6429=CARTESIAN_POINT('Ctrl Pts',(3.34978175908982,-6.67307410550379,60.7216204192516));
#6430=CARTESIAN_POINT('Ctrl Pts',(6.12773267613298,-4.26636239681162,61.0382529695874));
#6431=CARTESIAN_POINT('Ctrl Pts',(7.42084428327062,-0.825848638992487,61.3548855199228));
#6432=CARTESIAN_POINT('Ctrl Pts',(6.91577671274848,2.81478033076857,61.6715180702585));
#6433=CARTESIAN_POINT('Ctrl Pts',(4.73491522882442,5.77334683064534,61.988150620594));
#6434=CARTESIAN_POINT('Ctrl Pts',(1.40671448706809,7.33294689759505,62.3047831709296));
#6435=CARTESIAN_POINT('Ctrl Pts',(-2.26235376288548,7.115666609857,62.6214157212652));
#6436=CARTESIAN_POINT('Ctrl Pts',(-5.38322058539607,5.17415616115748,62.9380482716007));
#6437=CARTESIAN_POINT('Ctrl Pts',(-7.19965427389913,1.97887194820739,63.2546808219363));
#6438=CARTESIAN_POINT('Ctrl Pts',(-7.27150636124117,-1.6959218995889,63.5713133722718));
#6439=CARTESIAN_POINT('Ctrl Pts',(-5.58136603506748,-4.95976905043682,63.8879459226074));
#6440=CARTESIAN_POINT('Ctrl Pts',(-2.53877903247165,-7.02179157162602,64.204578472943));
#6441=CARTESIAN_POINT('Ctrl Pts',(1.11899128601206,-7.38233122752598,64.5212110232786));
#6442=CARTESIAN_POINT('Ctrl Pts',(4.50561363888952,-5.95402398283117,64.8378435736141));
#6443=CARTESIAN_POINT('Ctrl Pts',(6.8004598651211,-3.08296958693284,65.1544761239497));
#6444=CARTESIAN_POINT('Ctrl Pts',(7.4474551378515,0.535133460704299,65.4711086742853));
#6445=CARTESIAN_POINT('Ctrl Pts',(6.28982303339379,4.02356583886297,65.7877412246209));
#6446=CARTESIAN_POINT('Ctrl Pts',(3.60807475319161,6.53702932733648,66.1043737749564));
#6447=CARTESIAN_POINT('Ctrl Pts',(0.0520371542854653,7.46647493705361,66.421006325292));
#6448=CARTESIAN_POINT('Ctrl Pts',(-3.51660980869421,6.58668439387159,66.7376388756275));
#6449=CARTESIAN_POINT('Ctrl Pts',(-6.23313074765755,4.11084382258463,67.0542714259632));
#6450=CARTESIAN_POINT('Ctrl Pts',(-7.43927288143067,0.638885628799145,67.3709039762987));
#6451=CARTESIAN_POINT('Ctrl Pts',(-6.84277031849796,-2.98788390325982,67.6875365266343));
#6452=CARTESIAN_POINT('Ctrl Pts',(-4.58816435997585,-5.89064543636123,68.0041690769699));
#6453=CARTESIAN_POINT('Ctrl Pts',(-1.22177902691696,-7.36601736764597,68.3208016273053));
#6454=CARTESIAN_POINT('Ctrl Pts',(2.44066124572022,-7.05649548534649,68.637434177641));
#6455=CARTESIAN_POINT('Ctrl Pts',(5.511693578203,-5.0370814715539,68.9540667279765));
#6456=CARTESIAN_POINT('Ctrl Pts',(7.24716189025369,-1.7971088969594,69.2706992783121));
#6457=CARTESIAN_POINT('Ctrl Pts',(7.2265368104026,1.87832946496942,69.5873318286477));
#6458=CARTESIAN_POINT('Ctrl Pts',(5.45481609735614,5.09862110723089,69.9039643789832));
#6459=CARTESIAN_POINT('Ctrl Pts',(2.36131360991758,7.08344223430204,70.2205969293188));
#6460=CARTESIAN_POINT('Ctrl Pts',(-1.30436972422741,7.35184163822881,70.5372294796544));
#6461=CARTESIAN_POINT('Ctrl Pts',(-4.65398518407906,5.83878221527818,70.8538620299899));
#6462=CARTESIAN_POINT('Ctrl Pts',(-6.87587192039254,2.91090040802382,71.1704945803256));
#6463=CARTESIAN_POINT('Ctrl Pts',(-7.43163425851881,-0.722335170599907,
71.4871271306611));
#6464=CARTESIAN_POINT('Ctrl Pts',(-6.18660285006588,-4.18053836564536,71.8037596809967));
#6465=CARTESIAN_POINT('Ctrl Pts',(-3.4424670269686,-6.62573593039368,72.1203922313323));
#6466=CARTESIAN_POINT('Ctrl Pts',(0.135828939015671,-7.4654207081987,72.4370247816678));
#6467=CARTESIAN_POINT('Ctrl Pts',(3.68121156515099,-6.49612478818523,72.7536573320034));
#6468=CARTESIAN_POINT('Ctrl Pts',(6.33458275265017,-3.95272275791042,73.0702898823389));
#6469=CARTESIAN_POINT('Ctrl Pts',(7.45299182934784,-0.451518153289768,73.3869224326745));
#6470=CARTESIAN_POINT('Ctrl Pts',(6.7654319074756,3.15909590807038,73.7035549830101));
#6471=CARTESIAN_POINT('Ctrl Pts',(4.43850881889156,6.00421479593277,74.0201875333456));
#6472=CARTESIAN_POINT('Ctrl Pts',(1.03607008366027,7.39442456400903,74.3368200836812));
#6473=CARTESIAN_POINT('Ctrl Pts',(-2.61742359625349,6.9928570390686,74.6534526340168));
#6474=CARTESIAN_POINT('Ctrl Pts',(-5.63667723147197,4.89681790954917,74.9700851843524));
#6475=CARTESIAN_POINT('Ctrl Pts',(-7.29008147787205,1.61420813312995,75.286717734688));
#6476=CARTESIAN_POINT('Ctrl Pts',(-7.17699228814045,-2.05954789870214,75.6033502850235));
#6477=CARTESIAN_POINT('Ctrl Pts',(-5.32481282806687,-5.23424533214964,75.9199828353591));
#6478=CARTESIAN_POINT('Ctrl Pts',(-2.18235328841382,-7.14060851577968,76.2366153856945));
#6479=CARTESIAN_POINT('Ctrl Pts',(1.4889223928702,-7.31669774960575,76.5532479360303));
#6480=CARTESIAN_POINT('Ctrl Pts',(4.79941038722668,-5.71984403511639,76.8698804863657));
#6481=CARTESIAN_POINT('Ctrl Pts',(6.94693100295066,-2.73698839809721,77.1865130367014));
#6482=CARTESIAN_POINT('Ctrl Pts',(7.41110856479786,0.909079584995554,77.5031455870369));
#6483=CARTESIAN_POINT('Ctrl Pts',(6.07946605605843,4.33486427980272,77.8197781373725));
#6484=CARTESIAN_POINT('Ctrl Pts',(3.27467994586401,6.71024791667432,78.1364106877081));
#6485=CARTESIAN_POINT('Ctrl Pts',(-0.323609041816623,7.45964027545098,78.4530432380436));
#6486=CARTESIAN_POINT('Ctrl Pts',(-3.84348282248248,6.40145261986356,78.7696757883792));
#6487=CARTESIAN_POINT('Ctrl Pts',(-6.43202446393861,3.79209930597437,79.0863083387148));
#6488=CARTESIAN_POINT('Ctrl Pts',(-7.46199244183912,0.26386483094916,79.4029408890503));
#6489=CARTESIAN_POINT('Ctrl Pts',(-6.68381044103452,-3.32830795441074,79.7195734393859));
#6490=CARTESIAN_POINT('Ctrl Pts',(-4.28604334940842,-6.1139830109404,80.0362059897215));
#6491=CARTESIAN_POINT('Ctrl Pts',(-0.84970522580039,-7.41815050267407,80.352838540057));
#6492=CARTESIAN_POINT('Ctrl Pts',(2.79252890988645,-6.92479155921133,80.6694710903926));
#6493=CARTESIAN_POINT('Ctrl Pts',(5.75809242062955,-4.75345427311178,80.9861036407281));
#6494=CARTESIAN_POINT('Ctrl Pts',(7.32838586524838,-1.43028544742084,81.3027361910638));
#6495=CARTESIAN_POINT('Ctrl Pts',(7.12290416007008,2.23946247513373,81.6193687413992));
#6496=CARTESIAN_POINT('Ctrl Pts',(5.19143852958851,5.36655586429322,81.936001291735));
#6497=CARTESIAN_POINT('Ctrl Pts',(2.00201136404927,7.19325422526506,82.2526338420705));
#6498=CARTESIAN_POINT('Ctrl Pts',(-1.67253245545175,7.2769218105279,82.569266392406));
#6499=CARTESIAN_POINT('Ctrl Pts',(-4.94179718263522,5.59728473965497,82.8858989427416));
#6500=CARTESIAN_POINT('Ctrl Pts',(-7.01359212675572,2.56134365726004,83.2025314930772));
#6501=CARTESIAN_POINT('Ctrl Pts',(-7.38589105108207,-1.09524847985374,83.5191640434127));
#6502=CARTESIAN_POINT('Ctrl Pts',(-5.9684804774662,-4.48644588078145,83.8357965937484));
#6503=CARTESIAN_POINT('Ctrl Pts',(-3.1048197324186,-6.79051178338275,84.1524291440838));
#6504=CARTESIAN_POINT('Ctrl Pts',(0.511184274406984,-7.44913729828327,84.4690616944195));
#6505=CARTESIAN_POINT('Ctrl Pts',(4.00332085010242,-6.30272782390382,84.785694244755));
#6506=CARTESIAN_POINT('Ctrl Pts',(6.5253941931851,-3.62907515417113,85.1023267950905));
#6507=CARTESIAN_POINT('Ctrl Pts',(7.46626902080234,-0.0760444612256324,
85.4189593454262));
#6508=CARTESIAN_POINT('Ctrl Pts',(6.59795759204182,3.49541291762413,85.7355918957617));
#6509=CARTESIAN_POINT('Ctrl Pts',(4.13086447427072,6.21988058939111,86.0522244460973));
#6510=CARTESIAN_POINT('Ctrl Pts',(0.662802437085172,7.43718016323861,86.3688569964328));
#6511=CARTESIAN_POINT('Ctrl Pts',(-2.9658663310562,6.85234213662621,86.6854895467685));
#6512=CARTESIAN_POINT('Ctrl Pts',(-5.8758622802233,4.60708132280352,87.002122097104));
#6513=CARTESIAN_POINT('Ctrl Pts',(-7.36205080266493,1.24545727749156,87.3187546474396));
#6514=CARTESIAN_POINT('Ctrl Pts',(-7.06430666826997,-2.41795929405614,87.6353871977752));
#6515=CARTESIAN_POINT('Ctrl Pts',(-5.05477763843889,-5.49546894059224,87.9520197481106));
#6516=CARTESIAN_POINT('Ctrl Pts',(-1.82040200757728,-7.24134603384513,88.2686522984463));
#6517=CARTESIAN_POINT('Ctrl Pts',(1.85508367222786,-7.23253900232205,88.5852848487819));
#6518=CARTESIAN_POINT('Ctrl Pts',(5.08105542816089,-5.4711819186564,88.9019173991173));
#6519=CARTESIAN_POINT('Ctrl Pts',(7.07581309002494,-2.38407738257545,89.2185499494531));
#6520=CARTESIAN_POINT('Ctrl Pts',(7.35599768205929,1.28072399548631,89.5351824997884));
#6521=CARTESIAN_POINT('Ctrl Pts',(5.85371637697028,4.6351872053959,89.8518150501243));
#6522=CARTESIAN_POINT('Ctrl Pts',(2.93299392163054,6.86647671712023,90.1684476004596));
#6523=CARTESIAN_POINT('Ctrl Pts',(-0.698435886775278,7.43391842591379,90.4850801507953));
#6524=CARTESIAN_POINT('Ctrl Pts',(-4.16062445785168,6.20001290093838,90.8017127011308));
#6525=CARTESIAN_POINT('Ctrl Pts',(-6.61463282993949,3.46375350972937,91.1183452514664));
#6526=CARTESIAN_POINT('Ctrl Pts',(-7.46581885882359,-0.11182405067805,91.4349778018019));
#6527=CARTESIAN_POINT('Ctrl Pts',(-6.50792771216569,-3.66030500700448,91.7516103521376));
#6528=CARTESIAN_POINT('Ctrl Pts',(-3.97307043402417,-6.32184048971175,92.068242902473));
#6529=CARTESIAN_POINT('Ctrl Pts',(-0.475480041815863,-7.451501498417,92.3848754528087));
#6530=CARTESIAN_POINT('Ctrl Pts',(3.13732612341623,-6.77555463754859,92.7015080031442));
#6531=CARTESIAN_POINT('Ctrl Pts',(5.98991225258407,-4.45779172432037,93.0181405534798));
#6532=CARTESIAN_POINT('Ctrl Pts',(7.39105497754415,-1.05984063424447,93.3347731038155));
#6533=CARTESIAN_POINT('Ctrl Pts',(7.00123690960362,2.59492535281454,93.6514056541509));
#6534=CARTESIAN_POINT('Ctrl Pts',(4.91491667180983,5.62090294883674,93.9680382044865));
#6535=CARTESIAN_POINT('Ctrl Pts',(1.63764019213597,7.28485349558773,94.284670754822));
#6536=CARTESIAN_POINT('Ctrl Pts',(-2.03646047378805,7.18357742282876,94.6013033051578));
#6537=CARTESIAN_POINT('Ctrl Pts',(-5.21709696228044,5.34161540521596,94.9179358554932));
#6538=CARTESIAN_POINT('Ctrl Pts',(-7.13355450194969,2.20530179766612,95.2345684058288));
#6539=CARTESIAN_POINT('Ctrl Pts',(-7.32144738260494,-1.4653887111695,95.5512009561644));
#6540=CARTESIAN_POINT('Ctrl Pts',(-5.73524640935587,-4.78099408858099,95.8678335064999));
#6541=CARTESIAN_POINT('Ctrl Pts',(-2.75931129287719,-6.93809462605378,96.1844660568356));
#6542=CARTESIAN_POINT('Ctrl Pts',(0.885245333787159,-7.41399329309676,96.501098607171));
#6543=CARTESIAN_POINT('Ctrl Pts',(4.31529406006002,-6.0933728776669,96.8177311575067));
#6544=CARTESIAN_POINT('Ctrl Pts',(6.69968387906119,-3.29623903437293,97.1343637078422));
#6545=CARTESIAN_POINT('Ctrl Pts',(7.46064224089112,0.299621769081302,97.4509962581777));
#6546=CARTESIAN_POINT('Ctrl Pts',(6.41377779746642,3.82287983277044,97.7676288085134));
#6547=CARTESIAN_POINT('Ctrl Pts',(3.81276112482155,6.41979816319215,98.0842613588489));
#6548=CARTESIAN_POINT('Ctrl Pts',(0.287856629937889,7.46110544166725,98.4008939091844));
#6549=CARTESIAN_POINT('Ctrl Pts',(-3.30679973930764,6.69447767456063,98.7175264595201));
#6550=CARTESIAN_POINT('Ctrl Pts',(-6.10017013502612,4.30567998982874,99.0341590098557));
#6551=CARTESIAN_POINT('Ctrl Pts',(-7.41538002794106,0.873553027748798,99.3507915601911));
#6552=CARTESIAN_POINT('Ctrl Pts',(-6.93373481223464,-2.77024861784671,99.6674241105268));
#6553=CARTESIAN_POINT('Ctrl Pts',(-4.77194417279483,-5.74277847934301,99.9840566608624));
#6554=CARTESIAN_POINT('Ctrl Pts',(-1.45384162046145,-7.32374906681611,100.300689211198));
#6555=CARTESIAN_POINT('Ctrl Pts',(2.21654803421989,-7.13006806861419,100.617321761533));
#6556=CARTESIAN_POINT('Ctrl Pts',(5.34983565990405,-5.20866722522132,100.933954311869));
#6557=CARTESIAN_POINT('Ctrl Pts',(7.18677980763276,-2.02513008166832,101.250586862205));
#6558=CARTESIAN_POINT('Ctrl Pts',(7.28226202580121,1.64912571947978,101.56721941254));
#6559=CARTESIAN_POINT('Ctrl Pts',(5.61314557551637,4.92377422300591,101.883851962876));
#6560=CARTESIAN_POINT('Ctrl Pts',(2.58388180104878,7.00532017036231,102.200484513211));
#6561=CARTESIAN_POINT('Ctrl Pts',(-1.07149435023473,7.38937451402288,102.517117063547));
#6562=CARTESIAN_POINT('Ctrl Pts',(-4.46723173859255,5.9828752656885,102.833749613883));
#6563=CARTESIAN_POINT('Ctrl Pts',(-6.78049349648511,3.1266377780611,103.150382164218));
#6564=CARTESIAN_POINT('Ctrl Pts',(-7.45074244421494,-0.487229803121609,
103.467014714554));
#6565=CARTESIAN_POINT('Ctrl Pts',(-6.31556745231344,-3.98303447215252,103.783647264889));
#6566=CARTESIAN_POINT('Ctrl Pts',(-3.65003803518053,-6.51369159484941,104.100279815225));
#6567=CARTESIAN_POINT('Ctrl Pts',(-0.100050981963723,-7.465985912931,104.41691236556));
#6568=CARTESIAN_POINT('Ctrl Pts',(3.47417988847973,-6.6091625758154,104.733544915896));
#6569=CARTESIAN_POINT('Ctrl Pts',(6.20656612555813,-4.15084241813032,105.050177466231));
#6570=CARTESIAN_POINT('Ctrl Pts',(7.43501055416785,-0.686712392846339,105.366810016567));
#6571=CARTESIAN_POINT('Ctrl Pts',(6.86184311034882,2.94381809560884,105.683442566903));
#6572=CARTESIAN_POINT('Ctrl Pts',(4.62595065433507,5.86101837522563,106.000075117238));
#6573=CARTESIAN_POINT('Ctrl Pts',(1.26912265163949,7.35800812354629,106.316707667574));
#6574=CARTESIAN_POINT('Ctrl Pts',(-2.39523234380229,7.07204481534693,106.633340217909));
#6575=CARTESIAN_POINT('Ctrl Pts',(-5.47918748690029,5.07242154542391,106.949972768245));
#6576=CARTESIAN_POINT('Ctrl Pts',(-7.23545531123015,1.84367629757828,107.26660531858));
#6577=CARTESIAN_POINT('Ctrl Pts',(-7.23846641909084,-1.83181870030487,107.583237868916));
#6578=CARTESIAN_POINT('Ctrl Pts',(-5.4874911749682,-5.06343721751597,107.899870419251));
#6579=CARTESIAN_POINT('Ctrl Pts',(-2.40681650694578,-7.06811079093194,108.216502969587));
#6580=CARTESIAN_POINT('Ctrl Pts',(1.25706502571921,-7.36007767434949,108.533135519923));
#6581=CARTESIAN_POINT('Ctrl Pts',(4.61634130481108,-5.868590018731,108.849768070258));
#6582=CARTESIAN_POINT('Ctrl Pts',(6.8570105233624,-2.95505711191631,109.166400620594));
#6583=CARTESIAN_POINT('Ctrl Pts',(7.4361257360449,0.674529382150701,109.483033170929));
#6584=CARTESIAN_POINT('Ctrl Pts',(6.21335885186602,4.14066753429286,109.799665721265));
#6585=CARTESIAN_POINT('Ctrl Pts',(3.48500418130124,6.60346134320736,110.116298271601));
#6586=CARTESIAN_POINT('Ctrl Pts',(-0.0878180053567692,7.46613982144091,
110.432930821936));
#6587=CARTESIAN_POINT('Ctrl Pts',(-3.63936060775017,6.51966335463251,110.749563372272));
#6588=CARTESIAN_POINT('Ctrl Pts',(-6.30903286358355,3.99337702950652,111.066195922607));
#6589=CARTESIAN_POINT('Ctrl Pts',(-7.44993413554299,0.499437022901665,111.382828472943));
#6590=CARTESIAN_POINT('Ctrl Pts',(-6.78560730305644,-3.11552391972077,111.699461023278));
#6591=CARTESIAN_POINT('Ctrl Pts',(-4.47702857009129,-5.97554774738649,112.016093573614));
#6592=CARTESIAN_POINT('Ctrl Pts',(-1.08360017091041,-7.38760904500737,112.332726123949));
#6593=CARTESIAN_POINT('Ctrl Pts',(2.57240016776996,-7.00954426006089,112.649358674285));
#6594=CARTESIAN_POINT('Ctrl Pts',(5.60507078083763,-4.93296489359523,112.96599122462));
#6595=CARTESIAN_POINT('Ctrl Pts',(7.27954974076386,-1.66105477143918,113.282623774956));
#6596=CARTESIAN_POINT('Ctrl Pts',(7.19008920448813,2.01335089381497,113.599256325292));
#6597=CARTESIAN_POINT('Ctrl Pts',(5.35836091930919,5.19989686263088,113.915888875628));
#6598=CARTESIAN_POINT('Ctrl Pts',(2.22823119376377,7.12642230582856,114.232521425963));
#6599=CARTESIAN_POINT('Ctrl Pts',(-1.44184727615453,7.3261302102527,114.549153976299));
#6600=CARTESIAN_POINT('Ctrl Pts',(-4.76251351989168,5.75057165387486,114.865786526634));
#6601=CARTESIAN_POINT('Ctrl Pts',(-6.92921629643312,2.78164145004746,115.18241907697));
#6602=CARTESIAN_POINT('Ctrl Pts',(-7.41674158170062,-0.861473848293995,
115.499051627305));
#6603=CARTESIAN_POINT('Ctrl Pts',(-6.10733727248253,-4.29553330283131,115.815684177641));
#6604=CARTESIAN_POINT('Ctrl Pts',(-3.31751421775019,-6.68936133669535,116.132316727976));
#6605=CARTESIAN_POINT('Ctrl Pts',(-0.92250420899842,-7.20346402373797,116.343405094867));
#6606=CARTESIAN_POINT('Ctrl Pts',(0.264477308747359,-7.15961674974001,116.448949278312));
#6607=CARTESIAN_POINT('Ctrl Pts',(3.19904215277094,5.54773334838605,22.2962246391561));
#6608=CARTESIAN_POINT('Ctrl Pts',(2.27929223038089,6.07809747855636,22.4017688226013));
#6609=CARTESIAN_POINT('Ctrl Pts',(0.171834156577169,6.67202012300528,22.6128571894917));
#6610=CARTESIAN_POINT('Ctrl Pts',(-3.03265983479038,5.94529490969968,22.9294897398273));
#6611=CARTESIAN_POINT('Ctrl Pts',(-5.50161686359479,3.77822504705344,23.2461222901628));
#6612=CARTESIAN_POINT('Ctrl Pts',(-6.63778215759739,0.695499130084735,23.5627548404984));
#6613=CARTESIAN_POINT('Ctrl Pts',(-6.16535158946663,-2.55568878456199,23.879387390834));
#6614=CARTESIAN_POINT('Ctrl Pts',(-4.19904784301156,-5.1876295671735,24.1960199411695));
#6615=CARTESIAN_POINT('Ctrl Pts',(-1.21521260844077,-6.5625150057982,24.5126524915051));
#6616=CARTESIAN_POINT('Ctrl Pts',(2.06306612039029,-6.34721537433933,24.8292850418407));
#6617=CARTESIAN_POINT('Ctrl Pts',(4.84144385531774,-4.59388839533203,25.1459175921763));
#6618=CARTESIAN_POINT('Ctrl Pts',(6.44666384247274,-1.72739710151127,25.4625501425118));
#6619=CARTESIAN_POINT('Ctrl Pts',(6.48976534479276,1.5576688267075,25.7791826928474));
#6620=CARTESIAN_POINT('Ctrl Pts',(4.96030046981255,4.46528828488357,26.095815243183));
#6621=CARTESIAN_POINT('Ctrl Pts',(2.22888281913552,6.2909032970894,26.4124477935185));
#6622=CARTESIAN_POINT('Ctrl Pts',(-1.0426260707953,6.59214024164229,26.7290803438541));
#6623=CARTESIAN_POINT('Ctrl Pts',(-4.06149124922691,5.29600519022729,27.0457128941897));
#6624=CARTESIAN_POINT('Ctrl Pts',(-6.0961977333326,2.71657053964562,27.3623454445252));
#6625=CARTESIAN_POINT('Ctrl Pts',(-6.65370624715073,-0.521128895206095,
27.6789779948608));
#6626=CARTESIAN_POINT('Ctrl Pts',(-5.59892437613121,-3.632551179676,27.9956105451964));
#6627=CARTESIAN_POINT('Ctrl Pts',(-3.18744117609689,-5.86375314513598,28.312243095532));
#6628=CARTESIAN_POINT('Ctrl Pts',(-0.00359433404834684,-6.67408190649121,
28.6288756458675));
#6629=CARTESIAN_POINT('Ctrl Pts',(3.18112347012441,-5.86718294234699,28.9455081962031));
#6630=CARTESIAN_POINT('Ctrl Pts',(5.59500849894316,-3.63857968255961,29.2621407465386));
#6631=CARTESIAN_POINT('Ctrl Pts',(6.65314108326942,-0.528295312983824,29.5787732968743));
#6632=CARTESIAN_POINT('Ctrl Pts',(6.09912021072757,2.71000274267672,29.8954058472098));
#6633=CARTESIAN_POINT('Ctrl Pts',(4.0671932475528,5.29162747158127,30.2120383975454));
#6634=CARTESIAN_POINT('Ctrl Pts',(1.04972583498488,6.59101341843718,30.5286709478809));
#6635=CARTESIAN_POINT('Ctrl Pts',(-2.22210551063389,6.29330035119347,30.8453034982165));
#6636=CARTESIAN_POINT('Ctrl Pts',(-4.95548816940204,4.47062850320263,31.1619360485521));
#6637=CARTESIAN_POINT('Ctrl Pts',(-6.48808351862999,1.56465793897186,31.4785685988877));
#6638=CARTESIAN_POINT('Ctrl Pts',(-6.44852127490242,-1.72045214343689,31.7952011492232));
#6639=CARTESIAN_POINT('Ctrl Pts',(-4.84638794888127,-4.58867149179945,32.1118336995588));
#6640=CARTESIAN_POINT('Ctrl Pts',(-2.0699038934994,-6.34498858016273,32.4284662498944));
#6641=CARTESIAN_POINT('Ctrl Pts',(1.20814816937221,-6.56382207342342,32.7450988002299));
#6642=CARTESIAN_POINT('Ctrl Pts',(4.19344824894288,-5.19214541342555,33.0617313505655));
#6643=CARTESIAN_POINT('Ctrl Pts',(6.16261444455088,-2.56233593007067,33.378363900901));
#6644=CARTESIAN_POINT('Ctrl Pts',(6.63848896725328,0.688365050227413,33.6949964512366));
#6645=CARTESIAN_POINT('Ctrl Pts',(5.50576045553415,3.77226510428345,34.0116290015722));
#6646=CARTESIAN_POINT('Ctrl Pts',(3.03890560583979,5.9420901145568,34.3282615519078));
#6647=CARTESIAN_POINT('Ctrl Pts',(-0.164320548075808,6.67205972456769,34.6448941022433));
#6648=CARTESIAN_POINT('Ctrl Pts',(-3.327729428278,5.78529161433464,34.9615266525789));
#6649=CARTESIAN_POINT('Ctrl Pts',(-5.68478076499889,3.49666267526862,35.2781592029145));
#6650=CARTESIAN_POINT('Ctrl Pts',(-6.66432652270817,0.36074119455167,35.5947917532501));
#6651=CARTESIAN_POINT('Ctrl Pts',(-6.02900842816343,-2.86259315723567,35.9114243035856));
#6652=CARTESIAN_POINT('Ctrl Pts',(-3.9327733538757,-5.39227929152074,36.2280568539212));
#6653=CARTESIAN_POINT('Ctrl Pts',(-0.883569737809374,-6.6153372347255,36.5446894042567));
#6654=CARTESIAN_POINT('Ctrl Pts',(2.37973575721983,-6.23540214713755,36.8613219545923));
#6655=CARTESIAN_POINT('Ctrl Pts',(5.06639644963379,-4.34453786102231,37.1779545049279));
#6656=CARTESIAN_POINT('Ctrl Pts',(6.52539513301746,-1.40092846666424,37.4945870552634));
#6657=CARTESIAN_POINT('Ctrl Pts',(6.40319507320057,1.88214639846586,37.811219605599));
#6658=CARTESIAN_POINT('Ctrl Pts',(4.7294071331367,4.70914964507967,38.1278521559346));
#6659=CARTESIAN_POINT('Ctrl Pts',(1.9096146274395,6.39505701189499,38.4444847062702));
#6660=CARTESIAN_POINT('Ctrl Pts',(-1.37290545066578,6.53134846982232,38.7611172566057));
#6661=CARTESIAN_POINT('Ctrl Pts',(-4.32275044490651,5.08499860391118,39.0777498069413));
#6662=CARTESIAN_POINT('Ctrl Pts',(-6.22512974069917,2.4064791547364,39.3943823572769));
#6663=CARTESIAN_POINT('Ctrl Pts',(-6.61906899238646,-0.855165413675116,
39.7110149076125));
#6664=CARTESIAN_POINT('Ctrl Pts',(-5.40911095378363,-3.90959088657319,40.027647457948));
#6665=CARTESIAN_POINT('Ctrl Pts',(-2.88844616599425,-6.01666526880723,40.3442800082836));
#6666=CARTESIAN_POINT('Ctrl Pts',(0.332131401691492,-6.6658135994587,40.6609125586191));
#6667=CARTESIAN_POINT('Ctrl Pts',(3.47222866983572,-5.69973773739538,40.9775451089548));
#6668=CARTESIAN_POINT('Ctrl Pts',(5.77095411344949,-3.35253200300588,41.2941776592903));
#6669=CARTESIAN_POINT('Ctrl Pts',(6.67129291453134,-0.19295869828027,41.6108102096259));
#6670=CARTESIAN_POINT('Ctrl Pts',(5.95507980466376,3.01337132308716,41.9274427599615));
#6671=CARTESIAN_POINT('Ctrl Pts',(3.79586370251008,5.4895173706515,42.244075310297));
#6672=CARTESIAN_POINT('Ctrl Pts',(0.716854270845936,6.63547301743351,42.5607078606326));
#6673=CARTESIAN_POINT('Ctrl Pts',(-2.53585944217036,6.17355643857523,42.8773404109681));
#6674=CARTESIAN_POINT('Ctrl Pts',(-5.17409729875848,4.21569678151765,43.1939729613037));
#6675=CARTESIAN_POINT('Ctrl Pts',(-6.55857565431682,1.23631209543585,43.5106055116393));
#6676=CARTESIAN_POINT('Ctrl Pts',(-6.35381514074999,-2.0426491054252,43.8272380619748));
#6677=CARTESIAN_POINT('Ctrl Pts',(-4.60943222726933,-4.8266465328351,44.1438706123105));
#6678=CARTESIAN_POINT('Ctrl Pts',(-1.74811642374067,-6.44107686491679,44.4605031626459));
#6679=CARTESIAN_POINT('Ctrl Pts',(1.53679357383165,-6.49474000419939,44.7771357129816));
#6680=CARTESIAN_POINT('Ctrl Pts',(4.44931599671045,-4.97463258664744,45.0937682633171));
#6681=CARTESIAN_POINT('Ctrl Pts',(6.28370403558799,-2.24909888707753,45.4104008136528));
#6682=CARTESIAN_POINT('Ctrl Pts',(6.59545862144405,1.02142438953524,45.7270333639882));
#6683=CARTESIAN_POINT('Ctrl Pts',(5.3090370554391,4.04444158749916,46.0436659143239));
#6684=CARTESIAN_POINT('Ctrl Pts',(2.73615811044879,6.08743139635622,46.3602984646594));
#6685=CARTESIAN_POINT('Ctrl Pts',(-0.499731989766222,6.65534748522739,46.676931014995));
#6686=CARTESIAN_POINT('Ctrl Pts',(-3.61452971502951,5.61057547403889,46.9935635653305));
#6687=CARTESIAN_POINT('Ctrl Pts',(-5.85347398986387,3.20627891187049,47.3101961156661));
#6688=CARTESIAN_POINT('Ctrl Pts',(-6.67403584839081,0.0250540438362915,
47.6268286660017));
#6689=CARTESIAN_POINT('Ctrl Pts',(-5.87738114294991,-3.16224178569807,47.9434612163372));
#6690=CARTESIAN_POINT('Ctrl Pts',(-3.65655096811555,-5.58328014954395,48.2600937666728));
#6691=CARTESIAN_POINT('Ctrl Pts',(-0.549684978227115,-6.65140801901594,
48.5767263170084));
#6692=CARTESIAN_POINT('Ctrl Pts',(2.69037772680445,-6.10780237874743,48.8933588673439));
#6693=CARTESIAN_POINT('Ctrl Pts',(5.27852253358749,-4.08418683131994,49.2099914176795));
#6694=CARTESIAN_POINT('Ctrl Pts',(6.58760407662534,-1.07091304051601,49.5266239680151));
#6695=CARTESIAN_POINT('Ctrl Pts',(6.30041273896701,2.20185865336094,49.8432565183506));
#6696=CARTESIAN_POINT('Ctrl Pts',(4.48653918491809,4.94108777020938,50.1598890686863));
#6697=CARTESIAN_POINT('Ctrl Pts',(1.58551152358496,6.48301900500819,50.4765216190218));
#6698=CARTESIAN_POINT('Ctrl Pts',(-1.69970878467885,6.45401985261928,50.7931541693574));
#6699=CARTESIAN_POINT('Ctrl Pts',(-4.57306477831405,4.86111723208375,51.1097867196929));
#6700=CARTESIAN_POINT('Ctrl Pts',(-6.3383002470392,2.09029476129588,51.4264192700285));
#6701=CARTESIAN_POINT('Ctrl Pts',(-6.56767280166496,-1.18703672267898,51.7430518203641));
#6702=CARTESIAN_POINT('Ctrl Pts',(-5.20560211522174,-4.17673183586367,52.0596843706996));
#6703=CARTESIAN_POINT('Ctrl Pts',(-2.58213784963071,-6.15434369662782,52.3763169210353));
#6704=CARTESIAN_POINT('Ctrl Pts',(0.667016207824109,-6.6406680077548,52.6929494713708));
#6705=CARTESIAN_POINT('Ctrl Pts',(3.75454247600235,-5.51786127105533,53.0095820217064));
#6706=CARTESIAN_POINT('Ctrl Pts',(5.93228815261007,-3.05799599167828,53.3262145720419));
#6707=CARTESIAN_POINT('Ctrl Pts',(6.67255358779168,0.142866471806128,53.6428471223775));
#6708=CARTESIAN_POINT('Ctrl Pts',(5.79596163244232,3.30911029824858,53.959479672713));
#6709=CARTESIAN_POINT('Ctrl Pts',(3.51492334671132,5.67350826891633,54.2761122230487));
#6710=CARTESIAN_POINT('Ctrl Pts',(0.382167691384625,6.66313215135193,54.5927447733842));
#6711=CARTESIAN_POINT('Ctrl Pts',(-2.84319278878271,6.03818159519338,54.9093773237198));
#6712=CARTESIAN_POINT('Ctrl Pts',(-5.37960604465818,3.95009126666654,55.2260098740553));
#6713=CARTESIAN_POINT('Ctrl Pts',(-6.61246202264756,0.904836012635416,55.542642424391));
#6714=CARTESIAN_POINT('Ctrl Pts',(-6.24302167581087,-2.35967424999167,55.8592749747265));
#6715=CARTESIAN_POINT('Ctrl Pts',(-4.36080580713369,-5.05240090681522,56.175907525062));
#6716=CARTESIAN_POINT('Ctrl Pts',(-1.42190286878124,-6.5208568794653,56.4925400753977));
#6717=CARTESIAN_POINT('Ctrl Pts',(1.86154794494723,-6.40921379417015,56.8091726257332));
#6718=CARTESIAN_POINT('Ctrl Pts',(4.69391844691575,-4.74452440445005,57.1258051760687));
#6719=CARTESIAN_POINT('Ctrl Pts',(6.38888381131726,-1.93016731300848,57.4424377264044));
#6720=CARTESIAN_POINT('Ctrl Pts',(6.53572912367869,1.35189756735354,57.7590702767399));
#6721=CARTESIAN_POINT('Ctrl Pts',(5.09887161565914,4.30637788143862,58.0757028270755));
#6722=CARTESIAN_POINT('Ctrl Pts',(2.42648289059085,6.21735980882463,58.3923353774111));
#6723=CARTESIAN_POINT('Ctrl Pts',(-0.833878151676508,6.62178446031542,58.7089679277466));
#6724=CARTESIAN_POINT('Ctrl Pts',(-3.89217831356261,5.42165382389462,59.0256004780822));
#6725=CARTESIAN_POINT('Ctrl Pts',(-6.00734670606698,2.90777711728811,59.3422330284178));
#6726=CARTESIAN_POINT('Ctrl Pts',(-6.66684707112261,-0.310696541631542,
59.6588655787533));
#6727=CARTESIAN_POINT('Ctrl Pts',(-5.71087281815395,-3.45388388131226,59.9754981290889));
#6728=CARTESIAN_POINT('Ctrl Pts',(-3.37107049982371,-5.76014460720705,60.2921306794244));
#6729=CARTESIAN_POINT('Ctrl Pts',(-0.214408462058084,-6.67063799213509,
60.6087632297601));
#6730=CARTESIAN_POINT('Ctrl Pts',(2.9942078840409,-5.96473816339539,60.9253957800956));
#6731=CARTESIAN_POINT('Ctrl Pts',(5.47728383808438,-3.81349498069395,61.2420283304312));
#6732=CARTESIAN_POINT('Ctrl Pts',(6.63313375533046,-0.738186151735365,61.5586608807668));
#6733=CARTESIAN_POINT('Ctrl Pts',(6.18167828438011,2.51599598551773,61.8752934311023));
#6734=CARTESIAN_POINT('Ctrl Pts',(4.23231169312467,5.1605154726014,62.1919259814379));
#6735=CARTESIAN_POINT('Ctrl Pts',(1.25739403659491,6.55456653391006,62.5085585317734));
#6736=CARTESIAN_POINT('Ctrl Pts',(-2.02220859760185,6.36035019464364,62.8251910821091));
#6737=CARTESIAN_POINT('Ctrl Pts',(-4.81180049255027,4.62492791626109,63.1418236324446));
#6738=CARTESIAN_POINT('Ctrl Pts',(-6.43542270501082,1.76881791560057,63.4584561827802));
#6739=CARTESIAN_POINT('Ctrl Pts',(-6.49964781036897,-1.51590255355812,63.7750887331157));
#6740=CARTESIAN_POINT('Ctrl Pts',(-4.98891312562946,-4.43329764798622,64.0917212834513));
#6741=CARTESIAN_POINT('Ctrl Pts',(-2.26929177527372,-6.27643983874563,64.4083538337869));
#6742=CARTESIAN_POINT('Ctrl Pts',(1.00021218446801,-6.59870879769368,64.7249863841224));
#6743=CARTESIAN_POINT('Ctrl Pts',(4.02735009330007,-5.32201403950742,65.041618934458));
#6744=CARTESIAN_POINT('Ctrl Pts',(6.07860213221237,-2.75571738917133,65.3582514847936));
#6745=CARTESIAN_POINT('Ctrl Pts',(6.65691991106163,0.478329915883899,65.6748840351292));
#6746=CARTESIAN_POINT('Ctrl Pts',(5.62216856805833,3.59647088171935,65.9915165854647));
#6747=CARTESIAN_POINT('Ctrl Pts',(3.22508349772339,5.84313431673708,66.3081491358003));
#6748=CARTESIAN_POINT('Ctrl Pts',(0.0465134951558744,6.67392078957237,66.6247816861359));
#6749=CARTESIAN_POINT('Ctrl Pts',(-3.14332740803651,5.88751857887554,66.9414142364714));
#6750=CARTESIAN_POINT('Ctrl Pts',(-5.57149407606935,3.67448444969391,67.258046786807));
#6751=CARTESIAN_POINT('Ctrl Pts',(-6.64960618782637,0.571068960406156,67.5746793371425));
#6752=CARTESIAN_POINT('Ctrl Pts',(-6.11642139991081,-2.67072489587212,67.8913118874782));
#6753=CARTESIAN_POINT('Ctrl Pts',(-4.10113818986468,-5.26536302246594,68.2079444378137));
#6754=CARTESIAN_POINT('Ctrl Pts',(-1.09208917417494,-6.58412662745547,68.5245769881492));
#6755=CARTESIAN_POINT('Ctrl Pts',(2.18158903169685,-6.30745998857688,68.8412095384849));
#6756=CARTESIAN_POINT('Ctrl Pts',(4.9266362865255,-4.50240348158717,69.1578420888204));
#6757=CARTESIAN_POINT('Ctrl Pts',(6.47788746530596,-1.60634871604831,69.474474639156));
#6758=CARTESIAN_POINT('Ctrl Pts',(6.45945170407122,1.67894785311802,69.7911071894915));
#6759=CARTESIAN_POINT('Ctrl Pts',(4.87579625758515,4.55741078521969,70.1077397398272));
#6760=CARTESIAN_POINT('Ctrl Pts',(2.11066401813278,6.33154638404218,70.4243722901626));
#6761=CARTESIAN_POINT('Ctrl Pts',(-1.16591300355254,6.57145562861572,70.7410048404983));
#6762=CARTESIAN_POINT('Ctrl Pts',(-4.15997224074844,5.21900499778653,71.0576373908338));
#6763=CARTESIAN_POINT('Ctrl Pts',(-6.1460093207054,2.60191307320604,71.3742699411694));
#6764=CARTESIAN_POINT('Ctrl Pts',(-6.64277839228899,-0.645660469330958,
71.690902491505));
#6765=CARTESIAN_POINT('Ctrl Pts',(-5.52990503898695,-3.73678103058033,72.0075350418405));
#6766=CARTESIAN_POINT('Ctrl Pts',(-3.07705476177083,-5.9224248584327,72.3241675921761));
#6767=CARTESIAN_POINT('Ctrl Pts',(0.121410918480874,-6.67297846539248,72.6408001425117));
#6768=CARTESIAN_POINT('Ctrl Pts',(3.29045695627424,-5.80657172776026,72.9574326928472));
#6769=CARTESIAN_POINT('Ctrl Pts',(5.66217711605438,-3.53314767836673,73.2740652431829));
#6770=CARTESIAN_POINT('Ctrl Pts',(6.66186889177801,-0.403590237095102,73.5906977935183));
#6771=CARTESIAN_POINT('Ctrl Pts',(6.04729233519071,2.82376302537268,73.907330343854));
#6772=CARTESIAN_POINT('Ctrl Pts',(3.96736834059343,5.36687717958732,74.2239628941895));
#6773=CARTESIAN_POINT('Ctrl Pts',(0.926092932620635,6.6095184462159,74.5405954445251));
#6774=CARTESIAN_POINT('Ctrl Pts',(-2.3395883467663,6.25057665966856,74.8572279948607));
#6775=CARTESIAN_POINT('Ctrl Pts',(-5.03835312866862,4.37702866812101,75.1738605451962));
#6776=CARTESIAN_POINT('Ctrl Pts',(-6.5162512086388,1.44286257025115,75.4904930955318));
#6777=CARTESIAN_POINT('Ctrl Pts',(-6.41516625211131,-1.84093024541676,75.8071256458673));
#6778=CARTESIAN_POINT('Ctrl Pts',(-4.7595926234825,-4.67863871967146,76.1237581962029));
#6779=CARTESIAN_POINT('Ctrl Pts',(-1.95070004312963,-6.38264455789701,76.4403907465385));
#6780=CARTESIAN_POINT('Ctrl Pts',(1.33087570715899,-6.54004220650083,76.7570232968741));
#6781=CARTESIAN_POINT('Ctrl Pts',(4.28996079556139,-5.11269191163172,77.0736558472096));
#6782=CARTESIAN_POINT('Ctrl Pts',(6.20952559744517,-2.44646153973267,77.3902883975452));
#6783=CARTESIAN_POINT('Ctrl Pts',(6.62443146750863,0.81258226845019,77.7069209478808));
#6784=CARTESIAN_POINT('Ctrl Pts',(5.43414064107728,3.87472550043359,78.0235534982164));
#6785=CARTESIAN_POINT('Ctrl Pts',(2.92707800590597,5.99796603508721,78.3401860485519));
#6786=CARTESIAN_POINT('Ctrl Pts',(-0.289258469368905,6.66781161616136,78.6568185988876));
#6787=CARTESIAN_POINT('Ctrl Pts',(-3.43550338407114,5.72194885583171,78.973451149223));
#6788=CARTESIAN_POINT('Ctrl Pts',(-5.7492755484769,3.38957414410776,79.2900836995586));
#6789=CARTESIAN_POINT('Ctrl Pts',(-6.6699141039204,0.235856009128143,79.6067162498942));
#6790=CARTESIAN_POINT('Ctrl Pts',(-5.97433485440507,-2.97501348873561,79.9233488002297));
#6791=CARTESIAN_POINT('Ctrl Pts',(-3.83108683224394,-5.46499367744605,80.2399813505654));
#6792=CARTESIAN_POINT('Ctrl Pts',(-0.759510400729408,-6.63072591515454,
80.5566139009008));
#6793=CARTESIAN_POINT('Ctrl Pts',(2.49610651670217,-6.18973621958119,80.8732464512365));
#6794=CARTESIAN_POINT('Ctrl Pts',(5.14688029335077,-4.24888284807146,81.189879001572));
#6795=CARTESIAN_POINT('Ctrl Pts',(6.5504896477145,-1.27846297791656,81.5065115519077));
#6796=CARTESIAN_POINT('Ctrl Pts',(6.36681949069564,2.00174718274216,81.8231441022431));
#6797=CARTESIAN_POINT('Ctrl Pts',(4.64037578944587,4.79690470443627,82.1397766525787));
#6798=CARTESIAN_POINT('Ctrl Pts',(1.78950112015796,6.42970201110997,82.4564092029144));
#6799=CARTESIAN_POINT('Ctrl Pts',(-1.49499586080157,6.50448841853872,82.7730417532499));
#6800=CARTESIAN_POINT('Ctrl Pts',(-4.41723346466549,5.00314208566551,83.0896743035854));
#6801=CARTESIAN_POINT('Ctrl Pts',(-6.26911075158678,2.28946120191129,83.4063068539212));
#6802=CARTESIAN_POINT('Ctrl Pts',(-6.60189075178025,-0.978989638493015,
83.7229394042565));
#6803=CARTESIAN_POINT('Ctrl Pts',(-5.3349360007947,-4.01021696148012,84.0395719545921));
#6804=CARTESIAN_POINT('Ctrl Pts',(-2.77524817731996,-6.06971002313951,84.3562045049278));
#6805=CARTESIAN_POINT('Ctrl Pts',(0.456922896685347,-6.65842351290476,84.6728370552633));
#6806=CARTESIAN_POINT('Ctrl Pts',(3.57837486552527,-5.63370353608487,84.9894696055989));
#6807=CARTESIAN_POINT('Ctrl Pts',(5.83273423311568,-3.2438547403604,85.3061021559345));
#6808=CARTESIAN_POINT('Ctrl Pts',(6.67373673099562,-0.0679724655857506,
85.6227347062699));
#6809=CARTESIAN_POINT('Ctrl Pts',(5.89759514543037,3.12438053241187,85.9393672566057));
#6810=CARTESIAN_POINT('Ctrl Pts',(3.69237994182843,5.55965040051093,86.255999806941));
#6811=CARTESIAN_POINT('Ctrl Pts',(0.592447038466552,6.64773560826018,86.5726323572768));
#6812=CARTESIAN_POINT('Ctrl Pts',(-2.6510444530789,6.12497718514262,86.8892649076123));
#6813=CARTESIAN_POINT('Ctrl Pts',(-5.25214907426197,4.11804714791456,87.2058974579478));
#6814=CARTESIAN_POINT('Ctrl Pts',(-6.58058110688342,1.11325401703623,87.5225300082835));
#6815=CARTESIAN_POINT('Ctrl Pts',(-6.31444202716183,-2.16129685520767,87.839162558619));
#6816=CARTESIAN_POINT('Ctrl Pts',(-4.51822122919433,-4.91213386775806,88.1557951089546));
#6817=CARTESIAN_POINT('Ctrl Pts',(-1.62716930093168,-6.47268895257788,88.4724276592901));
#6818=CARTESIAN_POINT('Ctrl Pts',(1.65816956339549,-6.46481677309938,88.7890602096257));
#6819=CARTESIAN_POINT('Ctrl Pts',(4.54170967435861,-4.89042487362352,89.1056927599613));
#6820=CARTESIAN_POINT('Ctrl Pts',(6.32472706099792,-2.13101145341801,89.4223253102968));
#6821=CARTESIAN_POINT('Ctrl Pts',(6.57517051516613,1.14477723038512,89.7389578606325));
#6822=CARTESIAN_POINT('Ctrl Pts',(5.23235392255116,4.14316963687002,90.0555904109679));
#6823=CARTESIAN_POINT('Ctrl Pts',(2.62166139634617,6.13761140295036,90.3722229613036));
#6824=CARTESIAN_POINT('Ctrl Pts',(-0.624298055538939,6.64482009903719,90.6888555116392));
#6825=CARTESIAN_POINT('Ctrl Pts',(-3.71898095164799,5.54189163481184,91.0054880619746));
#6826=CARTESIAN_POINT('Ctrl Pts',(-5.91250033399852,3.09608171907419,91.3221206123103));
#6827=CARTESIAN_POINT('Ctrl Pts',(-6.67333435297736,-0.0999541099228287,
91.6387531626458));
#6828=CARTESIAN_POINT('Ctrl Pts',(-5.81712179059378,-3.27176959520643,91.9553857129814));
#6829=CARTESIAN_POINT('Ctrl Pts',(-3.55133548181882,-5.65078742356257,92.272018263317));
#6830=CARTESIAN_POINT('Ctrl Pts',(-0.425008610201538,-6.66053675704689,
92.5886508136525));
#6831=CARTESIAN_POINT('Ctrl Pts',(2.80430406788435,-6.05634055396207,92.9052833639881));
#6832=CARTESIAN_POINT('Ctrl Pts',(5.3540928279082,-3.98460439703368,93.2219159143237));
#6833=CARTESIAN_POINT('Ctrl Pts',(6.60650653586331,-0.947340277995919,93.5385484646591));
#6834=CARTESIAN_POINT('Ctrl Pts',(6.25806702060182,2.31947825520611,93.8551810149949));
#6835=CARTESIAN_POINT('Ctrl Pts',(4.39320627626076,5.02425326042996,94.1718135653304));
#6836=CARTESIAN_POINT('Ctrl Pts',(1.46380735437769,6.51157816815462,94.4884461156659));
#6837=CARTESIAN_POINT('Ctrl Pts',(-1.8202935130349,6.42105238548334,94.8050786660016));
#6838=CARTESIAN_POINT('Ctrl Pts',(-4.66331062131954,4.77461163444806,95.121711216337));
#6839=CARTESIAN_POINT('Ctrl Pts',(-6.3763393161401,1.97121260552083,95.4383437666727));
#6840=CARTESIAN_POINT('Ctrl Pts',(-6.54428767369699,-1.30984008742122,95.7549763170082));
#6841=CARTESIAN_POINT('Ctrl Pts',(-5.12645934894481,-4.27349935700643,96.0716088673438));
#6842=CARTESIAN_POINT('Ctrl Pts',(-2.4664148956083,-6.20162718755647,96.3882414176794));
#6843=CARTESIAN_POINT('Ctrl Pts',(0.791277984168161,-6.62700998659944,96.7048739680148));
#6844=CARTESIAN_POINT('Ctrl Pts',(3.85723262762569,-5.44657127623405,97.0215065183505));
#6845=CARTESIAN_POINT('Ctrl Pts',(5.98852335285195,-2.94634863230154,97.3381390686861));
#6846=CARTESIAN_POINT('Ctrl Pts',(6.6687072246028,0.267817406545677,97.6547716190215));
#6847=CARTESIAN_POINT('Ctrl Pts',(5.73296573591667,3.41708736814317,97.9714041693573));
#6848=CARTESIAN_POINT('Ctrl Pts',(3.40804274455404,5.73834704963116,98.2880367196927));
#6849=CARTESIAN_POINT('Ctrl Pts',(0.257301117750348,6.66912125737135,98.6046692700284));
#6850=CARTESIAN_POINT('Ctrl Pts',(-2.95578833561672,5.98386977847531,98.9213018203639));
#6851=CARTESIAN_POINT('Ctrl Pts',(-5.45264701580113,3.84863907528277,99.2379343706995));
#6852=CARTESIAN_POINT('Ctrl Pts',(-6.62824952179978,0.780826797362475,99.554566921035));
#6853=CARTESIAN_POINT('Ctrl Pts',(-6.19773016086966,-2.47619124135532,99.8711994713707));
#6854=CARTESIAN_POINT('Ctrl Pts',(-4.2654100750336,-5.13319190197677,100.187832021706));
#6855=CARTESIAN_POINT('Ctrl Pts',(-1.29951870157517,-6.54634503787987,100.504464572042));
#6856=CARTESIAN_POINT('Ctrl Pts',(1.98126507239082,-6.37322296202182,100.821097122377));
#6857=CARTESIAN_POINT('Ctrl Pts',(4.7819593224964,-4.65577568711249,101.137729672713));
#6858=CARTESIAN_POINT('Ctrl Pts',(6.42391484235886,-1.81016582357514,101.454362223048));
#6859=CARTESIAN_POINT('Ctrl Pts',(6.509261778663,1.47407371171028,101.770994773384));
#6860=CARTESIAN_POINT('Ctrl Pts',(5.01731931964643,4.40112361283128,102.08762732372));
#6861=CARTESIAN_POINT('Ctrl Pts',(2.30960695846417,6.26171684988487,102.404259874055));
#6862=CARTESIAN_POINT('Ctrl Pts',(-0.957756971024228,6.60500445080642,102.720892424391));
#6863=CARTESIAN_POINT('Ctrl Pts',(-3.99304236917392,5.34780280570441,103.037524974726));
#6864=CARTESIAN_POINT('Ctrl Pts',(-6.06075516107064,2.79475027297138,103.354157525062));
#6865=CARTESIAN_POINT('Ctrl Pts',(-6.65985827521145,-0.435511153491611,
103.670790075397));
#6866=CARTESIAN_POINT('Ctrl Pts',(-5.6451802588618,-3.56024185353682,103.987422625733));
#6867=CARTESIAN_POINT('Ctrl Pts',(-3.26259244571096,-5.82227384652321,104.304055176069));
#6868=CARTESIAN_POINT('Ctrl Pts',(-0.0894307332676174,-6.67348367456349,
104.620687726404));
#6869=CARTESIAN_POINT('Ctrl Pts',(3.1054013547106,-5.90761073843561,104.93732027674));
#6870=CARTESIAN_POINT('Ctrl Pts',(5.54774924531708,-3.71023725950265,105.253952827075));
#6871=CARTESIAN_POINT('Ctrl Pts',(6.64579629965676,-0.613818991386435,105.570585377411));
#6872=CARTESIAN_POINT('Ctrl Pts',(6.13346964598701,2.6313366018953,105.887217927746));
#6873=CARTESIAN_POINT('Ctrl Pts',(4.1349135306528,5.23888082559074,106.203850478082));
#6874=CARTESIAN_POINT('Ctrl Pts',(1.13440735028256,6.57696755156541,106.520483028418));
#6875=CARTESIAN_POINT('Ctrl Pts',(-2.14098233368828,6.32135878253636,106.837115578753));
#6876=CARTESIAN_POINT('Ctrl Pts',(-4.89758066384387,4.53399226420474,107.153748129089));
#6877=CARTESIAN_POINT('Ctrl Pts',(-6.46742352056916,1.64797306297598,107.470380679424));
#6878=CARTESIAN_POINT('Ctrl Pts',(-6.47011500423725,-1.6373741303304,107.78701322976));
#6879=CARTESIAN_POINT('Ctrl Pts',(-4.90500292895477,-4.52596160806368,108.103645780095));
#6880=CARTESIAN_POINT('Ctrl Pts',(-2.15133685679126,-6.31784234840226,108.420278330431));
#6881=CARTESIAN_POINT('Ctrl Pts',(1.12362962170503,-6.57881742292334,108.736910880767));
#6882=CARTESIAN_POINT('Ctrl Pts',(4.1263241979217,-5.2456487514765,109.053543431102));
#6883=CARTESIAN_POINT('Ctrl Pts',(6.12915003023417,-2.64138261493646,109.370175981438));
#6884=CARTESIAN_POINT('Ctrl Pts',(6.64679310679483,0.60292918742312,109.686808531773));
#6885=CARTESIAN_POINT('Ctrl Pts',(5.55382093479658,3.70114242300389,110.003441082109));
#6886=CARTESIAN_POINT('Ctrl Pts',(3.115076666488,5.90251468237837,110.320073632444));
#6887=CARTESIAN_POINT('Ctrl Pts',(-0.0784962671930492,6.67362124593588,
110.63670618278));
#6888=CARTESIAN_POINT('Ctrl Pts',(-3.25304840980277,5.82761171373671,110.953338733115));
#6889=CARTESIAN_POINT('Ctrl Pts',(-5.63933930607706,3.56948656528158,111.269971283451));
#6890=CARTESIAN_POINT('Ctrl Pts',(-6.65913576718783,0.44642259678448,111.586603833787));
#6891=CARTESIAN_POINT('Ctrl Pts',(-6.06532614540771,-2.7848161325831,111.903236384122));
#6892=CARTESIAN_POINT('Ctrl Pts',(-4.00179928297365,-5.3412530915295,112.219868934458));
#6893=CARTESIAN_POINT('Ctrl Pts',(-0.968577778562418,-6.60342638344995,
112.536501484793));
#6894=CARTESIAN_POINT('Ctrl Pts',(2.29934408184781,-6.26549255934539,112.853134035129));
#6895=CARTESIAN_POINT('Ctrl Pts',(5.01010165126444,-4.40933870871434,113.169766585464));
#6896=CARTESIAN_POINT('Ctrl Pts',(6.5068373982625,-1.48473651424338,113.4863991358));
#6897=CARTESIAN_POINT('Ctrl Pts',(6.42687295213093,1.79963697731745,113.803031686136));
#6898=CARTESIAN_POINT('Ctrl Pts',(4.78957963950814,4.64793628421914,114.119664236471));
#6899=CARTESIAN_POINT('Ctrl Pts',(1.9917080835876,6.36996419101487,114.436296786807));
#6900=CARTESIAN_POINT('Ctrl Pts',(-1.28879753737086,6.5484734268209,114.752929337142));
#6901=CARTESIAN_POINT('Ctrl Pts',(-4.25698047056825,5.14015784373155,115.069561887478));
#6902=CARTESIAN_POINT('Ctrl Pts',(-6.19369127815725,2.48637474298333,115.386194437813));
#6903=CARTESIAN_POINT('Ctrl Pts',(-6.62946654884651,-0.770029803122982,
115.702826988149));
#6904=CARTESIAN_POINT('Ctrl Pts',(-5.45905337329587,-3.83956944257542,116.019459538485));
#6905=CARTESIAN_POINT('Ctrl Pts',(-2.96536548963254,-5.97929653153702,116.33609208882));
#6906=CARTESIAN_POINT('Ctrl Pts',(-0.824581890491456,-6.4388280561125,116.547180455711));
#6907=CARTESIAN_POINT('Ctrl Pts',(0.236403473406091,-6.39963509879755,116.652724639156));
#6908=CARTESIAN_POINT('Ctrl Pts',(2.81914340867628,4.88891835596761,22.5));
#6909=CARTESIAN_POINT('Ctrl Pts',(2.00861738009911,5.35629967523934,22.6055441834452));
#6910=CARTESIAN_POINT('Ctrl Pts',(0.151428179675733,5.87969168709873,22.8166325503356));
#6911=CARTESIAN_POINT('Ctrl Pts',(-2.67251964048085,5.23926792987043,23.1332651006711));
#6912=CARTESIAN_POINT('Ctrl Pts',(-4.84827838377531,3.32954607324269,23.4498976510067));
#6913=CARTESIAN_POINT('Ctrl Pts',(-5.84951961374154,0.612905893290656,23.7665302013423));
#6914=CARTESIAN_POINT('Ctrl Pts',(-5.43319201985556,-2.2521907644715,24.0831627516779));
#6915=CARTESIAN_POINT('Ctrl Pts',(-3.7003945193685,-4.57157830455083,24.3997953020134));
#6916=CARTESIAN_POINT('Ctrl Pts',(-1.07090136722917,-5.78319073004718,24.716427852349));
#6917=CARTESIAN_POINT('Ctrl Pts',(1.81806896477552,-5.59345877031293,25.0330604026845));
#6918=CARTESIAN_POINT('Ctrl Pts',(4.26650349742123,-4.04834621471837,25.3496929530201));
#6919=CARTESIAN_POINT('Ctrl Pts',(5.68109734462755,-1.52226195227655,25.6663255033557));
#6920=CARTESIAN_POINT('Ctrl Pts',(5.71908037528701,1.37268957269264,25.9829580536913));
#6921=CARTESIAN_POINT('Ctrl Pts',(4.37124542495116,3.93501786941604,26.2995906040268));
#6922=CARTESIAN_POINT('Ctrl Pts',(1.9641942832279,5.54383397206808,26.6162231543624));
#6923=CARTESIAN_POINT('Ctrl Pts',(-0.918810154674132,5.8092978534835,26.932855704698));
#6924=CARTESIAN_POINT('Ctrl Pts',(-3.57917330809056,4.66708389928916,27.2494882550335));
#6925=CARTESIAN_POINT('Ctrl Pts',(-5.37225045410094,2.39396718308716,27.5661208053691));
#6926=CARTESIAN_POINT('Ctrl Pts',(-5.86355265549581,-0.459242804512092,
27.8827533557047));
#6927=CARTESIAN_POINT('Ctrl Pts',(-4.93403024932801,-3.20117154629941,28.1993859060403));
#6928=CARTESIAN_POINT('Ctrl Pts',(-2.8089200932703,-5.16740956817221,28.5160184563758));
#6929=CARTESIAN_POINT('Ctrl Pts',(-0.0031674928485298,-5.88150862574689,
28.8326510067114));
#6930=CARTESIAN_POINT('Ctrl Pts',(2.80335263954512,-5.17043206357516,29.149283557047));
#6931=CARTESIAN_POINT('Ctrl Pts',(4.93057939784286,-3.20648414093149,29.4659161073825));
#6932=CARTESIAN_POINT('Ctrl Pts',(5.86305460703168,-0.465558182202432,29.7825486577181));
#6933=CARTESIAN_POINT('Ctrl Pts',(5.3748258758965,2.38817933764771,30.0991812080537));
#6934=CARTESIAN_POINT('Ctrl Pts',(3.58419817185577,4.66322605182211,30.4158137583892));
#6935=CARTESIAN_POINT('Ctrl Pts',(0.925066794150111,5.80830484493289,30.7324463087248));
#6936=CARTESIAN_POINT('Ctrl Pts',(-1.95822180656811,5.54594636663966,31.0490788590604));
#6937=CARTESIAN_POINT('Ctrl Pts',(-4.36700460400067,3.93972391596255,31.3657114093959));
#6938=CARTESIAN_POINT('Ctrl Pts',(-5.71759827254658,1.37884870059148,31.6823439597315));
#6939=CARTESIAN_POINT('Ctrl Pts',(-5.68273419970516,-1.51614173508525,31.9989765100671));
#6940=CARTESIAN_POINT('Ctrl Pts',(-4.27086046057332,-4.04374883884605,32.3156090604027));
#6941=CARTESIAN_POINT('Ctrl Pts',(-1.8240947256346,-5.59149641663777,32.6322416107382));
#6942=CARTESIAN_POINT('Ctrl Pts',(1.06467585787819,-5.78434257828937,32.9488741610738));
#6943=CARTESIAN_POINT('Ctrl Pts',(3.69545989895518,-4.57555787643147,33.2655067114094));
#6944=CARTESIAN_POINT('Ctrl Pts',(5.43077992158383,-2.25804853550187,33.5821392617449));
#6945=CARTESIAN_POINT('Ctrl Pts',(5.85014248699155,0.606619013266436,33.8987718120805));
#6946=CARTESIAN_POINT('Ctrl Pts',(4.8519299079961,3.32429389694308,34.215404362416));
#6947=CARTESIAN_POINT('Ctrl Pts',(2.67802370183588,5.23644371666166,34.5320369127517));
#6948=CARTESIAN_POINT('Ctrl Pts',(-0.144806841515565,5.87972658582101,34.8486694630872));
#6949=CARTESIAN_POINT('Ctrl Pts',(-2.93254856784615,5.09826565045247,35.1653020134228));
#6950=CARTESIAN_POINT('Ctrl Pts',(-5.00969085685059,3.08142033227336,35.4819345637583));
#6951=CARTESIAN_POINT('Ctrl Pts',(-5.87291173187126,0.317901769433557,35.7985671140939));
#6952=CARTESIAN_POINT('Ctrl Pts',(-5.31304014121492,-2.52264904479378,36.1151996644295));
#6953=CARTESIAN_POINT('Ctrl Pts',(-3.46574116530257,-4.75192507521818,36.431832214765));
#6954=CARTESIAN_POINT('Ctrl Pts',(-0.77864238215605,-5.82974011308141,36.7484647651006));
#6955=CARTESIAN_POINT('Ctrl Pts',(2.09713284601342,-5.49492380033898,37.0650973154362));
#6956=CARTESIAN_POINT('Ctrl Pts',(4.46474209299004,-3.82860702977507,37.3817298657718));
#6957=CARTESIAN_POINT('Ctrl Pts',(5.75047898706808,-1.23456274228916,37.6983624161073));
#6958=CARTESIAN_POINT('Ctrl Pts',(5.64279066140029,1.65863416610587,38.0149949664429));
#6959=CARTESIAN_POINT('Ctrl Pts',(4.16777157336931,4.1499197411004,38.3316275167785));
#6960=CARTESIAN_POINT('Ctrl Pts',(1.68284043565817,5.63561902664418,38.648260067114));
#6961=CARTESIAN_POINT('Ctrl Pts',(-1.209867568837,5.75572534188668,38.9648926174496));
#6962=CARTESIAN_POINT('Ctrl Pts',(-3.80940695437691,4.48113516882774,39.2815251677852));
#6963=CARTESIAN_POINT('Ctrl Pts',(-5.48587128226667,2.1207003606738,39.5981577181207));
#6964=CARTESIAN_POINT('Ctrl Pts',(-5.83302870995207,-0.753611182397776,
39.9147902684563));
#6965=CARTESIAN_POINT('Ctrl Pts',(-4.76675791187976,-3.44531170649214,40.2314228187918));
#6966=CARTESIAN_POINT('Ctrl Pts',(-2.54543190783709,-5.3021627802176,40.5480553691275));
#6967=CARTESIAN_POINT('Ctrl Pts',(0.292689501162677,-5.87422221245241,40.864687919463));
#6968=CARTESIAN_POINT('Ctrl Pts',(3.0598879603713,-5.02287163038583,41.1813204697986));
#6969=CARTESIAN_POINT('Ctrl Pts',(5.08563078376828,-2.9544057400006,41.4979530201342));
#6970=CARTESIAN_POINT('Ctrl Pts',(5.87905083746996,-0.170044099585392,41.8145855704697));
#6971=CARTESIAN_POINT('Ctrl Pts',(5.24789083035914,2.65552171484108,42.1312181208053));
#6972=CARTESIAN_POINT('Ctrl Pts',(3.3450900695059,4.83761575285316,42.4478506711409));
#6973=CARTESIAN_POINT('Ctrl Pts',(0.631725027720048,5.84748469298657,42.7644832214765));
#6974=CARTESIAN_POINT('Ctrl Pts',(-2.23471623389886,5.44042251110233,43.081115771812));
#6975=CARTESIAN_POINT('Ctrl Pts',(-4.55965304583751,3.7150663314327,43.3977483221476));
#6976=CARTESIAN_POINT('Ctrl Pts',(-5.77971919193269,1.08949520777519,43.7143808724831));
#6977=CARTESIAN_POINT('Ctrl Pts',(-5.59927478869809,-1.80007655004168,44.0310134228188));
#6978=CARTESIAN_POINT('Ctrl Pts',(-4.06204415593295,-4.25346341474934,44.3476459731542));
#6979=CARTESIAN_POINT('Ctrl Pts',(-1.5405207741069,-5.67617384246687,44.6642785234899));
#6980=CARTESIAN_POINT('Ctrl Pts',(1.35429333758881,-5.72346427446898,44.9809110738254));
#6981=CARTESIAN_POINT('Ctrl Pts',(3.92094235281626,-4.38387554696205,45.297543624161));
#6982=CARTESIAN_POINT('Ctrl Pts',(5.53748965097451,-1.98200961418211,45.6141761744966));
#6983=CARTESIAN_POINT('Ctrl Pts',(5.81222216272947,0.900126255831044,45.9308087248321));
#6984=CARTESIAN_POINT('Ctrl Pts',(4.67856817963314,3.56414836025162,46.2474412751678));
#6985=CARTESIAN_POINT('Ctrl Pts',(2.4112286533913,5.36452515386263,46.5640738255032));
#6986=CARTESIAN_POINT('Ctrl Pts',(-0.440386865122658,5.86499899014377,46.8807063758389));
#6987=CARTESIAN_POINT('Ctrl Pts',(-3.18529020093206,4.94429773387548,47.1973389261744));
#6988=CARTESIAN_POINT('Ctrl Pts',(-5.15835110271653,2.82552077438183,47.51397147651));
#6989=CARTESIAN_POINT('Ctrl Pts',(-5.88146803722573,0.0220787783245278,
47.8306040268455));
#6990=CARTESIAN_POINT('Ctrl Pts',(-5.17941918804464,-2.78671322885493,48.1472365771811));
#6991=CARTESIAN_POINT('Ctrl Pts',(-3.22232126617118,-4.92024383572004,48.4638691275167));
#6992=CARTESIAN_POINT('Ctrl Pts',(-0.484407741196889,-5.86152735092387,
48.7805016778522));
#6993=CARTESIAN_POINT('Ctrl Pts',(2.37088486902261,-5.38247700257045,49.0971342281878));
#6994=CARTESIAN_POINT('Ctrl Pts',(4.65167737637429,-3.59917370121084,49.4137667785234));
#6995=CARTESIAN_POINT('Ctrl Pts',(5.80530037577063,-0.943737936313598,49.730399328859));
#6996=CARTESIAN_POINT('Ctrl Pts',(5.55221413059968,1.94037934263622,50.0470318791945));
#6997=CARTESIAN_POINT('Ctrl Pts',(3.95374514211202,4.35431430842856,50.3636644295301));
#6998=CARTESIAN_POINT('Ctrl Pts',(1.39722584062334,5.71313518968828,50.6802969798657));
#6999=CARTESIAN_POINT('Ctrl Pts',(-1.49786173115786,5.68757979985273,50.9969295302013));
#7000=CARTESIAN_POINT('Ctrl Pts',(-4.02999548351269,4.28384058389518,51.3135620805368));
#7001=CARTESIAN_POINT('Ctrl Pts',(-5.58560234918265,1.84206409827817,51.6301946308724));
#7002=CARTESIAN_POINT('Ctrl Pts',(-5.78773601751972,-1.04607147789486,51.946827181208));
#7003=CARTESIAN_POINT('Ctrl Pts',(-4.58741654235696,-3.68072862518683,52.2634597315435));
#7004=CARTESIAN_POINT('Ctrl Pts',(-2.27549889981122,-5.42349135726406,52.5800922818791));
#7005=CARTESIAN_POINT('Ctrl Pts',(0.587805429240352,-5.85206275792696,52.8967248322147));
#7006=CARTESIAN_POINT('Ctrl Pts',(3.30867589995614,-4.86259370443486,53.2133573825502));
#7007=CARTESIAN_POINT('Ctrl Pts',(5.2278057759611,-2.69484702983081,53.5299899328858));
#7008=CARTESIAN_POINT('Ctrl Pts',(5.88016180085921,0.125900520555549,53.8466224832214));
#7009=CARTESIAN_POINT('Ctrl Pts',(5.10766856225614,2.91614053219327,54.1632550335569));
#7010=CARTESIAN_POINT('Ctrl Pts',(3.09751247769605,4.99975701368351,54.4798875838925));
#7011=CARTESIAN_POINT('Ctrl Pts',(0.336783786122622,5.87185919677618,54.7965201342281));
#7012=CARTESIAN_POINT('Ctrl Pts',(-2.50555254582996,5.32112395884976,55.1131526845637));
#7013=CARTESIAN_POINT('Ctrl Pts',(-4.74075682589449,3.48100250834366,55.4297852348992));
#7014=CARTESIAN_POINT('Ctrl Pts',(-5.82720634366201,0.797383203827002,55.7464177852348));
#7015=CARTESIAN_POINT('Ctrl Pts',(-5.50163848023715,-2.07945372108492,56.0630503355704));
#7016=CARTESIAN_POINT('Ctrl Pts',(-3.84294309377875,-4.45240857551711,56.3796828859059));
#7017=CARTESIAN_POINT('Ctrl Pts',(-1.25304635227469,-5.74647966884173,56.6963154362415));
#7018=CARTESIAN_POINT('Ctrl Pts',(1.64048185935502,-5.64809463575878,57.0129479865771));
#7019=CARTESIAN_POINT('Ctrl Pts',(4.13649730717816,-4.18109360969924,57.3295805369126));
#7020=CARTESIAN_POINT('Ctrl Pts',(5.63017891773406,-1.70095240958206,57.6462130872483));
#7021=CARTESIAN_POINT('Ctrl Pts',(5.75958577599636,1.19135445367888,57.9628456375837));
#7022=CARTESIAN_POINT('Ctrl Pts',(4.49336070627302,3.79497869673621,58.2794781879194));
#7023=CARTESIAN_POINT('Ctrl Pts',(2.13832857480475,5.47902406013456,58.5961107382549));
#7024=CARTESIAN_POINT('Ctrl Pts',(-0.734851865862932,5.83542170546379,58.9127432885905));
#7025=CARTESIAN_POINT('Ctrl Pts',(-3.42996694450195,4.77781126720009,59.229375838926));
#7026=CARTESIAN_POINT('Ctrl Pts',(-5.29395083318066,2.56246723320043,59.5460083892617));
#7027=CARTESIAN_POINT('Ctrl Pts',(-5.87513295532175,-0.273800114412469,
59.8626409395972));
#7028=CARTESIAN_POINT('Ctrl Pts',(-5.03268437683508,-3.04372168709956,60.1792734899328));
#7029=CARTESIAN_POINT('Ctrl Pts',(-2.97074271795054,-5.0761049485904,60.4959060402683));
#7030=CARTESIAN_POINT('Ctrl Pts',(-0.188946620178786,-5.87847368966496,
60.8125385906039));
#7031=CARTESIAN_POINT('Ctrl Pts',(2.63863400899199,-5.256402221287,61.1291711409395));
#7032=CARTESIAN_POINT('Ctrl Pts',(4.82683500003577,-3.36062756457627,61.445803691275));
#7033=CARTESIAN_POINT('Ctrl Pts',(5.84542322739029,-0.650523664478243,61.7624362416106));
#7034=CARTESIAN_POINT('Ctrl Pts',(5.44757985601175,2.21721164026689,62.0790687919462));
#7035=CARTESIAN_POINT('Ctrl Pts',(3.72970815742492,4.54768411455745,62.3957013422818));
#7036=CARTESIAN_POINT('Ctrl Pts',(1.10807358612172,5.77618617022507,62.7123338926173));
#7037=CARTESIAN_POINT('Ctrl Pts',(-1.78206343231822,5.60503377943027,63.0289664429529));
#7038=CARTESIAN_POINT('Ctrl Pts',(-4.24038039970445,4.0756996713647,63.3455989932884));
#7039=CARTESIAN_POINT('Ctrl Pts',(-5.6711911361225,1.55876388299375,63.6622315436241));
#7040=CARTESIAN_POINT('Ctrl Pts',(-5.72778925949677,-1.33588320752735,63.9788640939595));
#7041=CARTESIAN_POINT('Ctrl Pts',(-4.39646021619143,-3.90682624553562,64.2954966442953));
#7042=CARTESIAN_POINT('Ctrl Pts',(-1.9998045180758,-5.53108810586522,64.6121291946306));
#7043=CARTESIAN_POINT('Ctrl Pts',(0.881433082923968,-5.81508636786139,64.9287617449664));
#7044=CARTESIAN_POINT('Ctrl Pts',(3.54908654771062,-4.69000409618367,65.2453942953018));
#7045=CARTESIAN_POINT('Ctrl Pts',(5.35674439930363,-2.42846519140983,65.5620268456375));
#7046=CARTESIAN_POINT('Ctrl Pts',(5.86638468427174,0.421526371063495,65.878659395973));
#7047=CARTESIAN_POINT('Ctrl Pts',(4.95451410272288,3.16937592457574,66.1952919463086));
#7048=CARTESIAN_POINT('Ctrl Pts',(2.84209224225516,5.14923930613767,66.5119244966441));
#7049=CARTESIAN_POINT('Ctrl Pts',(0.0409898360262885,5.88136664209115,66.8285570469797));
#7050=CARTESIAN_POINT('Ctrl Pts',(-2.77004500737881,5.18835276387947,67.1451895973153));
#7051=CARTESIAN_POINT('Ctrl Pts',(-4.90985740448115,3.23812507680321,67.4618221476509));
#7052=CARTESIAN_POINT('Ctrl Pts',(-5.85993949422207,0.503252292013161,67.7784546979864));
#7053=CARTESIAN_POINT('Ctrl Pts',(-5.39007248132366,-2.35356588848441,68.095087248322));
#7054=CARTESIAN_POINT('Ctrl Pts',(-3.61411201975351,-4.64008060857065,68.4117197986575));
#7055=CARTESIAN_POINT('Ctrl Pts',(-0.962399321432924,-5.80223588726498,
68.7283523489932));
#7056=CARTESIAN_POINT('Ctrl Pts',(1.92251681767349,-5.55842449180724,69.0449848993286));
#7057=CARTESIAN_POINT('Ctrl Pts',(4.34157899484799,-3.96772549162045,69.3616174496643));
#7058=CARTESIAN_POINT('Ctrl Pts',(5.70861304035824,-1.41558853513723,69.6782499999998));
#7059=CARTESIAN_POINT('Ctrl Pts',(5.69236659773985,1.47956624126661,69.9948825503355));
#7060=CARTESIAN_POINT('Ctrl Pts',(4.29677641781417,4.0162004632085,70.311515100671));
#7061=CARTESIAN_POINT('Ctrl Pts',(1.86001442634799,5.57965053378232,70.6281476510066));
#7062=CARTESIAN_POINT('Ctrl Pts',(-1.02745628287767,5.79106961900263,70.9447802013421));
#7063=CARTESIAN_POINT('Ctrl Pts',(-3.66595929741781,4.59922778029487,71.2614127516777));
#7064=CARTESIAN_POINT('Ctrl Pts',(-5.41614672101825,2.29292573838826,71.5780453020132));
#7065=CARTESIAN_POINT('Ctrl Pts',(-5.85392252605916,-0.568985768062011,
71.8946778523488));
#7066=CARTESIAN_POINT('Ctrl Pts',(-4.87320722790802,-3.2930236955153,72.2113104026844));
#7067=CARTESIAN_POINT('Ctrl Pts',(-2.71164249657305,-5.21911378647172,72.52794295302));
#7068=CARTESIAN_POINT('Ctrl Pts',(0.106992897946073,-5.88053622258627,72.8445755033555));
#7069=CARTESIAN_POINT('Ctrl Pts',(2.8997023473975,-5.11701866733527,73.1612080536912));
#7070=CARTESIAN_POINT('Ctrl Pts',(4.98977147945859,-3.11357259882304,73.4778406040267));
#7071=CARTESIAN_POINT('Ctrl Pts',(5.87074595420819,-0.35566232090043,73.7944731543623));
#7072=CARTESIAN_POINT('Ctrl Pts',(5.32915276290581,2.48843014267498,74.1111057046978));
#7073=CARTESIAN_POINT('Ctrl Pts',(3.49622786229531,4.72953956324188,74.4277382550335));
#7074=CARTESIAN_POINT('Ctrl Pts',(0.816115781580994,5.82461232842276,74.7443708053689));
#7075=CARTESIAN_POINT('Ctrl Pts',(-2.06175309727912,5.50829628026852,75.0610033557046));
#7076=CARTESIAN_POINT('Ctrl Pts',(-4.44002902586529,3.85723942669285,75.3776359060401));
#7077=CARTESIAN_POINT('Ctrl Pts',(-5.74242093940552,1.27151700737235,75.6942684563757));
#7078=CARTESIAN_POINT('Ctrl Pts',(-5.65334021608217,-1.62231259213138,76.0109010067112));
#7079=CARTESIAN_POINT('Ctrl Pts',(-4.19437241889812,-4.12303210719328,76.3275335570468));
#7080=CARTESIAN_POINT('Ctrl Pts',(-1.71904679784544,-5.62468060001432,76.6441661073824));
#7081=CARTESIAN_POINT('Ctrl Pts',(1.17282902144779,-5.76338666339592,76.960798657718));
#7082=CARTESIAN_POINT('Ctrl Pts',(3.78051120389609,-4.50553978814705,77.2774312080535));
#7083=CARTESIAN_POINT('Ctrl Pts',(5.4721201919397,-2.15593468136812,77.5940637583891));
#7084=CARTESIAN_POINT('Ctrl Pts',(5.83775437021939,0.716084951904824,77.9106963087246));
#7085=CARTESIAN_POINT('Ctrl Pts',(4.78881522609615,3.41458672106447,78.2273288590602));
#7086=CARTESIAN_POINT('Ctrl Pts',(2.57947606594791,5.28568415350009,78.5439614093958));
#7087=CARTESIAN_POINT('Ctrl Pts',(-0.254907896921184,5.87598295687174,78.8605939597313));
#7088=CARTESIAN_POINT('Ctrl Pts',(-3.0275239456598,5.04244509179987,79.177226510067));
#7089=CARTESIAN_POINT('Ctrl Pts',(-5.0665266330152,2.98704898224114,79.4938590604025));
#7090=CARTESIAN_POINT('Ctrl Pts',(-5.87783576600168,0.207847187307124,79.8104916107381));
#7091=CARTESIAN_POINT('Ctrl Pts',(-5.26485926777562,-2.62171902306047,80.1271241610736));
#7092=CARTESIAN_POINT('Ctrl Pts',(-3.37613031507944,-4.8160043439517,80.4437567114092));
#7093=CARTESIAN_POINT('Ctrl Pts',(-0.669315575658429,-5.84330132763502,
80.7603892617447));
#7094=CARTESIAN_POINT('Ctrl Pts',(2.19968412351789,-5.45468087995104,81.0770218120803));
#7095=CARTESIAN_POINT('Ctrl Pts',(4.53566816607198,-3.74431142303114,81.3936543624159));
#7096=CARTESIAN_POINT('Ctrl Pts',(5.77259343018063,-1.12664050841229,81.7102869127515));
#7097=CARTESIAN_POINT('Ctrl Pts',(5.61073482132119,1.7640318903506,82.0269194630871));
#7098=CARTESIAN_POINT('Ctrl Pts',(4.08931304930323,4.22725354457932,82.3435520134226));
#7099=CARTESIAN_POINT('Ctrl Pts',(1.57699087626664,5.66614979695489,82.6601845637583));
#7100=CARTESIAN_POINT('Ctrl Pts',(-1.31745926615139,5.73205502654954,82.9768171140936));
#7101=CARTESIAN_POINT('Ctrl Pts',(-3.89266974669575,4.40899943167605,83.2934496644294));
#7102=CARTESIAN_POINT('Ctrl Pts',(-5.52462937641786,2.01757874656254,83.6100822147648));
#7103=CARTESIAN_POINT('Ctrl Pts',(-5.81789045247843,-0.862730797132292,
83.9267147651005));
#7104=CARTESIAN_POINT('Ctrl Pts',(-4.7013915241232,-3.53398804217878,84.2433473154361));
#7105=CARTESIAN_POINT('Ctrl Pts',(-2.44567662222131,-5.34890826289628,84.5599798657715));
#7106=CARTESIAN_POINT('Ctrl Pts',(0.402661518963707,-5.86770972752623,84.8766124161073));
#7107=CARTESIAN_POINT('Ctrl Pts',(3.15342888094812,-4.96467924826594,85.1932449664427));
#7108=CARTESIAN_POINT('Ctrl Pts',(5.14007427304626,-2.85863432654967,85.5098775167783));
#7109=CARTESIAN_POINT('Ctrl Pts',(5.88120444118892,-0.0599004699458663,
85.8265100671139));
#7110=CARTESIAN_POINT('Ctrl Pts',(5.19723269881892,2.7533481471996,86.1431426174494));
#7111=CARTESIAN_POINT('Ctrl Pts',(3.25389540938615,4.89942021163075,86.4597751677851));
#7112=CARTESIAN_POINT('Ctrl Pts',(0.522091639847928,5.85829105328175,86.7764077181205));
#7113=CARTESIAN_POINT('Ctrl Pts',(-2.3362225751016,5.39761223365903,87.0930402684561));
#7114=CARTESIAN_POINT('Ctrl Pts',(-4.62843586830065,3.6290129730256,87.4096728187918));
#7115=CARTESIAN_POINT('Ctrl Pts',(-5.79911141110189,0.981050756580906,87.7263053691272));
#7116=CARTESIAN_POINT('Ctrl Pts',(-5.56457738605369,-1.90463441635921,88.0429379194629));
#7117=CARTESIAN_POINT('Ctrl Pts',(-3.98166481994976,-4.32879879492388,88.3595704697984));
#7118=CARTESIAN_POINT('Ctrl Pts',(-1.43393659428609,-5.70403187131061,88.6762030201339));
#7119=CARTESIAN_POINT('Ctrl Pts',(1.46125545456314,-5.6970945438767,88.9928355704697));
#7120=CARTESIAN_POINT('Ctrl Pts',(4.00236392055632,-4.30966782859063,89.3094681208051));
#7121=CARTESIAN_POINT('Ctrl Pts',(5.57364103197091,-1.87794552426057,89.6261006711408));
#7122=CARTESIAN_POINT('Ctrl Pts',(5.79434334827297,1.00883046528393,89.9427332214762));
#7123=CARTESIAN_POINT('Ctrl Pts',(4.61099146813204,3.65115206834413,90.2593657718119));
#7124=CARTESIAN_POINT('Ctrl Pts',(2.31032887106179,5.4087460887805,90.5759983221474));
#7125=CARTESIAN_POINT('Ctrl Pts',(-0.550160224302598,5.85572177216059,90.892630872483));
#7126=CARTESIAN_POINT('Ctrl Pts',(-3.2773374454443,4.88377036868531,91.2092634228186));
#7127=CARTESIAN_POINT('Ctrl Pts',(-5.21036783805755,2.72840992841901,91.5258959731541));
#7128=CARTESIAN_POINT('Ctrl Pts',(-5.88084984713113,-0.088084169167603,
91.8425285234897));
#7129=CARTESIAN_POINT('Ctrl Pts',(-5.12631586902187,-2.8832341834084,92.1591610738253));
#7130=CARTESIAN_POINT('Ctrl Pts',(-3.12960052961347,-4.97973435741338,92.4757936241608));
#7131=CARTESIAN_POINT('Ctrl Pts',(-0.37453717858722,-5.86957201567678,92.7924261744965));
#7132=CARTESIAN_POINT('Ctrl Pts',(2.47128201235247,-5.33712647037555,93.109058724832));
#7133=CARTESIAN_POINT('Ctrl Pts',(4.71827340323232,-3.51141706974698,93.4256912751676));
#7134=CARTESIAN_POINT('Ctrl Pts',(5.82195809418248,-0.834839921747363,93.742323825503));
#7135=CARTESIAN_POINT('Ctrl Pts',(5.51489713159999,2.04403115759768,94.0589563758387));
#7136=CARTESIAN_POINT('Ctrl Pts',(3.87149588071171,4.42760357202317,94.3755889261742));
#7137=CARTESIAN_POINT('Ctrl Pts',(1.28997451661939,5.7383028407215,94.6922214765098));
#7138=CARTESIAN_POINT('Ctrl Pts',(-1.60412655228174,5.65852734813793,95.0088540268453));
#7139=CARTESIAN_POINT('Ctrl Pts',(-4.10952428035864,4.20760786368015,95.325486577181));
#7140=CARTESIAN_POINT('Ctrl Pts',(-5.61912413033051,1.73712341337554,95.6421191275165));
#7141=CARTESIAN_POINT('Ctrl Pts',(-5.76712796478904,-1.15429146367294,95.9587516778521));
#7142=CARTESIAN_POINT('Ctrl Pts',(-4.51767228853375,-3.76600462543187,96.2753842281876));
#7143=CARTESIAN_POINT('Ctrl Pts',(-2.17351849833941,-5.46515974905916,96.5920167785233));
#7144=CARTESIAN_POINT('Ctrl Pts',(0.697310634549166,-5.84002668010212,96.9086493288587));
#7145=CARTESIAN_POINT('Ctrl Pts',(3.39917119519136,-4.79976967480121,97.2252818791943));
#7146=CARTESIAN_POINT('Ctrl Pts',(5.2773628266427,-2.59645823023015,97.54191442953));
#7147=CARTESIAN_POINT('Ctrl Pts',(5.87677220831448,0.236013044010058,97.8585469798654));
#7148=CARTESIAN_POINT('Ctrl Pts',(5.05215367436693,3.0112949035159,98.175179530201));
#7149=CARTESIAN_POINT('Ctrl Pts',(3.00332436428651,5.05689593607018,98.4918120805367));
#7150=CARTESIAN_POINT('Ctrl Pts',(0.226745605562811,5.87713707307545,98.8084446308721));
#7151=CARTESIAN_POINT('Ctrl Pts',(-2.6047769319258,5.27326188238999,99.1250771812078));
#7152=CARTESIAN_POINT('Ctrl Pts',(-4.80512389657613,3.39159816073679,99.4417097315434));
#7153=CARTESIAN_POINT('Ctrl Pts',(-5.84111901565851,0.688100566976153,99.7583422818789));
#7154=CARTESIAN_POINT('Ctrl Pts',(-5.46172550950468,-2.18213386486393,100.074974832214));
#7155=CARTESIAN_POINT('Ctrl Pts',(-3.75887597727236,-4.52360532461053,100.39160738255));
#7156=CARTESIAN_POINT('Ctrl Pts',(-1.14519578268888,-5.76894100894363,100.708239932886));
#7157=CARTESIAN_POINT('Ctrl Pts',(1.74598211056176,-5.61637785542945,101.024872483221));
#7158=CARTESIAN_POINT('Ctrl Pts',(4.21408298508874,-4.10288414900366,101.341505033557));
#7159=CARTESIAN_POINT('Ctrl Pts',(5.66104987708499,-1.59520156548196,101.658137583892));
#7160=CARTESIAN_POINT('Ctrl Pts',(5.73626153152477,1.2990217039408,101.974770134228));
#7161=CARTESIAN_POINT('Ctrl Pts',(4.42149306377651,3.87847300265665,102.291402684563));
#7162=CARTESIAN_POINT('Ctrl Pts',(2.03533211587956,5.51811352940744,102.608035234899));
#7163=CARTESIAN_POINT('Ctrl Pts',(-0.84401959181372,5.82063438758995,102.924667785235));
#7164=CARTESIAN_POINT('Ctrl Pts',(-3.51885299975529,4.71273034572032,103.24130033557));
#7165=CARTESIAN_POINT('Ctrl Pts',(-5.34101682565617,2.46286276788165,103.557932885906));
#7166=CARTESIAN_POINT('Ctrl Pts',(-5.86897410620797,-0.38379250386161,103.874565436241));
#7167=CARTESIAN_POINT('Ctrl Pts',(-4.97479306541016,-3.13744923492113,104.191197986577));
#7168=CARTESIAN_POINT('Ctrl Pts',(-2.87514685624141,-5.13085609819701,104.507830536912));
#7169=CARTESIAN_POINT('Ctrl Pts',(-0.0788104845715099,-5.88098143619598,
104.824463087248));
#7170=CARTESIAN_POINT('Ctrl Pts',(2.73662282094146,-5.20605890105581,105.141095637584));
#7171=CARTESIAN_POINT('Ctrl Pts',(4.88893236507602,-3.26963210087497,105.457728187919));
#7172=CARTESIAN_POINT('Ctrl Pts',(5.85658204514568,-0.540925589926531,105.774360738255));
#7173=CARTESIAN_POINT('Ctrl Pts',(5.40509618162519,2.31885510818176,106.09099328859));
#7174=CARTESIAN_POINT('Ctrl Pts',(3.64387640697051,4.61674327595585,106.407625838926));
#7175=CARTESIAN_POINT('Ctrl Pts',(0.999692048925641,5.79592697958454,106.724258389262));
#7176=CARTESIAN_POINT('Ctrl Pts',(-1.88673232357428,5.57067274972579,107.040890939597));
#7177=CARTESIAN_POINT('Ctrl Pts',(-4.31597384078744,3.99556298298557,107.357523489933));
#7178=CARTESIAN_POINT('Ctrl Pts',(-5.69939172990819,1.45226982837369,107.674156040268));
#7179=CARTESIAN_POINT('Ctrl Pts',(-5.70176358938366,-1.44292956035595,107.990788590604));
#7180=CARTESIAN_POINT('Ctrl Pts',(-4.32251468294134,-3.98848599861137,108.307421140939));
#7181=CARTESIAN_POINT('Ctrl Pts',(-1.89585720663673,-5.56757390587261,108.624053691275));
#7182=CARTESIAN_POINT('Ctrl Pts',(0.990194217690848,-5.79755717149717,108.94068624161));
#7183=CARTESIAN_POINT('Ctrl Pts',(3.63630709103232,-4.62270748422201,109.257318791946));
#7184=CARTESIAN_POINT('Ctrl Pts',(5.40128953710595,-2.32770811795659,109.573951342281));
#7185=CARTESIAN_POINT('Ctrl Pts',(5.85746047754476,0.531328992695538,109.890583892617));
#7186=CARTESIAN_POINT('Ctrl Pts',(4.89428301772714,3.26161731171491,110.207216442953));
#7187=CARTESIAN_POINT('Ctrl Pts',(2.74514915167476,5.20156802154939,110.523848993288));
#7188=CARTESIAN_POINT('Ctrl Pts',(-0.0691745290293282,5.88110267043084,
110.840481543624));
#7189=CARTESIAN_POINT('Ctrl Pts',(-2.86673621185537,5.13556007284091,111.15711409396));
#7190=CARTESIAN_POINT('Ctrl Pts',(-4.96964574857054,3.14559610105664,111.473746644295));
#7191=CARTESIAN_POINT('Ctrl Pts',(-5.86833739883269,0.393408170667294,111.790379194631));
#7192=CARTESIAN_POINT('Ctrl Pts',(-5.34504498775897,-2.45410834544543,112.107011744966));
#7193=CARTESIAN_POINT('Ctrl Pts',(-3.52656999585602,-4.70695843567249,112.423644295302));
#7194=CARTESIAN_POINT('Ctrl Pts',(-0.853555386214422,-5.81924372189252,
112.740276845637));
#7195=CARTESIAN_POINT('Ctrl Pts',(2.02628799592567,-5.52144085862988,113.056909395973));
#7196=CARTESIAN_POINT('Ctrl Pts',(4.41513252169125,-3.88571252383346,113.373541946308));
#7197=CARTESIAN_POINT('Ctrl Pts',(5.73412505576115,-1.30841825704757,113.690174496644));
#7198=CARTESIAN_POINT('Ctrl Pts',(5.66365669977373,1.58592306081994,114.00680704698));
#7199=CARTESIAN_POINT('Ctrl Pts',(4.22079835970711,4.0959757058074,114.323439597315));
#7200=CARTESIAN_POINT('Ctrl Pts',(1.75518497341143,5.61350607620119,114.640072147651));
#7201=CARTESIAN_POINT('Ctrl Pts',(-1.13574779858718,5.77081664338909,114.956704697986));
#7202=CARTESIAN_POINT('Ctrl Pts',(-3.75144742124482,4.52974403358825,115.273337248322));
#7203=CARTESIAN_POINT('Ctrl Pts',(-5.45816625988139,2.1911080359192,115.589969798657));
#7204=CARTESIAN_POINT('Ctrl Pts',(-5.84219151599239,-0.678585757951965,
115.906602348993));
#7205=CARTESIAN_POINT('Ctrl Pts',(-4.8107694741092,-3.38360558231953,116.223234899329));
#7206=CARTESIAN_POINT('Ctrl Pts',(-2.61321676151489,-5.26923172637868,116.539867449664));
#7207=CARTESIAN_POINT('Ctrl Pts',(-0.726659571984491,-5.67419208848702,
116.750955816554));
#7208=CARTESIAN_POINT('Ctrl Pts',(0.208329638064823,-5.63965344785509,116.8565));
#7209=CARTESIAN_POINT('Ctrl Pts',(-4.17618398101932,6.73514709253395,114.574999999999));
#7210=CARTESIAN_POINT('Ctrl Pts',(-3.36587369259971,7.23648730919623,114.498459538484));
#7211=CARTESIAN_POINT('Ctrl Pts',(-2.46511571782307,7.59255637282918,114.421919076969));
#7212=CARTESIAN_POINT('Ctrl Pts',(-1.53048005417134,7.77650230989974,114.345378615455));
#7213=CARTESIAN_POINT('Ctrl Pts',(-0.241679908645494,8.03015146933709,114.23983443201));
#7214=CARTESIAN_POINT('Ctrl Pts',(1.11153719764723,7.95651594498967,114.134290248564));
#7215=CARTESIAN_POINT('Ctrl Pts',(2.36521039998862,7.56452768621603,114.028746065119));
#7216=CARTESIAN_POINT('Ctrl Pts',(3.61888360233002,7.17253942744239,113.923201881674));
#7217=CARTESIAN_POINT('Ctrl Pts',(4.77301290072008,6.46219843424252,113.817657698229));
#7218=CARTESIAN_POINT('Ctrl Pts',(5.6877714262043,5.5195624991876,113.712113514784));
#7219=CARTESIAN_POINT('Ctrl Pts',(6.60252995168857,4.57692656413262,113.606569331338));
#7220=CARTESIAN_POINT('Ctrl Pts',(7.27791770426695,3.40199568722255,113.501025147893));
#7221=CARTESIAN_POINT('Ctrl Pts',(7.63210435162613,2.13712394227626,113.395480964448));
#7222=CARTESIAN_POINT('Ctrl Pts',(7.82653259436256,1.4427815877846,113.337543235086));
#7223=CARTESIAN_POINT('Ctrl Pts',(7.92417064229265,0.721336605073967,113.279605505724));
#7224=CARTESIAN_POINT('Ctrl Pts',(7.92435759266333,-5.86853301381973E-5,
113.221667776362));
#7225=CARTESIAN_POINT('Origin',(0.,0.,19.5));
#7226=CARTESIAN_POINT('Origin',(0.,0.,119.5));
#7227=CARTESIAN_POINT('Origin',(0.,0.,13.));
#7228=CARTESIAN_POINT('',(20.,-2.44929359829471E-15,17.5));
#7229=CARTESIAN_POINT('Origin',(0.,0.,17.5));
#7230=CARTESIAN_POINT('',(11.,1.34711147906209E-15,8.5));
#7231=CARTESIAN_POINT('',(15.5,1.8982025386784E-15,13.));
#7232=CARTESIAN_POINT('',(-11.,-1.34711147906209E-15,8.5));
#7233=CARTESIAN_POINT('Origin',(0.,0.,8.5));
#7234=CARTESIAN_POINT('Origin',(0.,0.,8.5));
#7235=CARTESIAN_POINT('Origin',(0.,0.,8.5));
#7236=CARTESIAN_POINT('',(20.,2.44929359829471E-15,19.5));
#7237=CARTESIAN_POINT('Origin',(0.,0.,19.5));
#7238=CARTESIAN_POINT('',(20.,2.44929359829471E-15,8.5));
#7239=CARTESIAN_POINT('Origin',(0.,0.,19.5));
#7240=CARTESIAN_POINT('Origin',(0.,0.,0.));
#7241=CARTESIAN_POINT('',(-11.,-1.34711147906209E-15,0.));
#7242=CARTESIAN_POINT('',(-11.,-1.34711147906209E-15,0.));
#7243=CARTESIAN_POINT('Origin',(0.,0.,0.));
#7244=CARTESIAN_POINT('Origin',(0.,0.,0.));
#7245=UNCERTAINTY_MEASURE_WITH_UNIT(LENGTH_MEASURE(0.01),#7249,
'DISTANCE_ACCURACY_VALUE',
'Maximum model space distance between geometric entities at asserted c
onnectivities');
#7246=UNCERTAINTY_MEASURE_WITH_UNIT(LENGTH_MEASURE(0.01),#7249,
'DISTANCE_ACCURACY_VALUE',
'Maximum model space distance between geometric entities at asserted c
onnectivities');
#7247=(
GEOMETRIC_REPRESENTATION_CONTEXT(3)
GLOBAL_UNCERTAINTY_ASSIGNED_CONTEXT((#7245))
GLOBAL_UNIT_ASSIGNED_CONTEXT((#7249,#7251,#7252))
REPRESENTATION_CONTEXT('','3D')
);
#7248=(
GEOMETRIC_REPRESENTATION_CONTEXT(3)
GLOBAL_UNCERTAINTY_ASSIGNED_CONTEXT((#7246))
GLOBAL_UNIT_ASSIGNED_CONTEXT((#7249,#7251,#7252))
REPRESENTATION_CONTEXT('','3D')
);
#7249=(
LENGTH_UNIT()
NAMED_UNIT(*)
SI_UNIT(.MILLI.,.METRE.)
);
#7250=(
LENGTH_UNIT()
NAMED_UNIT(*)
SI_UNIT($,.METRE.)
);
#7251=(
NAMED_UNIT(*)
PLANE_ANGLE_UNIT()
SI_UNIT($,.RADIAN.)
);
#7252=(
NAMED_UNIT(*)
SI_UNIT($,.STERADIAN.)
SOLID_ANGLE_UNIT()
);
#7253=SHAPE_DEFINITION_REPRESENTATION(#7254,#7255);
#7254=PRODUCT_DEFINITION_SHAPE('',$,#7257);
#7255=SHAPE_REPRESENTATION('',(#1103),#7247);
#7256=PRODUCT_DEFINITION_CONTEXT('part definition',#7261,'design');
#7257=PRODUCT_DEFINITION('Spulenschraube','Spulenschraube v4',#7258,#7256);
#7258=PRODUCT_DEFINITION_FORMATION('',$,#7263);
#7259=PRODUCT_RELATED_PRODUCT_CATEGORY('Spulenschraube v4',
'Spulenschraube v4',(#7263));
#7260=APPLICATION_PROTOCOL_DEFINITION('international standard',
'automotive_design',2009,#7261);
#7261=APPLICATION_CONTEXT(
'Core Data for Automotive Mechanical Design Process');
#7262=PRODUCT_CONTEXT('part definition',#7261,'mechanical');
#7263=PRODUCT('Spulenschraube','Spulenschraube v4',$,(#7262));
#7264=PRESENTATION_STYLE_ASSIGNMENT((#7265));
#7265=SURFACE_STYLE_USAGE(.BOTH.,#7266);
#7266=SURFACE_SIDE_STYLE('',(#7267));
#7267=SURFACE_STYLE_FILL_AREA(#7268);
#7268=FILL_AREA_STYLE('Stahl - satiniert',(#7269));
#7269=FILL_AREA_STYLE_COLOUR('Stahl - satiniert',#7270);
#7270=COLOUR_RGB('Stahl - satiniert',0.627450980392157,0.627450980392157,
0.627450980392157);
ENDSEC;
END-ISO-10303-21;
